country,state,city,station,last_update,latitude,longitude,pollutant_id,pollutant_min,pollutant_max,pollutant_avg
India,Andhra Pradesh,Vijayawada,"Rajiv Nagar, Vijayawada - APPCB",06-04-2025,16.554731,80.64911,NO2,18,27,23
India,Andhra Pradesh,Visakhapatnam,"GVM Corporation, Visakhapatnam - APPCB",06-04-2025,17.72,83.3,SO2,7,12,9
India,Arunachal Pradesh,Naharlagun,"Naharlagun, Naharlagun - APSPCB",06-04-2025,27.103358,93.679645,PM2.5,NA,NA,NA
India,Arunachal Pradesh,Naharlagun,"Naharlagun, Naharlagun - APSPCB",06-04-2025,27.103358,93.679645,OZONE,NA,NA,NA
India,Assam,Byrnihat,"Central Academy for SFS, Byrnihat - PCBA",06-04-2025,26.071318,91.87488,PM10,NA,NA,NA
India,Assam,Byrnihat,"Central Academy for SFS, Byrnihat - PCBA",06-04-2025,26.071318,91.87488,NO2,NA,NA,NA
India,Assam,Byrnihat,"Central Academy for SFS, Byrnihat - PCBA",06-04-2025,26.071318,91.87488,CO,43,64,56
India,Assam,Guwahati,"IITG, Guwahati - PCBA",06-04-2025,26.2028636,91.70046436,PM2.5,51,308,126
India,Assam,Guwahati,"IITG, Guwahati - PCBA",06-04-2025,26.2028636,91.70046436,PM10,60,288,153
India,Andhra Pradesh,Vijayawada,"HB Colony, Vijayawada - APPCB",06-04-2025,16.536107,80.594233,NH3,3,7,4
India,Andhra Pradesh,Vijayawada,"HB Colony, Vijayawada - APPCB",06-04-2025,16.536107,80.594233,SO2,5,8,7
India,Andhra Pradesh,Vijayawada,"HB Colony, Vijayawada - APPCB",06-04-2025,16.536107,80.594233,OZONE,1,26,2
India,Andhra Pradesh,Vijayawada,"Kanuru, Vijayawada - APPCB",06-04-2025,16.486692,80.699436,NO2,26,127,62
India,Andhra Pradesh,Vijayawada,"Kanuru, Vijayawada - APPCB",06-04-2025,16.486692,80.699436,NH3,4,7,5
India,Andhra Pradesh,Vijayawada,"Kanuru, Vijayawada - APPCB",06-04-2025,16.486692,80.699436,SO2,17,18,18
India,Assam,Guwahati,"LGBI Airport, Guwahati - PCBA",06-04-2025,26.10887,91.589544,SO2,7,14,11
India,Assam,Guwahati,"Pan Bazaar, Guwahati - PCBA",06-04-2025,26.1875,91.744194,PM2.5,48,309,156
India,Assam,Guwahati,"Pan Bazaar, Guwahati - PCBA",06-04-2025,26.1875,91.744194,PM10,47,139,97
India,Assam,Guwahati,"Pan Bazaar, Guwahati - PCBA",06-04-2025,26.1875,91.744194,CO,28,98,35
India,Assam,Guwahati,"Railway Colony, Guwahati - PCBA",06-04-2025,26.181742,91.78063,NO2,3,4,3
India,Assam,Guwahati,"Railway Colony, Guwahati - PCBA",06-04-2025,26.181742,91.78063,CO,30,104,37
India,Assam,Nagaon,"Christianpatty, Nagaon - PCBA",06-04-2025,26.349082,92.68449,PM10,59,149,91
India,Andhra Pradesh,Amaravati,"Secretariat, Amaravati - APPCB",06-04-2025,16.5150833,80.5181667,PM10,27,100,43
India,Andhra Pradesh,Anantapur,"Gulzarpet, Anantapur - APPCB",06-04-2025,14.675886,77.593027,CO,3,14,11
India,Andhra Pradesh,Vijayawada,"Rajiv Gandhi Park, Vijayawada - APPCB",06-04-2025,16.509717,80.612222,CO,30,44,31
India,Andhra Pradesh,Vijayawada,"Rajiv Gandhi Park, Vijayawada - APPCB",06-04-2025,16.509717,80.612222,OZONE,6,26,7
India,Andhra Pradesh,Tirumala,"Toll Gate, Tirumala - APPCB (Formerly known as Tirumala, Tirupati - APPCB)",06-04-2025,13.67,79.35,PM10,22,89,53
India,Assam,Guwahati,"IITG, Guwahati - PCBA",06-04-2025,26.2028636,91.70046436,CO,8,26,14
India,Assam,Guwahati,"IITG, Guwahati - PCBA",06-04-2025,26.2028636,91.70046436,OZONE,1,87,18
India,Andaman and Nicobar,Sri Vijaya Puram,"Police Line, Sri Vijaya Puram - ANPCC",06-04-2025,11.654054,92.734055,PM2.5,2,11,4
India,Andaman and Nicobar,Sri Vijaya Puram,"Police Line, Sri Vijaya Puram - ANPCC",06-04-2025,11.654054,92.734055,SO2,2,42,24
India,Bihar,Bettiah,"Kamalnath Nagar, Bettiah - BSPCB",06-04-2025,26.80365,84.51954,NH3,3,5,5
India,Bihar,Bettiah,"Kamalnath Nagar, Bettiah - BSPCB",06-04-2025,26.80365,84.51954,SO2,7,25,18
India,Bihar,Bettiah,"Kamalnath Nagar, Bettiah - BSPCB",06-04-2025,26.80365,84.51954,CO,30,82,76
India,Bihar,Bhagalpur,"DM Office_Kachari Chowk, Bhagalpur - BSPCB",06-04-2025,25.251013,86.989001,PM10,40,103,62
India,Bihar,Buxar,"Charitra Van, Buxar - BSPCB",06-04-2025,25.56752,83.966379,CO,NA,NA,NA
India,Bihar,Chhapra,"Darshan Nagar, Chhapra - BSPCB",06-04-2025,25.7808257,84.7446768,NO2,4,81,22
India,Bihar,Chhapra,"Darshan Nagar, Chhapra - BSPCB",06-04-2025,25.7808257,84.7446768,CO,6,29,14
India,Bihar,Gaya,"SFTI Kusdihra, Gaya - BSPCB",06-04-2025,24.762518,84.982348,NO2,17,25,22
India,Bihar,Hajipur,"Industrial Area, Hajipur - BSPCB",06-04-2025,25.697189,85.2459,PM2.5,186,330,280
India,Bihar,Bihar Sharif,"D M Colony, Bihar Sharif - BSPCB",06-04-2025,25.204762,85.51496,CO,NA,NA,NA
India,Bihar,Buxar,"Charitra Van, Buxar - BSPCB",06-04-2025,25.56752,83.966379,PM10,77,189,128
India,Assam,Nalbari,"Bata Chowk, Nalbari - PCBA",06-04-2025,26.446912,91.439057,PM2.5,82,280,175
India,Assam,Nalbari,"Bata Chowk, Nalbari - PCBA",06-04-2025,26.446912,91.439057,NO2,1,6,3
India,Bihar,Bhagalpur,"Mayaganj, Bhagalpur - BSPCB",06-04-2025,25.265194,87.012947,NH3,3,8,6
India,Bihar,Bhagalpur,"Mayaganj, Bhagalpur - BSPCB",06-04-2025,25.265194,87.012947,SO2,44,110,81
India,Bihar,Araria,"Kharahiya Basti, Araria - BSPCB",06-04-2025,26.146529,87.454184,NH3,10,12,11
India,Bihar,Araria,"Kharahiya Basti, Araria - BSPCB",06-04-2025,26.146529,87.454184,OZONE,9,11,10
India,Bihar,Katihar,"Mirchaibari, Katihar - BSPCB",06-04-2025,25.560083,87.553265,NO2,13,15,14
India,Assam,Silchar,"Tarapur, Silchar - PCBA",06-04-2025,24.82827,92.79525,NH3,1,2,1
India,Bihar,Samastipur,"DM Office_Kasipur, Samastipur - BSPCB",06-04-2025,25.859655,85.77944,PM2.5,12,257,80
India,Bihar,Samastipur,"DM Office_Kasipur, Samastipur - BSPCB",06-04-2025,25.859655,85.77944,PM10,72,240,128
India,Bihar,Samastipur,"DM Office_Kasipur, Samastipur - BSPCB",06-04-2025,25.859655,85.77944,NH3,2,2,2
India,Bihar,Sasaram,"Dada Peer, Sasaram - BSPCB",06-04-2025,24.952822,84.002396,CO,46,55,51
India,Bihar,Siwan,"Chitragupta Nagar, Siwan - BSPCB",06-04-2025,26.2271665,84.3570427,PM10,29,198,109
India,Bihar,Siwan,"Chitragupta Nagar, Siwan - BSPCB",06-04-2025,26.2271665,84.3570427,NO2,4,12,7
India,Bihar,Siwan,"Chitragupta Nagar, Siwan - BSPCB",06-04-2025,26.2271665,84.3570427,NH3,1,3,1
India,Bihar,Patna,"Samanpura, Patna - BSPCB",06-04-2025,25.596727,85.085624,SO2,4,9,6
India,Bihar,Purnia,"Mariam Nagar, Purnia - BSPCB",06-04-2025,25.366336,87.117468,PM2.5,43,301,171
India,Bihar,Rajgir,"Dangi Tola, Rajgir - BSPCB",06-04-2025,25.0328,85.41948,PM10,42,199,78
India,Bihar,Saharsa,"Police Line, Saharsa - BSPCB",06-04-2025,25.892357,86.590325,NO2,5,8,7
India,Bihar,Saharsa,"Police Line, Saharsa - BSPCB",06-04-2025,25.892357,86.590325,CO,4,74,15
India,Bihar,Manguraha,"Forest Rest House, Manguraha - BSPCB",06-04-2025,27.308328,84.531742,NH3,1,2,1
India,Bihar,Munger,"Town Hall, Munger - BSPCB",06-04-2025,25.376776,86.471523,PM2.5,62,267,125
India,Bihar,Munger,"Town Hall, Munger - BSPCB",06-04-2025,25.376776,86.471523,CO,18,64,21
India,Bihar,Muzaffarpur,"Buddha Colony, Muzaffarpur - BSPCB",06-04-2025,26.11442,85.39813,PM10,126,333,179
India,Bihar,Muzaffarpur,"Buddha Colony, Muzaffarpur - BSPCB",06-04-2025,26.11442,85.39813,NO2,7,54,25
India,Bihar,Muzaffarpur,"Muzaffarpur Collectorate, Muzaffarpur - BSPCB",06-04-2025,26.1209,85.3647,PM2.5,18,75,46
India,Bihar,Muzaffarpur,"Muzaffarpur Collectorate, Muzaffarpur - BSPCB",06-04-2025,26.1209,85.3647,SO2,4,5,4
India,Bihar,Patna,"DRM Office Danapur, Patna - BSPCB",06-04-2025,25.586562,85.043586,NO2,27,35,32
India,Bihar,Patna,"Govt. High School Shikarpur, Patna - BSPCB",06-04-2025,25.592539,85.227158,PM10,118,416,196
India,Bihar,Katihar,"Mirchaibari, Katihar - BSPCB",06-04-2025,25.560083,87.553265,CO,5,26,18
India,Bihar,Kishanganj,"SDM Office_Khagra, Kishanganj - BSPCB",06-04-2025,26.0881305,87.93840336,NO2,4,8,5
India,Bihar,Patna,"Rajbansi Nagar, Patna - BSPCB",06-04-2025,25.599486,85.113666,PM2.5,91,198,121
India,Bihar,Patna,"Samanpura, Patna - BSPCB",06-04-2025,25.596727,85.085624,PM10,NA,NA,NA
India,Chandigarh,Chandigarh,"Sector 22, Chandigarh - CPCC",06-04-2025,30.735567,76.775714,CO,40,81,52
India,Chandigarh,Chandigarh,"Sector 22, Chandigarh - CPCC",06-04-2025,30.735567,76.775714,OZONE,51,208,70
India,Bihar,Patna,"IGSC Planetarium Complex, Patna - BSPCB",06-04-2025,25.610369,85.132568,SO2,2,31,22
India,Bihar,Patna,"Muradpur, Patna - BSPCB",06-04-2025,25.619651,85.147382,SO2,5,8,7
India,Chhattisgarh,Bhilai,"Hathkhoj, Bhilai - CECB",06-04-2025,21.224231,81.40835,SO2,7,45,17
India,Chhattisgarh,Bilaspur,"Mangala, Bilaspur - NTPC",06-04-2025,22.08815,82.13737,PM2.5,44,98,71
India,Chhattisgarh,Bilaspur,"Mangala, Bilaspur - NTPC",06-04-2025,22.08815,82.13737,SO2,16,23,17
India,Chhattisgarh,Chhal,"Nawapara SECL Colony, Chhal - CECB",06-04-2025,22.118125,83.140608,PM2.5,36,205,62
India,Chhattisgarh,Korba,"Rampur, Korba - CECB",06-04-2025,22.368195,82.746431,SO2,15,22,19
India,Chhattisgarh,Korba,"Urja Nagar, Korba - CECB",06-04-2025,22.348441,82.549611,PM2.5,39,347,168
India,Chhattisgarh,Korba,"Urja Nagar, Korba - CECB",06-04-2025,22.348441,82.549611,SO2,7,11,9
India,Chhattisgarh,Korba,"Urja Nagar, Korba - CECB",06-04-2025,22.348441,82.549611,CO,39,114,93
India,Chandigarh,Chandigarh,"Sector-53, Chandigarh - CPCC",06-04-2025,30.719859,76.738637,PM10,NA,NA,NA
India,Chandigarh,Chandigarh,"Sector-53, Chandigarh - CPCC",06-04-2025,30.719859,76.738637,NO2,NA,NA,NA
India,Chandigarh,Chandigarh,"Sector-53, Chandigarh - CPCC",06-04-2025,30.719859,76.738637,SO2,NA,NA,NA
India,Chhattisgarh,Chhal,"Nawapara SECL Colony, Chhal - CECB",06-04-2025,22.118125,83.140608,CO,30,72,42
India,Chhattisgarh,Chhal,"Nawapara SECL Colony, Chhal - CECB",06-04-2025,22.118125,83.140608,OZONE,21,86,24
India,Chhattisgarh,Bhilai,"32Bungalows, Bhilai - CECB",06-04-2025,21.194815,81.31477,NO2,7,39,18
India,Chhattisgarh,Bhilai,"32Bungalows, Bhilai - CECB",06-04-2025,21.194815,81.31477,CO,10,46,28
India,Chhattisgarh,Milupara,"Govt. Higher Secondary School, Milupara - CECB",06-04-2025,22.1910172,83.5197009,NH3,1,3,2
India,Chhattisgarh,Bhilai,"Civic Center, Bhilai - Bhilai Steel Plant",06-04-2025,21.185571,81.343175,PM10,28,71,45
India,Chhattisgarh,Kunjemura,"OP Jindal School, Kunjemura - CECB",06-04-2025,22.12665,83.483212,PM10,62,113,93
India,Chhattisgarh,Bhilai,"32Bungalows, Bhilai - CECB",06-04-2025,21.194815,81.31477,OZONE,18,35,22
India,Chhattisgarh,Tumidih,"OP Jindal Industrial Park, Tumidih - CECB",06-04-2025,22.06631475,83.33820077,SO2,6,17,7
India,Delhi,Delhi,"Alipur, Delhi - DPCC",06-04-2025,28.815329,77.15301,PM10,101,428,215
India,Chhattisgarh,Raipur,"Bhatagaon New ISBT, Raipur - CECB",06-04-2025,21.219665,81.630094,SO2,3,10,6
India,Chhattisgarh,Raipur,"Krishak Nagar, Raipur - CECB",06-04-2025,21.237755,81.705301,PM10,32,76,50
India,Chhattisgarh,Raipur,"Krishak Nagar, Raipur - CECB",06-04-2025,21.237755,81.705301,NH3,7,7,7
India,Delhi,Delhi,"Ashok Vihar, Delhi - DPCC",06-04-2025,28.695381,77.181665,CO,32,72,41
India,Delhi,Delhi,"Bawana, Delhi - DPCC",06-04-2025,28.7762,77.051074,PM2.5,42,435,247
India,Chhattisgarh,Raipur,"Siltara Phase-II, Raipur - CECB",06-04-2025,21.371751,81.664929,PM10,75,156,110
India,Chhattisgarh,Raipur,"Siltara Phase-II, Raipur - CECB",06-04-2025,21.371751,81.664929,NH3,3,3,3
India,Delhi,Delhi,"CRRI Mathura Road, Delhi - IMD",06-04-2025,28.5512005,77.2735737,CO,38,127,97
India,Delhi,Delhi,"CRRI Mathura Road, Delhi - IMD",06-04-2025,28.5512005,77.2735737,OZONE,26,189,32
India,Delhi,Delhi,"Burari Crossing, Delhi - IMD",06-04-2025,28.7256504,77.2011573,PM2.5,33,398,192
India,Delhi,Delhi,"Burari Crossing, Delhi - IMD",06-04-2025,28.7256504,77.2011573,PM10,78,329,168
India,Chhattisgarh,Raipur,"AIIMS, Raipur - CECB",06-04-2025,21.258815,81.578979,PM2.5,20,57,29
India,Chhattisgarh,Raipur,"AIIMS, Raipur - CECB",06-04-2025,21.258815,81.578979,NO2,39,59,50
India,Chhattisgarh,Raipur,"Siltara Phase-II, Raipur - CECB",06-04-2025,21.371751,81.664929,CO,10,39,28
India,Chhattisgarh,Raipur,"AIIMS, Raipur - CECB",06-04-2025,21.258815,81.578979,SO2,4,10,7
India,Delhi,Delhi,"Jahangirpuri, Delhi - DPCC",06-04-2025,28.73282,77.170633,PM2.5,57,434,253
India,Delhi,Delhi,"Lodhi Road, Delhi - IITM",06-04-2025,28.588333,77.221667,PM10,100,192,142
India,Delhi,Delhi,"Lodhi Road, Delhi - IMD",06-04-2025,28.5918245,77.2273074,PM2.5,NA,NA,NA
India,Delhi,Delhi,"Major Dhyan Chand National Stadium, Delhi - DPCC",06-04-2025,28.611281,77.237738,PM10,79,228,147
India,Delhi,Delhi,"Major Dhyan Chand National Stadium, Delhi - DPCC",06-04-2025,28.611281,77.237738,SO2,13,53,25
India,Delhi,Delhi,"Major Dhyan Chand National Stadium, Delhi - DPCC",06-04-2025,28.611281,77.237738,CO,2,108,33
India,Delhi,Delhi,"Narela, Delhi - DPCC",06-04-2025,28.822836,77.101981,NH3,7,9,8
India,Delhi,Delhi,"Nehru Nagar, Delhi - DPCC",06-04-2025,28.56789,77.250515,PM2.5,30,325,172
India,Delhi,Delhi,"Nehru Nagar, Delhi - DPCC",06-04-2025,28.56789,77.250515,SO2,13,42,26
India,Delhi,Delhi,"North Campus, DU, Delhi - IMD",06-04-2025,28.6573814,77.1585447,PM2.5,60,358,159
India,Delhi,Delhi,"North Campus, DU, Delhi - IMD",06-04-2025,28.6573814,77.1585447,CO,106,140,118
India,Delhi,Delhi,"Chandni Chowk, Delhi - IITM",06-04-2025,28.656756,77.227234,CO,116,166,122
India,Delhi,Delhi,"DTU, Delhi - CPCB",06-04-2025,28.7500499,77.1112615,PM2.5,2,304,107
India,Delhi,Delhi,"DTU, Delhi - CPCB",06-04-2025,28.7500499,77.1112615,CO,16,49,39
India,Delhi,Delhi,"Dr. Karni Singh Shooting Range, Delhi - DPCC",06-04-2025,28.498571,77.26484,PM2.5,38,331,165
India,Delhi,Delhi,"Dr. Karni Singh Shooting Range, Delhi - DPCC",06-04-2025,28.498571,77.26484,NH3,1,8,6
India,Delhi,Delhi,"Dr. Karni Singh Shooting Range, Delhi - DPCC",06-04-2025,28.498571,77.26484,CO,24,114,48
India,Delhi,Delhi,"Dwarka-Sector 8, Delhi - DPCC ",06-04-2025,28.5710274,77.0719006,PM2.5,48,378,198
India,Delhi,Delhi,"Dwarka-Sector 8, Delhi - DPCC ",06-04-2025,28.5710274,77.0719006,NO2,13,76,34
India,Delhi,Delhi,"IGI Airport (T3), Delhi - IMD",06-04-2025,28.5627763,77.1180053,NO2,67,139,104
India,Delhi,Delhi,"IGI Airport (T3), Delhi - IMD",06-04-2025,28.5627763,77.1180053,CO,32,68,63
India,Delhi,Delhi,"ITO, Delhi - CPCB",06-04-2025,28.628624,77.24106,SO2,11,28,17
India,Delhi,Delhi,"ITO, Delhi - CPCB",06-04-2025,28.628624,77.24106,CO,16,71,45
India,Delhi,Delhi,"NSIT Dwarka, Delhi - CPCB",06-04-2025,28.60909,77.0325413,CO,12,94,80
India,Delhi,Delhi,"Najafgarh, Delhi - DPCC",06-04-2025,28.570173,76.933762,NO2,59,127,91
India,Delhi,Delhi,"Mandir Marg, Delhi - DPCC",06-04-2025,28.636429,77.201067,CO,14,38,28
India,Delhi,Delhi,"Mandir Marg, Delhi - DPCC",06-04-2025,28.636429,77.201067,OZONE,5,32,9
India,Delhi,Delhi,"Mundka, Delhi - DPCC",06-04-2025,28.684678,77.076574,NH3,6,8,7
India,Delhi,Delhi,"Mundka, Delhi - DPCC",06-04-2025,28.684678,77.076574,CO,12,58,45
India,Delhi,Delhi,"Punjabi Bagh, Delhi - DPCC",06-04-2025,28.674045,77.131023,SO2,NA,NA,NA
India,Delhi,Delhi,"Sonia Vihar, Delhi - DPCC",06-04-2025,28.710508,77.249485,PM10,75,443,171
India,Delhi,Delhi,"Sonia Vihar, Delhi - DPCC",06-04-2025,28.710508,77.249485,SO2,12,46,21
India,Delhi,Delhi,"Sri Aurobindo Marg, Delhi - DPCC",06-04-2025,28.531346,77.190156,NO2,8,97,49
India,Delhi,Delhi,"Sri Aurobindo Marg, Delhi - DPCC",06-04-2025,28.531346,77.190156,SO2,29,49,36
India,Delhi,Delhi,"Sri Aurobindo Marg, Delhi - DPCC",06-04-2025,28.531346,77.190156,OZONE,8,181,19
India,Delhi,Delhi,"Vivek Vihar, Delhi - DPCC",06-04-2025,28.672342,77.31526,CO,32,92,50
India,Delhi,Delhi,"Wazirpur, Delhi - DPCC",06-04-2025,28.699793,77.165453,NO2,52,235,129
India,Gujarat,Ahmedabad,"Raikhad, Ahmedabad - IITM",06-04-2025,23.020509,72.579261,OZONE,4,48,8
India,Gujarat,Ahmedabad,"Rakhial, Ahmedabad - IITM",06-04-2025,23.016834,72.625775,CO,2,146,20
India,Gujarat,Ahmedabad,"SAC ISRO Bopal, Ahmedabad - IITM",06-04-2025,23.041137,72.456691,PM2.5,74,305,136
India,Gujarat,Ahmedabad,"SAC ISRO Bopal, Ahmedabad - IITM",06-04-2025,23.041137,72.456691,PM10,65,157,100
India,Gujarat,Ahmedabad,"SAC ISRO Bopal, Ahmedabad - IITM",06-04-2025,23.041137,72.456691,NO2,8,23,15
India,Delhi,Delhi,"Punjabi Bagh, Delhi - DPCC",06-04-2025,28.674045,77.131023,OZONE,1,128,14
India,Delhi,Delhi,"Pusa, Delhi - DPCC",06-04-2025,28.639652,77.146275,NO2,73,155,94
India,Delhi,Delhi,"Pusa, Delhi - DPCC",06-04-2025,28.639652,77.146275,OZONE,1,39,2
India,Delhi,Delhi,"Pusa, Delhi - IMD",06-04-2025,28.63611,77.173332,PM10,NA,NA,NA
India,Delhi,Delhi,"R K Puram, Delhi - DPCC",06-04-2025,28.563262,77.186937,OZONE,8,17,14
India,Delhi,Delhi,"Rohini, Delhi - DPCC",06-04-2025,28.732528,77.11992,CO,16,104,70
India,Delhi,Delhi,"Shadipur, Delhi - CPCB",06-04-2025,28.6514781,77.1473105,PM2.5,142,351,288
India,Delhi,Delhi,"Shadipur, Delhi - CPCB",06-04-2025,28.6514781,77.1473105,NO2,52,90,70
India,Delhi,Delhi,"Sirifort, Delhi - CPCB",06-04-2025,28.5504249,77.2159377,NO2,43,48,44
India,Gujarat,Ahmedabad,"Chandkheda, Ahmedabad - IITM",06-04-2025,23.107969,72.574648,CO,29,114,39
India,Gujarat,Ahmedabad,"Gyaspur, Ahmedabad - IITM",06-04-2025,22.977134,72.553024,PM2.5,65,379,212
India,Gujarat,Ahmedabad,"Gyaspur, Ahmedabad - IITM",06-04-2025,22.977134,72.553024,NO2,8,105,40
India,Delhi,Delhi,"Wazirpur, Delhi - DPCC",06-04-2025,28.699793,77.165453,CO,45,94,68
India,Gujarat,Ahmedabad,"Chandkheda, Ahmedabad - IITM",06-04-2025,23.107969,72.574648,SO2,10,41,18
India,Gujarat,Ahmedabad,"Raikhad, Ahmedabad - IITM",06-04-2025,23.020509,72.579261,PM10,8,146,76
India,Gujarat,Ahmedabad,"Raikhad, Ahmedabad - IITM",06-04-2025,23.020509,72.579261,NO2,9,97,30
India,Gujarat,Ahmedabad,"Maninagar, Ahmedabad - GPCB",06-04-2025,23.002657,72.591912,OZONE,8,90,24
India,Gujarat,Ahmedabad,"Gyaspur, Ahmedabad - IITM",06-04-2025,22.977134,72.553024,CO,1,80,9
India,Gujarat,Nandesari,"GIDC, Nandesari - Nandesari Ind. Association",06-04-2025,22.410802,73.097923,SO2,NA,NA,NA
India,Gujarat,Surat,"Science Center, Surat - SMC",06-04-2025,21.170046,72.795405,NO2,15,48,22
India,Gujarat,Surat,"Science Center, Surat - SMC",06-04-2025,21.170046,72.795405,CO,48,114,71
India,Gujarat,Ahmedabad,"SVPI Airport Hansol, Ahmedabad - IITM",06-04-2025,23.076793,72.627874,OZONE,1,55,11
India,Gujarat,Ahmedabad,"Sardar Vallabhbhai Patel Stadium, Ahmedabad - IITM",06-04-2025,23.04307,72.562968,OZONE,5,113,41
India,Gujarat,Ankleshwar,"GIDC, Ankleshwar - GPCB",06-04-2025,21.613267,73.010555,SO2,44,45,45
India,Gujarat,Ankleshwar,"GIDC, Ankleshwar - GPCB",06-04-2025,21.613267,73.010555,CO,6,76,28
India,Gujarat,Ankleshwar,"GIDC, Ankleshwar - GPCB",06-04-2025,21.613267,73.010555,OZONE,28,38,32
India,Gujarat,Vatva,"Phase-4 GIDC, Vatva - GPCB",06-04-2025,22.969611,72.6435,PM10,43,200,107
India,Gujarat,Vatva,"Phase-4 GIDC, Vatva - GPCB",06-04-2025,22.969611,72.6435,NO2,33,69,47
India,Gujarat,Gandhinagar,"GIFT City, Gandhinagar - IITM",06-04-2025,23.163798,72.677768,PM2.5,75,379,146
India,Gujarat,Gandhinagar,"GIFT City, Gandhinagar - IITM",06-04-2025,23.163798,72.677768,PM10,68,304,115
India,Himachal Pradesh,Baddi,"HIMUDA Complex Phase-1, Baddi - HPPCB",06-04-2025,30.943887,76.801991,NH3,5,8,7
India,Gujarat,Gandhinagar,"IIPHG Lekawada, Gandhinagar - IITM",06-04-2025,23.243639,72.68994,PM10,87,174,117
India,Haryana,Panchgaon,"Amity University, Panchgaon - IITM",06-04-2025,28.3153,76.9143,PM2.5,26,52,38
India,Haryana,Gurugram,"NISE Gwal Pahari, Gurugram - IMD",06-04-2025,28.422681,77.148944,CO,18,42,38
India,Karnataka,Bengaluru,"Sanegurava Halli, Bengaluru - KSPCB",06-04-2025,12.990328,77.5431385,PM10,38,39,39
India,Karnataka,Bengaluru,"Sanegurava Halli, Bengaluru - KSPCB",06-04-2025,12.990328,77.5431385,CO,22,61,31
India,Karnataka,Bengaluru,"Shivapura_Peenya, Bengaluru - KSPCB",06-04-2025,13.0246342,77.5080115,PM2.5,36,54,43
India,Karnataka,Bengaluru,"Shivapura_Peenya, Bengaluru - KSPCB",06-04-2025,13.0246342,77.5080115,NO2,8,10,8
India,Karnataka,Bengaluru,"Silk Board, Bengaluru - KSPCB",06-04-2025,12.917348,77.622813,PM10,41,133,96
India,Karnataka,Bengaluru,"Bapuji Nagar, Bengaluru - KSPCB",06-04-2025,12.951913,77.539784,NH3,1,2,1
India,Karnataka,Bengaluru,"Bapuji Nagar, Bengaluru - KSPCB",06-04-2025,12.951913,77.539784,OZONE,27,70,45
India,Karnataka,Bengaluru,"City Railway Station, Bengaluru - KSPCB",06-04-2025,12.9756843,77.5660749,NO2,30,35,33
India,Karnataka,Belgaum,"Ramteerth Nagar, Belgaum - KSPCB",06-04-2025,15.888653,74.541751,NO2,63,121,90
India,Karnataka,Belgaum,"Ramteerth Nagar, Belgaum - KSPCB",06-04-2025,15.888653,74.541751,SO2,14,15,15
India,Karnataka,Bengaluru,"BTM Layout, Bengaluru - CPCB",06-04-2025,12.9135218,77.5950804,PM2.5,23,50,32
India,Karnataka,Bengaluru,"BTM Layout, Bengaluru - CPCB",06-04-2025,12.9135218,77.5950804,OZONE,29,30,30
India,Karnataka,Bengaluru,"Bapuji Nagar, Bengaluru - KSPCB",06-04-2025,12.951913,77.539784,PM2.5,29,95,51
India,Karnataka,Bengaluru,"Hebbal, Bengaluru - KSPCB",06-04-2025,13.029152,77.585901,OZONE,6,28,7
India,Karnataka,Bengaluru,"Hombegowda Nagar, Bengaluru - KSPCB",06-04-2025,12.938539,77.5901,PM2.5,8,35,21
India,Karnataka,Bengaluru,"RVCE-Mailasandra, Bengaluru - KSPCB",06-04-2025,12.921418,77.502466,NH3,3,4,4
India,Karnataka,Bengaluru,"RVCE-Mailasandra, Bengaluru - KSPCB",06-04-2025,12.921418,77.502466,CO,24,49,38
India,Karnataka,Bengaluru,"Jayanagar 5th Block, Bengaluru - KSPCB",06-04-2025,12.920984,77.584908,PM10,23,72,46
India,Karnataka,Bengaluru,"Kasturi Nagar, Bengaluru - KSPCB",06-04-2025,13.003872,77.664217,NO2,20,25,22
India,Karnataka,Bagalkot,"Vidayagiri, Bagalkot - KSPCB",06-04-2025,16.172806,75.659694,NO2,9,10,9
India,Karnataka,Mysuru,"Hebbal 1st Stage, Mysuru - KSPCB",06-04-2025,12.21041,76.37376,SO2,1,25,8
India,Karnataka,Shivamogga,"Vinoba Nagara, Shivamogga - KSPCB",06-04-2025,13.94,75.555917,PM10,37,41,38
India,Karnataka,Shivamogga,"Vinoba Nagara, Shivamogga - KSPCB",06-04-2025,13.94,75.555917,SO2,4,5,4
India,Karnataka,Shivamogga,"Vinoba Nagara, Shivamogga - KSPCB",06-04-2025,13.94,75.555917,CO,12,24,18
India,Karnataka,Shivamogga,"Vinoba Nagara, Shivamogga - KSPCB",06-04-2025,13.94,75.555917,OZONE,9,63,17
India,Karnataka,Tumakuru,"Thimmalapura, Tumakuru - KSPCB",06-04-2025,13.377516,77.099072,PM10,70,173,119
India,Karnataka,Tumakuru,"Thimmalapura, Tumakuru - KSPCB",06-04-2025,13.377516,77.099072,OZONE,5,7,6
India,Karnataka,Yadgir,"Collector Office, Yadgir - KSPCB",06-04-2025,16.7602,77.1428,NH3,3,4,3
India,Karnataka,Yadgir,"Collector Office, Yadgir - KSPCB",06-04-2025,16.7602,77.1428,SO2,2,19,14
India,Karnataka,Yadgir,"Collector Office, Yadgir - KSPCB",06-04-2025,16.7602,77.1428,CO,8,28,19
India,Kerala,Eloor,"Udyogamandal, Eloor - Kerala PCB",06-04-2025,10.073232,76.302765,SO2,3,3,3
India,Kerala,Eloor,"Udyogamandal, Eloor - Kerala PCB",06-04-2025,10.073232,76.302765,CO,14,74,22
India,Kerala,Kannur,"Thavakkara, Kannur - Kerala PCB",06-04-2025,11.875,75.3732,PM10,59,65,62
India,Karnataka,Gadag,"Panchal Nagar, Gadag - KSPCB",06-04-2025,15.411456,75.638133,PM10,NA,NA,NA
India,Karnataka,Gadag,"Panchal Nagar, Gadag - KSPCB",06-04-2025,15.411456,75.638133,NH3,1,3,2
India,Karnataka,Haveri,"Ashwini Nagar, Haveri - KSPCB",06-04-2025,14.7918,75.3896,NO2,24,26,25
India,Karnataka,Haveri,"Ashwini Nagar, Haveri - KSPCB",06-04-2025,14.7918,75.3896,CO,23,24,24
India,Karnataka,Hubballi,"Lingaraj Nagar, Hubballi - KSPCB",06-04-2025,15.3714823,75.1160168,NH3,1,3,2
India,Karnataka,Hubballi,"Lingaraj Nagar, Hubballi - KSPCB",06-04-2025,15.3714823,75.1160168,CO,10,22,14
India,Karnataka,Kalaburagi,"Mahatma Basaveswar Colony, Kalaburgi - KSPCB",06-04-2025,17.336318,76.847397,PM10,19,71,43
India,Karnataka,Kalaburagi,"Mahatma Basaveswar Colony, Kalaburgi - KSPCB",06-04-2025,17.336318,76.847397,NO2,9,15,13
India,Karnataka,Kalaburagi,"Mahatma Basaveswar Colony, Kalaburgi - KSPCB",06-04-2025,17.336318,76.847397,NH3,2,3,3
India,Karnataka,Koppal,"Diwator Nagar, Koppal - KSPCB",06-04-2025,15.34763,76.181767,NO2,11,24,16
India,Karnataka,Koppal,"Diwator Nagar, Koppal - KSPCB",06-04-2025,15.34763,76.181767,OZONE,21,50,44
India,Karnataka,Bengaluru,"Silk Board, Bengaluru - KSPCB",06-04-2025,12.917348,77.622813,OZONE,4,35,13
India,Karnataka,Chamarajanagar,"Urban, Chamarajanagar - KSPCB",06-04-2025,11.55358,76.55521,OZONE,13,39,15
India,Karnataka,Chikkaballapur,"Chikkaballapur Rural, Chikkaballapur - KSPCB",06-04-2025,13.428828,77.731418,PM2.5,12,62,30
India,Karnataka,Chikkamagaluru,"Kalyana Nagara, Chikkamagaluru - KSPCB",06-04-2025,13.328028,75.797056,OZONE,NA,NA,NA
India,Karnataka,Davanagere,"Devaraj Urs Badavane, Davanagere - KSPCB",06-04-2025,14.4758,75.9052,OZONE,18,20,19
India,Karnataka,Dharwad,"Kalabhavan, Dharwad - KSPCB",06-04-2025,15.459706,75.008381,NO2,16,20,19
India,Karnataka,Mangalore,"Kadri, Mangalore - KSPCB",06-04-2025,12.88925,74.853,SO2,7,8,7
India,Karnataka,Mangalore,"Kadri, Mangalore - KSPCB",06-04-2025,12.88925,74.853,OZONE,18,34,18
India,Karnataka,Kalaburagi,"Lal Bahadur Shastri Nagar, Kalaburagi - KSPCB",06-04-2025,17.321993,76.822628,CO,22,46,33
India,Kerala,Kannur,"Thavakkara, Kannur - Kerala PCB",06-04-2025,11.875,75.3732,NH3,1,2,1
India,Madhya Pradesh,Damoh,"Shrivastav Colony, Damoh - MPPCB",06-04-2025,23.81748678,79.446246,PM10,13,76,47
India,Madhya Pradesh,Damoh,"Shrivastav Colony, Damoh - MPPCB",06-04-2025,23.81748678,79.446246,SO2,18,40,22
India,Madhya Pradesh,Damoh,"Shrivastav Colony, Damoh - MPPCB",06-04-2025,23.81748678,79.446246,CO,4,25,22
India,Madhya Pradesh,Dewas,"Bhopal Chauraha, Dewas - MPPCB",06-04-2025,22.9682591,76.064118,PM2.5,25,358,168
India,Madhya Pradesh,Dewas,"Bhopal Chauraha, Dewas - MPPCB",06-04-2025,22.9682591,76.064118,NH3,5,10,7
India,Kerala,Thrissur,"Corporation Ground, Thrissur - Kerala PCB",06-04-2025,10.5324,76.2159,NO2,9,10,10
India,Madhya Pradesh,Bhopal,"Idgah Hills, Bhopal - MPPCB",06-04-2025,23.264759,77.381568,PM2.5,15,73,39
India,Madhya Pradesh,Bhopal,"Idgah Hills, Bhopal - MPPCB",06-04-2025,23.264759,77.381568,NH3,3,8,5
India,Madhya Pradesh,Bhopal,"Idgah Hills, Bhopal - MPPCB",06-04-2025,23.264759,77.381568,SO2,6,7,7
India,Madhya Pradesh,Gwalior,"Deen Dayal Nagar, Gwalior - MPPCB",06-04-2025,26.259242,78.216432,CO,6,113,57
India,Madhya Pradesh,Gwalior,"Maharaj Bada, Gwalior - MPPCB",06-04-2025,26.200388,78.147714,PM10,95,259,142
India,Madhya Pradesh,Indore,"Airport Area, Indore - IMC",06-04-2025,22.7289,75.8076,CO,10,14,12
India,Madhya Pradesh,Indore,"Chhoti Gwaltoli, Indore - MPPCB",06-04-2025,22.431,75.5213,NO2,45,140,88
India,Madhya Pradesh,Indore,"Chhoti Gwaltoli, Indore - MPPCB",06-04-2025,22.431,75.5213,CO,46,107,60
India,Madhya Pradesh,Indore,"Regional Park, Indore - IMC",06-04-2025,22.678,75.8559,PM10,NA,NA,NA
India,Madhya Pradesh,Indore,"Regional Park, Indore - IMC",06-04-2025,22.678,75.8559,OZONE,5,23,8
India,Madhya Pradesh,Dewas,"Bhopal Chauraha, Dewas - MPPCB",06-04-2025,22.9682591,76.064118,OZONE,48,82,73
India,Madhya Pradesh,Gwalior,"City Center, Gwalior - MPPCB",06-04-2025,26.203442,78.193251,NO2,8,87,28
India,Kerala,Thiruvananthapuram,"Kariavattom, Thiruvananthapuram - Kerala PCB",06-04-2025,8.5637,76.8865,PM10,55,65,60
India,Kerala,Thiruvananthapuram,"Plammoodu, Thiruvananthapuram - Kerala PCB",06-04-2025,8.5149093,76.9435879,NO2,7,15,11
India,Kerala,Thiruvananthapuram,"Kariavattom, Thiruvananthapuram - Kerala PCB",06-04-2025,8.5637,76.8865,NH3,NA,NA,NA
India,Madhya Pradesh,Gwalior,"City Center, Gwalior - MPPCB",06-04-2025,26.203442,78.193251,OZONE,17,165,19
India,Maharashtra,Ahmednagar,"Tarakpur, Ahmednagar - MPCB",06-04-2025,19.10122,74.73339,PM2.5,68,270,138
India,Maharashtra,Ahmednagar,"Tarakpur, Ahmednagar - MPCB",06-04-2025,19.10122,74.73339,PM10,79,426,156
India,Maharashtra,Ahmednagar,"Tarakpur, Ahmednagar - MPCB",06-04-2025,19.10122,74.73339,NO2,29,131,62
India,Maharashtra,Akola,"Ramdaspeth, Akola - MPCB",06-04-2025,20.719516,77.000253,SO2,17,34,21
India,Maharashtra,Amravati,"Shivneri Colony, Amravati - MPCB",06-04-2025,20.9402359,77.7895248,NO2,10,59,28
India,Madhya Pradesh,Jabalpur,"Suhagi, Jabalpur - JMC",06-04-2025,23.218135,79.95777,NO2,25,112,55
India,Madhya Pradesh,Jabalpur,"Suhagi, Jabalpur - JMC",06-04-2025,23.218135,79.95777,NH3,1,13,3
India,Madhya Pradesh,Jabalpur,"Suhagi, Jabalpur - JMC",06-04-2025,23.218135,79.95777,OZONE,4,76,11
India,Madhya Pradesh,Katni,"Gole Bazar, Katni - MPPCB",06-04-2025,23.50016,80.23284,NO2,17,106,64
India,Madhya Pradesh,Sagar,"Deen Dayal Nagar, Sagar - MPPCB",06-04-2025,23.8640158,78.80289321,PM2.5,16,98,56
India,Madhya Pradesh,Sagar,"Deen Dayal Nagar, Sagar - MPPCB",06-04-2025,23.8640158,78.80289321,SO2,20,22,21
India,Madhya Pradesh,Satna,"Bandhavgar Colony, Satna - Birla Cement",06-04-2025,24.58434363,80.8549414,PM2.5,41,44,42
India,Madhya Pradesh,Pithampur,"Sector-2 Industrial Area, Pithampur - MPPCB",06-04-2025,22.624758,75.675238,PM10,56,198,106
India,Madhya Pradesh,Mandideep,"Sector-D Industrial Area, Mandideep - MPPCB",06-04-2025,23.10844,77.511428,NO2,14,124,74
India,Madhya Pradesh,Pithampur,"Sector-2 Industrial Area, Pithampur - MPPCB",06-04-2025,22.624758,75.675238,SO2,11,33,20
India,Madhya Pradesh,Singrauli,"Suryakiran Bhawan NCL, Singrauli - MPPCB",06-04-2025,24.10897,82.64558,CO,46,115,89
India,Madhya Pradesh,Jabalpur,"Govindh Bhavan Colony, Jabalpur - JMC",06-04-2025,23.163174,79.973061,NO2,19,66,47
India,Madhya Pradesh,Maihar,"Sahilara, Maihar - KJS Cements",06-04-2025,24.2613009,80.7231783,SO2,4,5,4
India,Maharashtra,Dhule,"Deopur, Dhule - MPCB",06-04-2025,20.918946,74.776388,OZONE,13,76,33
India,Maharashtra,Jalgaon,"Prabhat Colony, Jalgaon - MPCB",06-04-2025,21.001264,75.565602,NH3,4,17,7
India,Maharashtra,Jalgaon,"Prabhat Colony, Jalgaon - MPCB",06-04-2025,21.001264,75.565602,SO2,11,39,31
India,Maharashtra,Jalgaon,"Prabhat Colony, Jalgaon - MPCB",06-04-2025,21.001264,75.565602,CO,20,44,21
India,Maharashtra,Jalna,"Old MIDC, Jalna - MPCB",06-04-2025,19.854616,75.905894,PM10,88,144,114
India,Maharashtra,Kalyan,"Khadakpada, Kalyan - MPCB",06-04-2025,19.25292,73.142019,NO2,5,13,7
India,Maharashtra,Kalyan,"Khadakpada, Kalyan - MPCB",06-04-2025,19.25292,73.142019,SO2,4,11,6
India,Maharashtra,Kalyan,"Khadakpada, Kalyan - MPCB",06-04-2025,19.25292,73.142019,CO,6,18,10
India,Maharashtra,Kalyan,"Pimpleshwar Mandir, Kalyan - MPCB",06-04-2025,19.192056,72.9585188,PM2.5,NA,NA,NA
India,Maharashtra,Badlapur,"Katrap, Badlapur - MPCB",06-04-2025,19.16485,73.23409,PM2.5,56,143,88
India,Maharashtra,Badlapur,"Katrap, Badlapur - MPCB",06-04-2025,19.16485,73.23409,NH3,4,7,4
India,Maharashtra,Belapur,"CBD Belapur, Belapur - MPCB",06-04-2025,19.0243902,73.0406721,SO2,7,28,16
India,Maharashtra,Belapur,"CBD Belapur, Belapur - MPCB",06-04-2025,19.0243902,73.0406721,CO,16,54,38
India,Maharashtra,Bhiwandi,"Gokul Nagar, Bhiwandi - MPCB",06-04-2025,19.309073,73.057223,NO2,26,36,29
India,Maharashtra,Bhiwandi,"Gokul Nagar, Bhiwandi - MPCB",06-04-2025,19.309073,73.057223,SO2,8,16,10
India,Maharashtra,Bhiwandi,"Gokul Nagar, Bhiwandi - MPCB",06-04-2025,19.309073,73.057223,CO,17,76,48
India,Maharashtra,Bhiwandi,"Gokul Nagar, Bhiwandi - MPCB",06-04-2025,19.309073,73.057223,OZONE,31,113,36
India,Maharashtra,Kalyan,"Pimpleshwar Mandir, Kalyan - MPCB",06-04-2025,19.192056,72.9585188,CO,8,59,44
India,Maharashtra,Kolhapur,"Shivaji University, Kolhapur - MPCB",06-04-2025,16.6870449,74.2505872,CO,12,38,21
India,Maharashtra,Latur,"Sawe Wadi, Latur - MPCB",06-04-2025,18.39963,76.57452,NO2,23,215,85
India,Maharashtra,Latur,"Sawe Wadi, Latur - MPCB",06-04-2025,18.39963,76.57452,NH3,7,73,28
India,Maharashtra,Mira-Bhayandar,"Bhayandar West, Mira-Bhayandar - MPCB",06-04-2025,19.296481,72.840923,PM2.5,10,44,33
India,Maharashtra,Mira-Bhayandar,"Bhayandar West, Mira-Bhayandar - MPCB",06-04-2025,19.296481,72.840923,CO,4,62,25
India,Maharashtra,Mumbai,"Bandra Kurla Complex, Mumbai - MPCB",06-04-2025,19.065931,72.862131,NO2,22,113,52
India,Maharashtra,Mumbai,"Borivali East, Mumbai - IITM",06-04-2025,19.23241,72.86895,CO,4,42,29
India,Maharashtra,Amravati,"Shivneri Colony, Amravati - MPCB",06-04-2025,20.9402359,77.7895248,SO2,9,14,10
India,Maharashtra,Amravati,"Shri Shivaji Science College, Amaravati - MPCB",06-04-2025,20.939198,77.765701,PM10,63,108,85
India,Maharashtra,Aurangabad,"More Chowk Waluj, Aurangabad - MPCB",06-04-2025,19.8389439,75.244448,PM10,57,123,90
India,Maharashtra,Aurangabad,"More Chowk Waluj, Aurangabad - MPCB",06-04-2025,19.8389439,75.244448,CO,30,48,41
India,Maharashtra,Aurangabad,"MIDC Chilkalthana, Aurangabad - MPCB",06-04-2025,19.87562,75.38731,PM2.5,33,79,53
India,Maharashtra,Aurangabad,"Rachnakar Colony, Aurangabad - MPCB",06-04-2025,19.863756,75.321188,NO2,18,117,52
India,Maharashtra,Chandrapur,"Chauhan Colony, Chandrapur - MPCB",06-04-2025,19.9629,79.298714,OZONE,21,77,29
India,Maharashtra,Mumbai,"Worli, Mumbai - MPCB",06-04-2025,18.9936162,72.8128113,NH3,4,5,5
India,Maharashtra,Nagpur,"Ambazari, Nagpur - MPCB",06-04-2025,21.121801,79.04952,PM2.5,88,268,162
India,Maharashtra,Nagpur,"Opp GPO Civil Lines, Nagpur - MPCB",06-04-2025,21.152875,79.0517531,PM10,62,147,109
India,Maharashtra,Nagpur,"Opp GPO Civil Lines, Nagpur - MPCB",06-04-2025,21.152875,79.0517531,SO2,6,44,19
India,Maharashtra,Nagpur,"Opp GPO Civil Lines, Nagpur - MPCB",06-04-2025,21.152875,79.0517531,OZONE,3,89,13
India,Maharashtra,Mumbai,"Malad West, Mumbai - IITM",06-04-2025,19.19709,72.82204,OZONE,2,89,25
India,Maharashtra,Mumbai,"Mazgaon, Mumbai - IITM",06-04-2025,18.96702,72.84214,PM2.5,26,174,68
India,Maharashtra,Mumbai,"Mazgaon, Mumbai - IITM",06-04-2025,18.96702,72.84214,PM10,56,155,95
India,Maharashtra,Mumbai,"Mindspace-Malad West, Mumbai - MPCB",06-04-2025,19.1878657,72.8304069,PM2.5,35,71,46
India,Maharashtra,Mumbai,"Chembur, Mumbai - MPCB",06-04-2025,19.0364585,72.8954371,OZONE,2,118,13
India,Maharashtra,Mumbai,"Chhatrapati Shivaji Intl. Airport (T2), Mumbai - MPCB",06-04-2025,19.10078,72.87462,PM2.5,40,59,49
India,Maharashtra,Mumbai,"Chhatrapati Shivaji Intl. Airport (T2), Mumbai - MPCB",06-04-2025,19.10078,72.87462,NH3,1,2,2
India,Maharashtra,Mumbai,"Chhatrapati Shivaji Intl. Airport (T2), Mumbai - MPCB",06-04-2025,19.10078,72.87462,SO2,12,49,27
India,Maharashtra,Mumbai,"Vasai West, Mumbai - MPCB",06-04-2025,19.3832,72.8204,PM10,62,128,93
India,Maharashtra,Mumbai,"Vasai West, Mumbai - MPCB",06-04-2025,19.3832,72.8204,CO,49,67,60
India,Maharashtra,Mumbai,"Vasai West, Mumbai - MPCB",06-04-2025,19.3832,72.8204,OZONE,6,7,7
India,Maharashtra,Mumbai,"Vile Parle West, Mumbai - MPCB",06-04-2025,19.10861,72.83622,PM10,39,106,70
India,Maharashtra,Mumbai,"Powai, Mumbai - MPCB",06-04-2025,19.1375,72.915056,PM2.5,23,57,33
India,Maharashtra,Mumbai,"Powai, Mumbai - MPCB",06-04-2025,19.1375,72.915056,NO2,5,8,7
India,Maharashtra,Mumbai,"Shivaji Nagar, Mumbai - BMC",06-04-2025,19.060498,72.923356,PM10,55,142,104
India,Maharashtra,Mumbai,"Shivaji Nagar, Mumbai - BMC",06-04-2025,19.060498,72.923356,NH3,1,3,1
India,Maharashtra,Mumbai,"Khindipada-Bhandup West, Mumbai - IITM",06-04-2025,19.1653323,72.922099,SO2,3,34,12
India,Maharashtra,Mumbai,"Kurla, Mumbai - MPCB",06-04-2025,19.0863,72.8888,PM2.5,NA,NA,NA
India,Maharashtra,Mumbai,"Malad West, Mumbai - IITM",06-04-2025,19.19709,72.82204,NH3,10,15,12
India,Maharashtra,Mumbai,"Chakala-Andheri East, Mumbai - IITM",06-04-2025,19.11074,72.86084,PM10,62,198,128
India,Maharashtra,Mumbai,"Chakala-Andheri East, Mumbai - IITM",06-04-2025,19.11074,72.86084,SO2,1,14,4
India,Maharashtra,Mumbai,"Chembur, Mumbai - MPCB",06-04-2025,19.0364585,72.8954371,PM2.5,51,93,66
India,Maharashtra,Mumbai,"Deonar, Mumbai - IITM",06-04-2025,19.04946,72.923,PM2.5,24,309,126
India,Maharashtra,Mumbai,"Ghatkopar, Mumbai - BMC",06-04-2025,19.083694,72.920967,NH3,5,30,11
India,Maharashtra,Mumbai,"Navy Nagar-Colaba, Mumbai - IITM",06-04-2025,18.897756,72.81332,PM2.5,16,140,49
India,Maharashtra,Navi Mumbai,"Tondare-Taloja, Navi Mumbai - MPCB",06-04-2025,19.063,73.1209,OZONE,1,78,1
India,Maharashtra,Parbhani,"Masoom Colony, Parbhani - MPCB",06-04-2025,19.265594,76.761463,PM2.5,22,75,57
India,Maharashtra,Parbhani,"Masoom Colony, Parbhani - MPCB",06-04-2025,19.265594,76.761463,NO2,11,82,30
India,Maharashtra,Pimpri-Chinchwad,"Gavalinagar, Pimpri Chinchwad - MPCB",06-04-2025,18.63673,73.82487,PM2.5,65,230,120
India,Maharashtra,Nashik,"MIDC Ambad, Nashik - MPCB",06-04-2025,19.95022,73.73148,CO,5,30,19
India,Maharashtra,Nashik,"Pandav Nagari, Nashik - MPCB",06-04-2025,19.9591346,73.7788008,PM2.5,27,115,64
India,Maharashtra,Navi Mumbai,"Kopripada-Vashi, Navi Mumbai - MPCB",06-04-2025,19.090337,73.014232,CO,29,120,108
India,Maharashtra,Pimpri-Chinchwad,"Park Street Wakad, Pimpri Chinchwad - MPCB",06-04-2025,18.59051,73.77946,NO2,NA,NA,NA
India,Maharashtra,Pimpri-Chinchwad,"Savta Mali Nagar, Pimpri-Chinchwad - IITM",06-04-2025,18.614767,73.799516,PM10,65,165,129
India,Maharashtra,Nanded,"Sneh Nagar, Nanded - MPCB",06-04-2025,19.173852,77.296291,PM2.5,NA,NA,NA
India,Maharashtra,Nanded,"Sneh Nagar, Nanded - MPCB",06-04-2025,19.173852,77.296291,NO2,NA,NA,NA
India,Maharashtra,Nashik,"Gangapur Road, Nashik - MPCB",06-04-2025,20.0073285,73.7762427,NO2,3,15,9
India,Maharashtra,Pimpri-Chinchwad,"Thergaon, Pimpri Chinchwad - MPCB",06-04-2025,18.616318,73.765797,PM2.5,49,177,87
India,Maharashtra,Pimpri-Chinchwad,"Thergaon, Pimpri Chinchwad - MPCB",06-04-2025,18.616318,73.765797,NH3,NA,NA,NA
India,Maharashtra,Pimpri-Chinchwad,"Thergaon, Pimpri Chinchwad - MPCB",06-04-2025,18.616318,73.765797,SO2,2,11,6
India,Maharashtra,Pimpri-Chinchwad,"Gavalinagar, Pimpri Chinchwad - MPCB",06-04-2025,18.63673,73.82487,NO2,40,123,81
India,Maharashtra,Pimpri-Chinchwad,"Gavalinagar, Pimpri Chinchwad - MPCB",06-04-2025,18.63673,73.82487,OZONE,1,68,3
India,Maharashtra,Navi Mumbai,"Sanpada, Navi Mumbai - MPCB",06-04-2025,19.0575752,73.0151367,PM10,74,225,117
India,Maharashtra,Navi Mumbai,"Sanpada, Navi Mumbai - MPCB",06-04-2025,19.0575752,73.0151367,CO,2,68,38
India,Maharashtra,Navi Mumbai,"Sector-2E Kalamboli, Navi Mumbai - MPCB",06-04-2025,19.02579,73.10297,CO,8,40,19
India,Maharashtra,Pune,"Bhumkar Nagar, Pune - IITM",06-04-2025,18.60577,73.749976,PM10,85,343,124
India,Odisha,Barbil,"Forest Office, Barbil - OSPCB",06-04-2025,22.1166054,85.3945546,NH3,4,8,5
India,Odisha,Barbil,"Forest Office, Barbil - OSPCB",06-04-2025,22.1166054,85.3945546,CO,40,115,59
India,Odisha,Barbil,"Forest Office, Barbil - OSPCB",06-04-2025,22.1166054,85.3945546,OZONE,17,68,22
India,Odisha,Baripada,"Meher Colony, Baripada - OSPCB",06-04-2025,21.941841,86.728318,PM2.5,67,112,88
India,Odisha,Baripada,"Meher Colony, Baripada - OSPCB",06-04-2025,21.941841,86.728318,NO2,3,34,15
India,Odisha,Baripada,"Meher Colony, Baripada - OSPCB",06-04-2025,21.941841,86.728318,SO2,22,41,32
India,Odisha,Baripada,"Meher Colony, Baripada - OSPCB",06-04-2025,21.941841,86.728318,CO,100,129,121
India,Odisha,Bhubaneswar,"Lingraj Mandir, Bhubaneswar - OSPCB",06-04-2025,20.24079,85.836784,NH3,4,8,5
India,Odisha,Bhubaneswar,"Patia, Bhubaneswar - OSPCB",06-04-2025,20.34652,85.8163,PM2.5,25,153,56
India,Odisha,Bhubaneswar,"Patia, Bhubaneswar - OSPCB",06-04-2025,20.34652,85.8163,NO2,9,127,28
India,Maharashtra,Pune,"Hadapsar, Pune - IITM",06-04-2025,18.501793,73.927532,OZONE,1,121,4
India,Maharashtra,Pune,"Karve Road, Pune - MPCB",06-04-2025,18.5011743,73.8165527,PM2.5,28,326,42
India,Maharashtra,Pune,"Karve Road, Pune - MPCB",06-04-2025,18.5011743,73.8165527,CO,17,113,17
India,Maharashtra,Pune,"Katraj Dairy, Pune - MPCB",06-04-2025,18.45445,73.854155,SO2,NA,NA,NA
India,Maharashtra,Pune,"Mhada Colony, Pune - IITM",06-04-2025,18.57304,73.927715,NO2,NA,NA,NA
India,Maharashtra,Pune,"Mhada Colony, Pune - IITM",06-04-2025,18.57304,73.927715,CO,NA,NA,NA
India,Maharashtra,Pune,"Mhada Colony, Pune - IITM",06-04-2025,18.57304,73.927715,OZONE,NA,NA,NA
India,Maharashtra,Pune,"Panchawati_Pashan, Pune - IITM",06-04-2025,18.536457,73.805454,NO2,11,38,24
India,Maharashtra,Pune,"Panchawati_Pashan, Pune - IITM",06-04-2025,18.536457,73.805454,OZONE,1,120,2
India,Maharashtra,Pune,"Revenue Colony-Shivajinagar, Pune - IITM",06-04-2025,18.530085,73.849598,NO2,109,272,167
India,Maharashtra,Pune,"Revenue Colony-Shivajinagar, Pune - IITM",06-04-2025,18.530085,73.849598,CO,40,94,52
India,Maharashtra,Pune,"Savitribai Phule Pune University, Pune - MPCB",06-04-2025,18.547056,73.826908,NH3,1,5,3
India,Maharashtra,Pune,"Savitribai Phule Pune University, Pune - MPCB",06-04-2025,18.547056,73.826908,CO,18,117,54
India,Maharashtra,Pune,"Savitribai Phule Pune University, Pune - MPCB",06-04-2025,18.547056,73.826908,OZONE,1,148,6
India,Maharashtra,Sangli,"Vijay Nagar, Sangli - MPCB",06-04-2025,16.5038,74.3623,CO,18,76,30
India,Maharashtra,Solapur,"Dnyaneshwar Nagar, Solapur - MPCB",06-04-2025,17.6336264,75.9132495,PM10,52,135,95
India,Odisha,Bileipada,"Tata Township, Bileipada - OSPCB",06-04-2025,22.06156703,85.47409613,NO2,7,7,7
India,Odisha,Brajrajnagar,"GM Office, Brajrajnagar - OSPCB",06-04-2025,21.8004996,83.8396977,PM2.5,44,115,73
India,Odisha,Brajrajnagar,"GM Office, Brajrajnagar - OSPCB",06-04-2025,21.8004996,83.8396977,NH3,6,6,6
India,Odisha,Byasanagar,"Ferro Chrome Colony, Byasanagar - OSPCB",06-04-2025,20.94185,86.1151,PM2.5,60,240,90
India,Odisha,Cuttack,"CDA Area, Cuttack - OSPCB",06-04-2025,20.48891,85.84768,PM10,73,156,111
India,Odisha,Cuttack,"CDA Area, Cuttack - OSPCB",06-04-2025,20.48891,85.84768,SO2,3,76,13
India,Maharashtra,Ulhasnagar,"Sidhi Vinayak Nagar, Ulhasnagar - MPCB",06-04-2025,19.235581,73.159121,CO,5,116,34
India,Maharashtra,Virar,"Bolinj, Virar - MPCB",06-04-2025,19.445821,72.7988231,CO,13,101,54
India,Manipur,Imphal,"DM College of Science, Imphal - Manipur PCB",06-04-2025,24.8207389,93.9423085,NO2,7,8,8
India,Manipur,Imphal,"DM College of Science, Imphal - Manipur PCB",06-04-2025,24.8207389,93.9423085,CO,6,6,6
India,Meghalaya,Shillong,"Lumpyngngad, Shillong - Meghalaya PCB",06-04-2025,25.5586,91.8985,NO2,NA,NA,NA
India,Nagaland,Kohima,"PWD Juction, Kohima - NPCB",06-04-2025,25.6635413,94.0989878,OZONE,8,52,12
India,Odisha,Angul,"Hakimapada, Angul - OSPCB",06-04-2025,20.832874,85.104082,PM2.5,52,253,115
India,Odisha,Angul,"Hakimapada, Angul - OSPCB",06-04-2025,20.832874,85.104082,PM10,87,252,136
India,Odisha,Balasore,"Kalidaspur, Balasore - OSPCB",06-04-2025,21.51161,86.89088,PM2.5,50,120,80
India,Maharashtra,Solapur,"Ratandeep Housing Society, Solapur - MPCB",06-04-2025,17.65439,75.90649,PM10,51,139,81
India,Maharashtra,Solapur,"Ratandeep Housing Society, Solapur - MPCB",06-04-2025,17.65439,75.90649,NO2,12,150,50
India,Maharashtra,Solapur,"Ratandeep Housing Society, Solapur - MPCB",06-04-2025,17.65439,75.90649,NH3,3,19,7
India,Maharashtra,Thane,"Upvan Fort, Thane - MPCB",06-04-2025,19.222279,72.957979,PM10,51,108,80
India,Maharashtra,Thane,"Upvan Fort, Thane - MPCB",06-04-2025,19.222279,72.957979,SO2,1,19,8
India,Odisha,Keonjhar,"Jagamohanpur, Keonjhar - OSPCB",06-04-2025,21.6439,85.599355,CO,15,46,28
India,Odisha,Keonjhar,"Jagamohanpur, Keonjhar - OSPCB",06-04-2025,21.6439,85.599355,OZONE,34,37,36
India,Odisha,Nayagarh,"Dabuna, Nayagarh - OSPCB",06-04-2025,21.847279,85.416905,NO2,10,42,17
India,Odisha,Nayagarh,"Dabuna, Nayagarh - OSPCB",06-04-2025,21.847279,85.416905,NH3,4,10,9
India,Odisha,Rourkela,"Fertilizer Township, Rourkela - OSPCB",06-04-2025,22.18972222,84.86277778,PM10,108,113,109
India,Odisha,Rourkela,"Fertilizer Township, Rourkela - OSPCB",06-04-2025,22.18972222,84.86277778,NO2,11,390,36
India,Odisha,Rourkela,"Fertilizer Township, Rourkela - OSPCB",06-04-2025,22.18972222,84.86277778,SO2,21,23,22
India,Puducherry,Puducherry,"Jawahar Nagar, Puducherry - PPCC",06-04-2025,11.9309,79.8027,NH3,3,4,3
India,Puducherry,Puducherry,"Jawahar Nagar, Puducherry - PPCC",06-04-2025,11.9309,79.8027,SO2,4,11,8
India,Puducherry,Puducherry,"Jawahar Nagar, Puducherry - PPCC",06-04-2025,11.9309,79.8027,CO,15,34,22
India,Punjab,Amritsar,"Golden Temple, Amritsar - PPCB",06-04-2025,31.62,74.876512,PM10,NA,NA,NA
India,Punjab,Amritsar,"Golden Temple, Amritsar - PPCB",06-04-2025,31.62,74.876512,SO2,NA,NA,NA
India,Punjab,Amritsar,"Golden Temple, Amritsar - PPCB",06-04-2025,31.62,74.876512,CO,25,180,162
India,Rajasthan,Barmer,"Railway Colony, Barmer - RSPCB",06-04-2025,25.747299,71.393989,OZONE,33,114,71
India,Rajasthan,Bharatpur,"Krishna Nagar, Bharatpur - RSPCB",06-04-2025,27.215415,77.50873,NO2,15,76,35
India,Rajasthan,Bharatpur,"Krishna Nagar, Bharatpur - RSPCB",06-04-2025,27.215415,77.50873,SO2,4,31,12
India,Rajasthan,Bhilwara,"Pratap Nagar, Bhilwara - RSPCB",06-04-2025,25.339605,74.618883,PM10,68,160,110
India,Odisha,Talcher,"Talcher Coalfields,Talcher - OSPCB",06-04-2025,20.9360711,85.1707021,CO,48,116,61
India,Odisha,Tensa,"Barsua Iron Ore Mines, Tensa - OSPCB",06-04-2025,21.869985,85.167016,PM2.5,82,174,111
India,Puducherry,Puducherry,"Jawahar Nagar, Puducherry - PPCC",06-04-2025,11.9309,79.8027,PM2.5,5,42,21
India,Punjab,Mandi Gobindgarh,"RIMT University, Mandi Gobindgarh - PPCB",06-04-2025,30.649961,76.331442,SO2,19,33,24
India,Punjab,Patiala,"Model Town, Patiala - PPCB",06-04-2025,30.349388,76.366642,PM10,49,110,80
India,Punjab,Patiala,"Model Town, Patiala - PPCB",06-04-2025,30.349388,76.366642,OZONE,41,97,55
India,Rajasthan,Banswara,"Rati Talai, Banswara - RSPCB",06-04-2025,23.55519,74.44001,OZONE,48,160,71
India,Rajasthan,Barmer,"Railway Colony, Barmer - RSPCB",06-04-2025,25.747299,71.393989,PM2.5,13,92,41
India,Rajasthan,Barmer,"Railway Colony, Barmer - RSPCB",06-04-2025,25.747299,71.393989,NO2,3,50,14
India,Punjab,Khanna,"Kalal Majra, Khanna - PPCB",06-04-2025,30.736056,76.209694,NH3,7,8,7
India,Punjab,Khanna,"Kalal Majra, Khanna - PPCB",06-04-2025,30.736056,76.209694,SO2,10,47,23
India,Punjab,Khanna,"Kalal Majra, Khanna - PPCB",06-04-2025,30.736056,76.209694,CO,54,66,62
India,Rajasthan,Bhiwadi,"RIICO Ind. Area III, Bhiwadi - RSPCB",06-04-2025,28.194909,76.862296,SO2,NA,NA,NA
India,Rajasthan,Bhiwadi,"Vasundhara Nagar_UIT, Bhiwadi - RSPCB",06-04-2025,28.207266,76.829265,CO,16,66,51
India,Punjab,Ludhiana,"Punjab Agricultural University, Ludhiana - PPCB",06-04-2025,30.9028,75.8086,SO2,NA,NA,NA
India,Punjab,Rupnagar,"Ratanpura, Rupnagar - Ambuja Cements",06-04-2025,31.0325454,76.5623046,SO2,5,8,7
India,Rajasthan,Jaipur,"Shastri Nagar, Jaipur - RSPCB",06-04-2025,26.9502929,75.730943,NO2,14,85,33
India,Rajasthan,Jaipur,"Shastri Nagar, Jaipur - RSPCB",06-04-2025,26.9502929,75.730943,NH3,3,16,7
India,Rajasthan,Jaipur,"Shastri Nagar, Jaipur - RSPCB",06-04-2025,26.9502929,75.730943,CO,32,68,39
India,Rajasthan,Jaisalmer,"Sadar Bazar, Jaisalmer - RSPCB",06-04-2025,26.912329,70.909168,SO2,3,13,5
India,Rajasthan,Jalore,"Mudtra Sili, Jalore - RSPCB",06-04-2025,25.344694,72.626208,CO,9,35,15
India,Rajasthan,Jaipur,"Police Commissionerate, Jaipur - RSPCB",06-04-2025,26.9164092,75.7994901,SO2,15,16,15
India,Rajasthan,Jaipur,"Police Commissionerate, Jaipur - RSPCB",06-04-2025,26.9164092,75.7994901,CO,8,101,36
India,Rajasthan,Jaipur,"Sector-2 Murlipura, Jaipur - RSPCB",06-04-2025,26.960669,75.771817,NO2,23,152,66
India,Rajasthan,Jaipur,"Sector-2 Murlipura, Jaipur - RSPCB",06-04-2025,26.960669,75.771817,NH3,3,9,5
India,Rajasthan,Bundi,"New Colony, Bundi - RSPCB",06-04-2025,25.435774,75.644272,OZONE,26,142,50
India,Rajasthan,Chittorgarh,"Shastri Nagar, Chittorgarh - RSPCB",06-04-2025,24.892047,74.623527,NH3,3,7,5
India,Rajasthan,Chittorgarh,"Shastri Nagar, Chittorgarh - RSPCB",06-04-2025,24.892047,74.623527,CO,16,135,50
India,Rajasthan,Chittorgarh,"Shastri Nagar, Chittorgarh - RSPCB",06-04-2025,24.892047,74.623527,OZONE,1,147,12
India,Rajasthan,Churu,"Subash Chowk, Churu - RSPCB",06-04-2025,28.296139,74.961696,PM2.5,28,120,56
India,Rajasthan,Churu,"Subash Chowk, Churu - RSPCB",06-04-2025,28.296139,74.961696,PM10,47,135,89
India,Rajasthan,Jaipur,"Adarsh Nagar, Jaipur - RSPCB",06-04-2025,26.902909,75.836858,PM2.5,40,104,71
India,Rajasthan,Jaipur,"Adarsh Nagar, Jaipur - RSPCB",06-04-2025,26.902909,75.836858,CO,7,84,47
India,Rajasthan,Dausa,"Khatikan Mohalla, Dausa - RSPCB",06-04-2025,26.895552,76.334753,NH3,6,9,7
India,Rajasthan,Dausa,"Khatikan Mohalla, Dausa - RSPCB",06-04-2025,26.895552,76.334753,SO2,10,20,12
India,Rajasthan,Jhunjhunu,"Indra Nagar, Jhunjhunu - RSPCB",06-04-2025,28.108988,75.386577,OZONE,12,145,36
India,Rajasthan,Jodhpur,"Collectorate, Jodhpur - RSPCB",06-04-2025,26.268249,73.0193853,PM10,26,413,149
India,Rajasthan,Jhalawar,"Rajlaxmi Nagar, Jhalawar - RSPCB",06-04-2025,24.588397,76.172782,SO2,5,14,8
India,Rajasthan,Nagaur,"Karni Colony, Nagaur - RSPCB",06-04-2025,27.213494,73.734444,NH3,6,15,8
India,Rajasthan,Nagaur,"Karni Colony, Nagaur - RSPCB",06-04-2025,27.213494,73.734444,CO,17,94,40
India,Rajasthan,Nagaur,"Karni Colony, Nagaur - RSPCB",06-04-2025,27.213494,73.734444,OZONE,21,127,43
India,Rajasthan,Pali,"Indira Colony Vistar, Pali - RSPCB",06-04-2025,25.771061,73.340227,NO2,13,70,25
India,Rajasthan,Rajsamand,"Dhoinda, Rajsamand - RSPCB",06-04-2025,25.03636,73.883502,PM2.5,8,224,39
India,Rajasthan,Rajsamand,"Dhoinda, Rajsamand - RSPCB",06-04-2025,25.03636,73.883502,NO2,5,55,17
India,Rajasthan,Jodhpur,"Collectorate, Jodhpur - RSPCB",06-04-2025,26.268249,73.0193853,OZONE,5,131,26
India,Rajasthan,Jodhpur,"Digari Kalan, Jodhpur - RSPCB",06-04-2025,26.29581,73.082283,SO2,6,24,9
India,Rajasthan,Jodhpur,"Digari Kalan, Jodhpur - RSPCB",06-04-2025,26.29581,73.082283,CO,18,84,54
India,Rajasthan,Jodhpur,"Jhalamand, Jodhpur - RSPCB",06-04-2025,26.215415,73.070156,NO2,10,95,41
India,Rajasthan,Jodhpur,"Jhalamand, Jodhpur - RSPCB",06-04-2025,26.215415,73.070156,NH3,7,33,18
India,Rajasthan,Jodhpur,"Jhalamand, Jodhpur - RSPCB",06-04-2025,26.215415,73.070156,SO2,3,27,8
India,Rajasthan,Karauli,"Satyawati Vihar, Karauli - RSPCB",06-04-2025,26.506177,77.025989,PM10,82,197,122
India,Rajasthan,Karauli,"Satyawati Vihar, Karauli - RSPCB",06-04-2025,26.506177,77.025989,NO2,7,65,28
India,Rajasthan,Karauli,"Satyawati Vihar, Karauli - RSPCB",06-04-2025,26.506177,77.025989,OZONE,3,190,26
India,Rajasthan,Kota,"Nayapura, Kota - RSPCB",06-04-2025,25.196024,75.855668,PM10,93,323,143
India,Rajasthan,Kota,"Nayapura, Kota - RSPCB",06-04-2025,25.196024,75.855668,NH3,9,26,16
India,Rajasthan,Sawai Madhopur,"Sahu Nagar, Sawai Madhopur - RSPCB",06-04-2025,26.031443,76.359327,NO2,12,32,19
India,Rajasthan,Sikar,"Radhakishan Pura, Sikar - RSPCB",06-04-2025,27.608912,75.153302,PM10,89,429,185
India,Rajasthan,Jodhpur,"Mandor, Jodhpur - RSPCB",06-04-2025,26.358805,73.047444,PM10,68,172,114
India,Rajasthan,Jodhpur,"Mandor, Jodhpur - RSPCB",06-04-2025,26.358805,73.047444,SO2,6,108,16
India,Rajasthan,Jodhpur,"Mandor, Jodhpur - RSPCB",06-04-2025,26.358805,73.047444,CO,20,65,46
India,Rajasthan,Sawai Madhopur,"Sahu Nagar, Sawai Madhopur - RSPCB",06-04-2025,26.031443,76.359327,PM2.5,62,335,112
India,Rajasthan,Karauli,"Satyawati Vihar, Karauli - RSPCB",06-04-2025,26.506177,77.025989,PM2.5,17,100,44
India,Rajasthan,Jodhpur,"Jhalamand, Jodhpur - RSPCB",06-04-2025,26.215415,73.070156,OZONE,14,101,21
India,Rajasthan,Rajsamand,"Dhoinda, Rajsamand - RSPCB",06-04-2025,25.03636,73.883502,NH3,7,21,14
India,TamilNadu,Ariyalur,"Keelapalur, Ariyalur - TNPCB",06-04-2025,11.06825,79.07033,PM10,20,50,37
India,TamilNadu,Ariyalur,"Keelapalur, Ariyalur - TNPCB",06-04-2025,11.06825,79.07033,NH3,1,1,1
India,TamilNadu,Chengalpattu,"Crescent University, Chengalpattu - TNPCB",06-04-2025,12.8777316,80.0834807,SO2,NA,NA,NA
India,TamilNadu,Chennai,"Alandur Bus Depot, Chennai - CPCB",06-04-2025,12.9099161,80.1076538,OZONE,33,56,51
India,TamilNadu,Chennai,"Kodungaiyur, Chennai - TNPCB",06-04-2025,13.1278,80.2642,SO2,1,7,4
India,Rajasthan,Udaipur,"Ashok Nagar, Udaipur - RSPCB",06-04-2025,24.5886166,73.6321397,NO2,32,35,34
India,Rajasthan,Udaipur,"Ashok Nagar, Udaipur - RSPCB",06-04-2025,24.5886166,73.6321397,NH3,7,7,7
India,Rajasthan,Udaipur,"Ashok Nagar, Udaipur - RSPCB",06-04-2025,24.5886166,73.6321397,OZONE,3,89,12
India,Sikkim,Gangtok,"Zero Point GICI, Gangtok - SSPCB",06-04-2025,27.33853,88.614099,NO2,1,34,6
India,TamilNadu,Coimbatore,"PSG College of Arts and Science, Coimbatore - TNPCB",06-04-2025,11.0328,77.0349,SO2,5,6,5
India,TamilNadu,Coimbatore,"SIDCO Kurichi, Coimbatore - TNPCB",06-04-2025,10.942451,76.978996,NH3,1,1,1
India,TamilNadu,Coimbatore,"SIDCO Kurichi, Coimbatore - TNPCB",06-04-2025,10.942451,76.978996,OZONE,3,66,13
India,TamilNadu,Chennai,"Royapuram, Chennai - TNPCB",06-04-2025,13.1036,80.2909,OZONE,3,31,7
India,TamilNadu,Chennai,"Velachery Res. Area, Chennai - CPCB",06-04-2025,13.0052189,80.2398125,NO2,13,15,14
India,TamilNadu,Cuddalore,"Kudikadu, Cuddalore - TNPCB",06-04-2025,11.6829898,79.7532099,OZONE,NA,NA,NA
India,TamilNadu,Cuddalore,"Semmandalam, Cuddalore - TNPCB",06-04-2025,11.7637683,79.7499835,PM10,8,127,31
India,TamilNadu,Chennai,"Manali, Chennai - CPCB",06-04-2025,13.164544,80.26285,SO2,4,20,12
India,TamilNadu,Chennai,"Perungudi, Chennai - TNPCB",06-04-2025,12.9533,80.2357,CO,28,40,34
India,Rajasthan,Sri Ganganagar,"Old City, Sri Ganganagar - RSPCB",06-04-2025,29.931624,73.864511,NO2,29,134,77
India,Rajasthan,Sri Ganganagar,"Old City, Sri Ganganagar - RSPCB",06-04-2025,29.931624,73.864511,NH3,4,6,5
India,Rajasthan,Tonk,"Shastri Nagar, Tonk - RSPCB",06-04-2025,26.159933,75.780517,NH3,5,9,7
India,TamilNadu,Thanjavur,"Parisutham Nagar, Thanjavur - TNPCB",06-04-2025,10.7654824,79.1389968,CO,8,8,8
India,TamilNadu,Thoothukudi,"Meelavittan, Thoothukudi - TNPCB",06-04-2025,8.816428,78.099039,NO2,4,6,5
India,TamilNadu,Thoothukudi,"Meelavittan, Thoothukudi - TNPCB",06-04-2025,8.816428,78.099039,SO2,6,21,15
India,TamilNadu,Tirunelveli,"Municipal Corporation Office, Tirunelveli - TNPCB",06-04-2025,8.728442,77.6962,NO2,4,12,7
India,TamilNadu,Tirunelveli,"Municipal Corporation Office, Tirunelveli - TNPCB",06-04-2025,8.728442,77.6962,SO2,12,31,21
India,TamilNadu,Tirupur,"Kumaran College, Tirupur - TNPCB",06-04-2025,11.0973603,77.3228673,PM2.5,1,18,7
India,TamilNadu,Vellore,"Vasanthapuram, Vellore - TNPCB",06-04-2025,12.909494,79.131861,PM10,22,55,44
India,TamilNadu,Vellore,"Vasanthapuram, Vellore - TNPCB",06-04-2025,12.909494,79.131861,NO2,1,15,8
India,TamilNadu,Palkalaiperur,"Bharathidasan University, Palkalaiperur - TNPCB",06-04-2025,10.681158,78.741746,PM10,12,29,19
India,TamilNadu,Palkalaiperur,"Bharathidasan University, Palkalaiperur - TNPCB",06-04-2025,10.681158,78.741746,NO2,10,10,10
India,TamilNadu,Pudukottai,"SIPCOT Nathampannai, Pudukottai - TNPCB",06-04-2025,10.423417,78.784889,NO2,13,16,14
India,TamilNadu,Ranipet,"VOC Nagar_SIPCOT, Ranipet - TNPCB",06-04-2025,12.952707,79.30394,NH3,8,9,9
India,TamilNadu,Salem,"Sona College of Technology, Salem - TNPCB",06-04-2025,11.679111,78.125052,NH3,3,3,3
India,Telangana,Hyderabad,"Central University, Hyderabad - TSPCB",06-04-2025,17.460103,78.334361,PM2.5,19,49,34
India,Telangana,Hyderabad,"Central University, Hyderabad - TSPCB",06-04-2025,17.460103,78.334361,NH3,1,8,5
India,Telangana,Hyderabad,"Central University, Hyderabad - TSPCB",06-04-2025,17.460103,78.334361,SO2,1,14,9
India,Telangana,Hyderabad,"ECIL Kapra, Hyderabad - TSPCB",06-04-2025,17.470431,78.566959,NO2,10,37,21
India,Telangana,Hyderabad,"ICRISAT Patancheru, Hyderabad - TSPCB",06-04-2025,17.5184,78.278777,NH3,1,14,3
India,Telangana,Hyderabad,"IDA Pashamylaram, Hyderabad - TSPCB",06-04-2025,17.5316895,78.218939,PM2.5,40,142,93
India,TamilNadu,Karur,"Kamadenu Nagar, Karur - TNPCB",06-04-2025,10.96782,78.080882,OZONE,1,54,1
India,TamilNadu,Madurai,"Uchapatti, Madurai - TNPCB",06-04-2025,9.865935,78.022669,NH3,3,3,3
India,TamilNadu,Madurai,"Uchapatti, Madurai - TNPCB",06-04-2025,9.865935,78.022669,CO,13,24,24
India,TamilNadu,Madurai,"Uchapatti, Madurai - TNPCB",06-04-2025,9.865935,78.022669,OZONE,6,6,6
India,TamilNadu,Nagapattinam,"Velippalayam, Nagapattinam - TNPCB",06-04-2025,10.798548,79.838212,NH3,2,2,2
India,TamilNadu,Nagapattinam,"Velippalayam, Nagapattinam - TNPCB",06-04-2025,10.798548,79.838212,OZONE,1,1,1
India,TamilNadu,Hosur,"SIPCOT Phase-1, Hosur - TNPCB",06-04-2025,12.746998,77.813811,SO2,48,51,49
India,TamilNadu,Hosur,"SIPCOT Phase-1, Hosur - TNPCB",06-04-2025,12.746998,77.813811,OZONE,40,40,40
India,TamilNadu,Kanchipuram,"Kilambi, Kanchipuram - TNPCB",06-04-2025,12.864618,79.659968,OZONE,1,1,1
India,TamilNadu,Karur,"Kamadenu Nagar, Karur - TNPCB",06-04-2025,10.96782,78.080882,PM2.5,10,38,27
India,TamilNadu,Vellore,"Vasanthapuram, Vellore - TNPCB",06-04-2025,12.909494,79.131861,SO2,16,16,16
India,TamilNadu,Virudhunagar,"Collectorate Office, Virudhunagar - TNPCB",06-04-2025,9.559382,77.948828,PM2.5,18,64,38
India,TamilNadu,Virudhunagar,"Collectorate Office, Virudhunagar - TNPCB",06-04-2025,9.559382,77.948828,PM10,27,82,50
India,TamilNadu,Gummidipoondi,"Anthoni Pillai Nagar, Gummidipoondi - TNPCB",06-04-2025,13.4127,80.1081,SO2,4,41,18
India,TamilNadu,Hosur,"SIPCOT Phase-1, Hosur - TNPCB",06-04-2025,12.746998,77.813811,PM2.5,29,165,78
India,Telangana,Hyderabad,"Bollaram Industrial Area, Hyderabad - TSPCB",06-04-2025,17.540891,78.358528,NH3,2,9,4
India,Telangana,Hyderabad,"IDA Pashamylaram, Hyderabad - TSPCB",06-04-2025,17.5316895,78.218939,CO,21,53,33
India,Tripura,Agartala,"Bardowali, Agartala - Tripura SPCB",06-04-2025,23.8175497,91.2726974,PM10,18,36,29
India,Tripura,Agartala,"Bardowali, Agartala - Tripura SPCB",06-04-2025,23.8175497,91.2726974,CO,2,24,6
India,Uttar Pradesh,Agra,"Manoharpur, Agra - UPPCB",06-04-2025,27.23711,78.01936,SO2,8,32,15
India,Uttar Pradesh,Agra,"Rohta, Agra - UPPCB",06-04-2025,27.106972,78.000111,SO2,13,20,17
India,Uttar Pradesh,Agra,"Sanjay Palace, Agra - UPPCB",06-04-2025,27.19865833,78.00598056,NO2,16,85,42
India,Uttar Pradesh,Agra,"Sector-3B Avas Vikas Colony, Agra - UPPCB",06-04-2025,27.19412,77.96237,PM2.5,47,338,173
India,Uttar Pradesh,Agra,"Sector-3B Avas Vikas Colony, Agra - UPPCB",06-04-2025,27.19412,77.96237,SO2,19,24,21
India,Uttar Pradesh,Agra,"Shahjahan Garden, Agra - UPPCB",06-04-2025,27.169338,78.03582,PM2.5,40,232,98
India,Uttar Pradesh,Firozabad,"Nagla Bhau, Firozabad - UPPCB",06-04-2025,27.168897,78.37696,SO2,26,39,29
India,Uttar Pradesh,Firozabad,"Vibhab Nagar, Firozabad - UPPCB",06-04-2025,27.1594,78.3953,SO2,2,123,73
India,Uttar Pradesh,Firozabad,"Vibhab Nagar, Firozabad - UPPCB",06-04-2025,27.1594,78.3953,OZONE,1,96,30
India,Uttar Pradesh,Ghaziabad,"Indirapuram, Ghaziabad - UPPCB",06-04-2025,28.646233,77.358075,PM2.5,62,278,132
India,Uttar Pradesh,Ghaziabad,"Indirapuram, Ghaziabad - UPPCB",06-04-2025,28.646233,77.358075,NO2,18,132,63
India,Uttar Pradesh,Ghaziabad,"Indirapuram, Ghaziabad - UPPCB",06-04-2025,28.646233,77.358075,SO2,1,37,13
India,Uttar Pradesh,Ghaziabad,"Loni, Ghaziabad - UPPCB",06-04-2025,28.757294,77.278792,SO2,5,70,23
India,Uttar Pradesh,Ghaziabad,"Sanjay Nagar, Ghaziabad - UPPCB",06-04-2025,28.685382,77.453839,PM2.5,58,372,213
India,Uttar Pradesh,Ghaziabad,"Sanjay Nagar, Ghaziabad - UPPCB",06-04-2025,28.685382,77.453839,SO2,13,84,34
India,Uttar Pradesh,Gorakhpur,"Madan Mohan Malaviya University of Technology, Gorakhpur - UPPCB",06-04-2025,26.730136,83.433859,PM2.5,19,131,67
India,Uttar Pradesh,Gorakhpur,"Madan Mohan Malaviya University of Technology, Gorakhpur - UPPCB",06-04-2025,26.730136,83.433859,PM10,80,178,125
India,Telangana,Hyderabad,"IITH Kandi, Hyderabad - TSPCB",06-04-2025,17.585705,78.126199,NO2,16,17,17
India,Telangana,Hyderabad,"IITH Kandi, Hyderabad - TSPCB",06-04-2025,17.585705,78.126199,CO,24,40,29
India,Telangana,Hyderabad,"Kokapet, Hyderabad - TSPCB",06-04-2025,17.393559,78.339194,PM10,NA,NA,NA
India,Telangana,Hyderabad,"Nacharam_TSIIC IALA, Hyderabad - TSPCB",06-04-2025,17.429398,78.569354,CO,NA,NA,NA
India,Telangana,Hyderabad,"New Malakpet, Hyderabad - TSPCB",06-04-2025,17.37206,78.50864,NH3,2,3,2
India,Uttar Pradesh,Agra,"Shastripuram, Agra - UPPCB",06-04-2025,27.19862,77.92066,SO2,15,22,17
India,Uttar Pradesh,Agra,"Shastripuram, Agra - UPPCB",06-04-2025,27.19862,77.92066,OZONE,1,6,2
India,Uttar Pradesh,Baghpat,"Sardar Patel Inter College, Baghpat - UPPCB",06-04-2025,28.964949,77.278761,NH3,2,8,5
India,Uttar Pradesh,Bareilly,"Civil Lines, Bareilly - UPPCB",06-04-2025,28.359581,79.414455,SO2,56,94,67
India,Telangana,Hyderabad,"Ramachandrapuram, Hyderabad - TSPCB",06-04-2025,17.528544,78.286195,NO2,14,15,14
India,Telangana,Hyderabad,"Ramachandrapuram, Hyderabad - TSPCB",06-04-2025,17.528544,78.286195,SO2,22,32,23
India,Telangana,Hyderabad,"Somajiguda, Hyderabad - TSPCB",06-04-2025,17.417094,78.457437,NH3,5,5,5
India,Telangana,Hyderabad,"Somajiguda, Hyderabad - TSPCB",06-04-2025,17.417094,78.457437,SO2,4,22,18
India,Telangana,Hyderabad,"Zoo Park, Hyderabad - TSPCB",06-04-2025,17.349694,78.451437,PM10,69,153,110
India,Uttar Pradesh,Greater Noida,"Knowledge Park - III, Greater Noida - UPPCB",06-04-2025,28.47272,77.482,PM10,76,158,112
India,Uttar Pradesh,Greater Noida,"Knowledge Park - III, Greater Noida - UPPCB",06-04-2025,28.47272,77.482,CO,14,98,48
India,Uttar Pradesh,Greater Noida,"Knowledge Park - V, Greater Noida - UPPCB",06-04-2025,28.557054,77.453663,SO2,10,44,27
India,Uttar Pradesh,Hapur,"Anand Vihar, Hapur - UPPCB",06-04-2025,28.725645,77.749675,PM10,50,149,102
India,Uttar Pradesh,Jhansi,"Shivaji Nagar, Jhansi - UPPCB",06-04-2025,25.4547,78.6039,NH3,4,4,4
India,Uttar Pradesh,Khurja,"Kalindi Kunj, Khurja - UPPCB",06-04-2025,28.2348927,77.8683002,PM2.5,30,137,78
India,Uttar Pradesh,Khurja,"Kalindi Kunj, Khurja - UPPCB",06-04-2025,28.2348927,77.8683002,PM10,47,199,145
India,Uttar Pradesh,Khurja,"Kalindi Kunj, Khurja - UPPCB",06-04-2025,28.2348927,77.8683002,NO2,3,4,3
India,Uttar Pradesh,Khurja,"Kalindi Kunj, Khurja - UPPCB",06-04-2025,28.2348927,77.8683002,SO2,20,95,57
India,Uttar Pradesh,Lucknow,"B R Ambedkar University, Lucknow - UPPCB",06-04-2025,26.766433,80.927299,NO2,12,13,12
India,Uttar Pradesh,Lucknow,"Gomti Nagar, Lucknow - UPPCB",06-04-2025,26.86812,81.005119,PM2.5,72,284,128
India,Uttar Pradesh,Lucknow,"Gomti Nagar, Lucknow - UPPCB",06-04-2025,26.86812,81.005119,SO2,8,11,10
India,Uttar Pradesh,Lucknow,"Gomti Nagar, Lucknow - UPPCB",06-04-2025,26.86812,81.005119,OZONE,37,51,40
India,Uttar Pradesh,Lucknow,"Kukrail Picnic Spot-1, Lucknow - UPPCB",06-04-2025,26.90723,80.98579,PM2.5,15,81,40
India,Uttar Pradesh,Lucknow,"Kukrail Picnic Spot-1, Lucknow - UPPCB",06-04-2025,26.90723,80.98579,NO2,23,23,23
India,Uttar Pradesh,Lucknow,"Kukrail Picnic Spot-1, Lucknow - UPPCB",06-04-2025,26.90723,80.98579,SO2,21,31,24
India,Uttar Pradesh,Lucknow,"Lalbagh, Lucknow - CPCB",06-04-2025,26.8458805,80.9365541,NO2,NA,NA,NA
India,Uttar Pradesh,Lucknow,"Lalbagh, Lucknow - CPCB",06-04-2025,26.8458805,80.9365541,SO2,NA,NA,NA
India,Uttar Pradesh,Lucknow,"Talkatora District Industries Center, Lucknow - CPCB",06-04-2025,26.83399722,80.8917361,PM2.5,72,250,134
India,Uttar Pradesh,Meerut,"Jai Bhim Nagar, Meerut - UPPCB",06-04-2025,28.9535882,77.7622941,CO,15,68,46
India,Uttar Pradesh,Meerut,"Pallavpuram Phase 2, Meerut - UPPCB",06-04-2025,29.06351,77.709723,NO2,12,35,23
India,Uttar Pradesh,Meerut,"Pallavpuram Phase 2, Meerut - UPPCB",06-04-2025,29.06351,77.709723,SO2,11,78,37
India,Uttar Pradesh,Meerut,"Pallavpuram Phase 2, Meerut - UPPCB",06-04-2025,29.06351,77.709723,OZONE,15,79,21
India,Uttar Pradesh,Moradabad,"Buddhi Vihar, Moradabad - UPPCB",06-04-2025,28.83526,78.7446,OZONE,9,50,14
India,Uttar Pradesh,Moradabad,"Eco Herbal Park, Moradabad - UPPCB",06-04-2025,28.840739,78.697531,PM2.5,12,130,57
India,Uttar Pradesh,Moradabad,"Eco Herbal Park, Moradabad - UPPCB",06-04-2025,28.840739,78.697531,NO2,6,83,36
India,Uttar Pradesh,Lucknow,"Talkatora District Industries Center, Lucknow - CPCB",06-04-2025,26.83399722,80.8917361,CO,8,50,25
India,Uttar Pradesh,Meerut,"Ganga Nagar, Meerut - UPPCB",06-04-2025,28.999264,77.7590354,SO2,7,50,24
India,Uttar Pradesh,Kanpur,"FTI Kidwai Nagar, Kanpur - UPPCB",06-04-2025,26.428282,80.327067,PM2.5,16,214,76
India,Uttar Pradesh,Meerut,"Jai Bhim Nagar, Meerut - UPPCB",06-04-2025,28.9535882,77.7622941,PM2.5,9,122,45
India,Uttar Pradesh,Moradabad,"Buddhi Vihar, Moradabad - UPPCB",06-04-2025,28.83526,78.7446,PM10,34,101,68
India,Uttar Pradesh,Kanpur,"NSI Kalyanpur, Kanpur - UPPCB",06-04-2025,26.509954,80.249612,NH3,2,2,2
India,Uttar Pradesh,Noida,"Sector-1, Noida - UPPCB",06-04-2025,28.5898,77.3101,NH3,6,14,10
India,Uttar Pradesh,Noida,"Sector-1, Noida - UPPCB",06-04-2025,28.5898,77.3101,SO2,14,44,26
India,Uttar Pradesh,Noida,"Sector-116, Noida - UPPCB",06-04-2025,28.56923,77.393848,CO,4,103,20
India,Uttar Pradesh,Prayagraj,"Jhunsi, Prayagraj - UPPCB",06-04-2025,25.425602,81.917152,SO2,28,33,30
India,Uttar Pradesh,Prayagraj,"Motilal Nehru NIT, Prayagraj - UPPCB",06-04-2025,25.494,81.863,NO2,11,12,12
India,Uttar Pradesh,Prayagraj,"Nagar Nigam, Prayagraj - UPPCB",06-04-2025,25.44919916,81.82735986,NO2,5,5,5
India,Uttar Pradesh,Varanasi,"Ardhali Bazar, Varanasi - UPPCB",06-04-2025,25.3505986,82.9083074,NO2,17,47,29
India,Uttar Pradesh,Moradabad,"Employment Office, Moradabad - UPPCB",06-04-2025,28.88528,78.7388,OZONE,8,71,10
India,Uttar Pradesh,Moradabad,"Jigar Colony, Moradabad - UPPCB",06-04-2025,28.856664,78.772638,PM10,49,110,82
India,Uttar Pradesh,Muzaffarnagar,"New Mandi, Muzaffarnagar - UPPCB",06-04-2025,29.4723508,77.7194031,PM10,46,122,89
India,Uttar Pradesh,Noida,"Sector - 125, Noida - UPPCB",06-04-2025,28.5447608,77.3231257,CO,48,103,86
India,Uttar Pradesh,Moradabad,"Kashiram Nagar, Moradabad - UPPCB",06-04-2025,28.849399,78.742362,SO2,19,78,36
India,Uttar Pradesh,Moradabad,"Kashiram Nagar, Moradabad - UPPCB",06-04-2025,28.849399,78.742362,CO,15,39,29
India,Uttar Pradesh,Varanasi,"Bhelupur, Varanasi - UPPCB",06-04-2025,25.301778,82.996789,NO2,7,8,8
India,Uttar Pradesh,Varanasi,"Bhelupur, Varanasi - UPPCB",06-04-2025,25.301778,82.996789,NH3,1,1,1
India,Uttar Pradesh,Moradabad,"Jigar Colony, Moradabad - UPPCB",06-04-2025,28.856664,78.772638,CO,23,46,31
India,Uttar Pradesh,Varanasi,"Ardhali Bazar, Varanasi - UPPCB",06-04-2025,25.3505986,82.9083074,CO,3,39,29
India,Uttar Pradesh,Varanasi,"Maldahiya, Varanasi - UPPCB",06-04-2025,25.32393,82.99687,SO2,28,34,30
India,Uttarakhand,Rishikesh,"Shivaji Nagar, Rishikesh - UKPCB",06-04-2025,30.075911,78.2859547,CO,20,42,27
India,Uttarakhand,Rishikesh,"Shivaji Nagar, Rishikesh - UKPCB",06-04-2025,30.075911,78.2859547,OZONE,18,136,23
India,West Bengal,Asansol,"Asansol Court Area, Asansol - WBPCB",06-04-2025,23.685297,86.945968,PM10,92,162,119
India,West Bengal,Asansol,"Evelyn Lodge, Asansol - WBPCB",06-04-2025,23.697936,86.944395,CO,2,99,47
India,West Bengal,Durgapur,"PCBL Residential Complex, Durgapur - WBPCB",06-04-2025,23.508764,87.35444,CO,45,109,73
India,West Bengal,Howrah,"Belur Math, Howrah - WBPCB",06-04-2025,22.629801,88.352017,NO2,35,39,36
India,West Bengal,Howrah,"Dasnagar, Howrah - WBPCB",06-04-2025,22.6025571,88.3105664,PM2.5,6,93,52
India,West Bengal,Asansol,"Trivenidevi Bhalotia College, Asansol - WBPCB",06-04-2025,23.616515,87.119133,CO,20,94,49
India,West Bengal,Barrackpore,"SVSPA Campus, Barrackpore - WBPCB",06-04-2025,22.7605581,88.3617589,NO2,8,27,16
India,Uttar Pradesh,Vrindavan,"Omex Eternity, Vrindavan - UPPCB",06-04-2025,27.571409,77.655757,PM10,16,119,74
India,Uttar Pradesh,Vrindavan,"Omex Eternity, Vrindavan - UPPCB",06-04-2025,27.571409,77.655757,NH3,1,2,2
India,Uttarakhand,Kashipur,"Govt. Girls Inter College, Kashipur - UKPCB",06-04-2025,29.2124114,78.9611753,NO2,6,36,14
India,Uttarakhand,Kashipur,"Govt. Girls Inter College, Kashipur - UKPCB",06-04-2025,29.2124114,78.9611753,SO2,1,8,7
India,West Bengal,Durgapur,"Mahishkapur Road_B-Zone, Durgapur - WBPCB",06-04-2025,23.567923,87.306843,NH3,3,4,3
India,West Bengal,Durgapur,"Mahishkapur Road_B-Zone, Durgapur - WBPCB",06-04-2025,23.567923,87.306843,SO2,7,61,19
India,West Bengal,Asansol,"Trivenidevi Bhalotia College, Asansol - WBPCB",06-04-2025,23.616515,87.119133,PM10,78,222,138
India,West Bengal,Durgapur,"PCBL Residential Complex, Durgapur - WBPCB",06-04-2025,23.508764,87.35444,NO2,8,49,26
India,Uttar Pradesh,Vrindavan,"Omex Eternity, Vrindavan - UPPCB",06-04-2025,27.571409,77.655757,CO,19,48,47
India,West Bengal,Howrah,"Dasnagar, Howrah - WBPCB",06-04-2025,22.6025571,88.3105664,PM10,44,130,89
India,West Bengal,Howrah,"Dasnagar, Howrah - WBPCB",06-04-2025,22.6025571,88.3105664,CO,19,62,20
India,West Bengal,Howrah,"Padmapukur, Howrah - WBPCB",06-04-2025,22.5687319,88.2797276,CO,13,64,45
India,West Bengal,Howrah,"Padmapukur, Howrah - WBPCB",06-04-2025,22.5687319,88.2797276,OZONE,15,91,22
India,West Bengal,Kolkata,"Jadavpur, Kolkata - WBPCB",06-04-2025,22.49929,88.36917,SO2,7,35,15
India,West Bengal,Kolkata,"Jadavpur, Kolkata - WBPCB",06-04-2025,22.49929,88.36917,CO,18,32,19
India,West Bengal,Kolkata,"Rabindra Bharati University, Kolkata - WBPCB",06-04-2025,22.627847,88.380669,NH3,9,9,9
India,West Bengal,Kolkata,"Rabindra Bharati University, Kolkata - WBPCB",06-04-2025,22.627847,88.380669,CO,25,45,26
India,West Bengal,Kolkata,"Rabindra Sarobar, Kolkata - WBPCB",06-04-2025,22.51106,88.35142,PM10,42,74,58
India,West Bengal,Siliguri,"Ward-32 Bapupara, Siliguri - WBPCB",06-04-2025,26.6879226,88.4152495,CO,31,111,66
India,Andhra Pradesh,Tirupati,"Vaikuntapuram, Tirupati - APPCB",06-04-2025,13.615387,79.40923,OZONE,41,41,41
India,Andhra Pradesh,Vijayawada,"HB Colony, Vijayawada - APPCB",06-04-2025,16.536107,80.594233,PM10,42,57,49
India,Andhra Pradesh,Vijayawada,"Rajiv Gandhi Park, Vijayawada - APPCB",06-04-2025,16.509717,80.612222,PM10,62,96,78
India,Andhra Pradesh,Vijayawada,"Rajiv Gandhi Park, Vijayawada - APPCB",06-04-2025,16.509717,80.612222,NH3,2,4,3
India,Andhra Pradesh,Tirumala,"Toll Gate, Tirumala - APPCB (Formerly known as Tirumala, Tirupati - APPCB)",06-04-2025,13.67,79.35,NO2,12,26,18
India,Andhra Pradesh,Tirumala,"Toll Gate, Tirumala - APPCB (Formerly known as Tirumala, Tirupati - APPCB)",06-04-2025,13.67,79.35,NH3,1,2,1
India,Andhra Pradesh,Tirupati,"Vaikuntapuram, Tirupati - APPCB",06-04-2025,13.615387,79.40923,PM10,31,137,72
India,Andhra Pradesh,Visakhapatnam,"GVM Corporation, Visakhapatnam - APPCB",06-04-2025,17.72,83.3,PM2.5,29,309,70
India,Arunachal Pradesh,Naharlagun,"Naharlagun, Naharlagun - APSPCB",06-04-2025,27.103358,93.679645,PM10,NA,NA,NA
India,Andhra Pradesh,Rajamahendravaram,"Anand Kala Kshetram, Rajamahendravaram - APPCB",06-04-2025,16.9872867,81.7363176,SO2,10,14,12
India,Andhra Pradesh,Rajamahendravaram,"Anand Kala Kshetram, Rajamahendravaram - APPCB",06-04-2025,16.9872867,81.7363176,OZONE,6,7,6
India,Andaman and Nicobar,Sri Vijaya Puram,"Police Line, Sri Vijaya Puram - ANPCC",06-04-2025,11.654054,92.734055,OZONE,3,45,4
India,Andhra Pradesh,Vijayawada,"Rajiv Gandhi Park, Vijayawada - APPCB",06-04-2025,16.509717,80.612222,SO2,8,13,10
India,Andhra Pradesh,Kadapa,"Yerramukkapalli, Kadapa - APPCB",06-04-2025,14.465052,78.824187,CO,32,40,34
India,Assam,Guwahati,"Railway Colony, Guwahati - PCBA",06-04-2025,26.181742,91.78063,PM10,79,256,142
India,Andhra Pradesh,Anantapur,"Gulzarpet, Anantapur - APPCB",06-04-2025,14.675886,77.593027,PM10,NA,NA,NA
India,Assam,Guwahati,"LGBI Airport, Guwahati - PCBA",06-04-2025,26.10887,91.589544,OZONE,15,20,17
India,Bihar,Bihar Sharif,"D M Colony, Bihar Sharif - BSPCB",06-04-2025,25.204762,85.51496,NH3,NA,NA,NA
India,Bihar,Bihar Sharif,"D M Colony, Bihar Sharif - BSPCB",06-04-2025,25.204762,85.51496,OZONE,NA,NA,NA
India,Bihar,Buxar,"Charitra Van, Buxar - BSPCB",06-04-2025,25.56752,83.966379,PM2.5,28,332,164
India,Bihar,Arrah,"New DM Office, Arrah - BSPCB",06-04-2025,25.5626095,84.663264,PM10,63,160,103
India,Bihar,Arrah,"New DM Office, Arrah - BSPCB",06-04-2025,25.5626095,84.663264,NO2,6,9,7
India,Bihar,Aurangabad,"Gurdeo Nagar, Aurangabad - BSPCB",06-04-2025,24.75746,84.366208,CO,12,38,34
India,Bihar,Aurangabad,"Gurdeo Nagar, Aurangabad - BSPCB",06-04-2025,24.75746,84.366208,OZONE,7,85,29
India,Bihar,Buxar,"Charitra Van, Buxar - BSPCB",06-04-2025,25.56752,83.966379,NH3,4,4,4
India,Bihar,Buxar,"Charitra Van, Buxar - BSPCB",06-04-2025,25.56752,83.966379,SO2,7,22,12
India,Assam,Sivasagar,"Girls College, Sivasagar - PCBA",06-04-2025,26.987634,94.636574,NH3,3,4,3
India,Bihar,Arrah,"New DM Office, Arrah - BSPCB",06-04-2025,25.5626095,84.663264,CO,10,30,21
India,Bihar,Bettiah,"Kamalnath Nagar, Bettiah - BSPCB",06-04-2025,26.80365,84.51954,NO2,28,29,28
India,Assam,Nalbari,"Bata Chowk, Nalbari - PCBA",06-04-2025,26.446912,91.439057,SO2,2,4,3
India,Assam,Silchar,"Tarapur, Silchar - PCBA",06-04-2025,24.82827,92.79525,PM10,12,57,51
India,Bihar,Muzaffarpur,"MIT-Daudpur Kothi, Muzaffarpur - BSPCB",06-04-2025,26.1403345,85.3650192,SO2,8,9,9
India,Bihar,Muzaffarpur,"MIT-Daudpur Kothi, Muzaffarpur - BSPCB",06-04-2025,26.1403345,85.3650192,CO,46,109,101
India,Bihar,Muzaffarpur,"Muzaffarpur Collectorate, Muzaffarpur - BSPCB",06-04-2025,26.1209,85.3647,CO,10,24,10
India,Bihar,Muzaffarpur,"Muzaffarpur Collectorate, Muzaffarpur - BSPCB",06-04-2025,26.1209,85.3647,OZONE,16,95,16
India,Bihar,Patna,"DRM Office Danapur, Patna - BSPCB",06-04-2025,25.586562,85.043586,PM10,107,500,182
India,Bihar,Patna,"Govt. High School Shikarpur, Patna - BSPCB",06-04-2025,25.592539,85.227158,PM2.5,67,233,127
India,Bihar,Manguraha,"Forest Rest House, Manguraha - BSPCB",06-04-2025,27.308328,84.531742,CO,36,164,63
India,Bihar,Motihari,"Gandak Colony, Motihari - BSPCB",06-04-2025,26.63086,84.90051,PM10,34,429,94
India,Bihar,Munger,"Town Hall, Munger - BSPCB",06-04-2025,25.376776,86.471523,OZONE,1,6,5
India,Bihar,Muzaffarpur,"Buddha Colony, Muzaffarpur - BSPCB",06-04-2025,26.11442,85.39813,PM2.5,127,266,189
India,Bihar,Muzaffarpur,"Buddha Colony, Muzaffarpur - BSPCB",06-04-2025,26.11442,85.39813,CO,19,122,51
India,Bihar,Muzaffarpur,"Buddha Colony, Muzaffarpur - BSPCB",06-04-2025,26.11442,85.39813,OZONE,1,82,11
India,Bihar,Katihar,"Mirchaibari, Katihar - BSPCB",06-04-2025,25.560083,87.553265,SO2,19,25,22
India,Bihar,Kishanganj,"SDM Office_Khagra, Kishanganj - BSPCB",06-04-2025,26.0881305,87.93840336,NH3,10,11,10
India,Bihar,Kishanganj,"SDM Office_Khagra, Kishanganj - BSPCB",06-04-2025,26.0881305,87.93840336,SO2,15,55,26
India,Bihar,Kishanganj,"SDM Office_Khagra, Kishanganj - BSPCB",06-04-2025,26.0881305,87.93840336,CO,70,116,79
India,Bihar,Kishanganj,"SDM Office_Khagra, Kishanganj - BSPCB",06-04-2025,26.0881305,87.93840336,OZONE,18,21,19
India,Bihar,Manguraha,"Forest Rest House, Manguraha - BSPCB",06-04-2025,27.308328,84.531742,NO2,8,16,10
India,Bihar,Patna,"Rajbansi Nagar, Patna - BSPCB",06-04-2025,25.599486,85.113666,NH3,1,2,2
India,Bihar,Patna,"Rajbansi Nagar, Patna - BSPCB",06-04-2025,25.599486,85.113666,OZONE,2,158,12
India,Bihar,Patna,"Samanpura, Patna - BSPCB",06-04-2025,25.596727,85.085624,PM2.5,76,275,138
India,Bihar,Purnia,"Mariam Nagar, Purnia - BSPCB",06-04-2025,25.366336,87.117468,NO2,14,26,19
India,Bihar,Purnia,"Mariam Nagar, Purnia - BSPCB",06-04-2025,25.366336,87.117468,SO2,16,18,17
India,Bihar,Purnia,"Mariam Nagar, Purnia - BSPCB",06-04-2025,25.366336,87.117468,OZONE,19,65,20
India,Bihar,Gaya,"Kareemganj, Gaya - BSPCB",06-04-2025,24.792403,84.992416,PM2.5,32,324,128
India,Bihar,Gaya,"Kareemganj, Gaya - BSPCB",06-04-2025,24.792403,84.992416,SO2,15,20,18
India,Bihar,Patna,"Govt. High School Shikarpur, Patna - BSPCB",06-04-2025,25.592539,85.227158,SO2,4,9,6
India,Bihar,Samastipur,"DM Office_Kasipur, Samastipur - BSPCB",06-04-2025,25.859655,85.77944,SO2,27,32,30
India,Bihar,Gaya,"SFTI Kusdihra, Gaya - BSPCB",06-04-2025,24.762518,84.982348,OZONE,11,65,19
India,Bihar,Patna,"Muradpur, Patna - BSPCB",06-04-2025,25.619651,85.147382,NO2,7,95,37
India,Chhattisgarh,Bhilai,"Civic Center, Bhilai - Bhilai Steel Plant",06-04-2025,21.185571,81.343175,SO2,9,11,11
India,Chhattisgarh,Bhilai,"Civic Center, Bhilai - Bhilai Steel Plant",06-04-2025,21.185571,81.343175,OZONE,8,27,14
India,Chhattisgarh,Bhilai,"Hathkhoj, Bhilai - CECB",06-04-2025,21.224231,81.40835,NO2,17,91,40
India,Chhattisgarh,Bilaspur,"Mangala, Bilaspur - NTPC",06-04-2025,22.08815,82.13737,PM10,39,107,79
India,Chhattisgarh,Chhal,"Nawapara SECL Colony, Chhal - CECB",06-04-2025,22.118125,83.140608,NO2,9,31,17
India,Bihar,Sasaram,"Dada Peer, Sasaram - BSPCB",06-04-2025,24.952822,84.002396,OZONE,3,15,10
India,Bihar,Siwan,"Chitragupta Nagar, Siwan - BSPCB",06-04-2025,26.2271665,84.3570427,PM2.5,40,366,217
India,Chandigarh,Chandigarh,"Sector 22, Chandigarh - CPCC",06-04-2025,30.735567,76.775714,PM2.5,35,193,89
India,Chandigarh,Chandigarh,"Sector-25, Chandigarh - CPCC",06-04-2025,30.751462,76.762879,PM2.5,55,120,80
India,Chhattisgarh,Bhilai,"32Bungalows, Bhilai - CECB",06-04-2025,21.194815,81.31477,SO2,10,21,16
India,Chandigarh,Chandigarh,"Sector-53, Chandigarh - CPCC",06-04-2025,30.719859,76.738637,PM2.5,NA,NA,NA
India,Chhattisgarh,Korba,"Rampur, Korba - CECB",06-04-2025,22.368195,82.746431,PM10,73,122,99
India,Chhattisgarh,Korba,"Rampur, Korba - CECB",06-04-2025,22.368195,82.746431,NH3,1,1,1
India,Chhattisgarh,Raipur,"Siltara Phase-II, Raipur - CECB",06-04-2025,21.371751,81.664929,OZONE,5,45,6
India,Chhattisgarh,Tumidih,"OP Jindal Industrial Park, Tumidih - CECB",06-04-2025,22.06631475,83.33820077,PM10,53,452,154
India,Chhattisgarh,Tumidih,"OP Jindal Industrial Park, Tumidih - CECB",06-04-2025,22.06631475,83.33820077,CO,20,62,41
India,Chhattisgarh,Tumidih,"OP Jindal Industrial Park, Tumidih - CECB",06-04-2025,22.06631475,83.33820077,OZONE,4,89,11
India,Delhi,Delhi,"Alipur, Delhi - DPCC",06-04-2025,28.815329,77.15301,SO2,5,105,34
India,Delhi,Delhi,"Anand Vihar, Delhi - DPCC",06-04-2025,28.647622,77.315809,PM2.5,27,392,184
India,Delhi,Delhi,"Anand Vihar, Delhi - DPCC",06-04-2025,28.647622,77.315809,PM10,62,418,212
India,Delhi,Delhi,"Ashok Vihar, Delhi - DPCC",06-04-2025,28.695381,77.181665,NH3,8,10,9
India,Delhi,Delhi,"Ashok Vihar, Delhi - DPCC",06-04-2025,28.695381,77.181665,SO2,NA,NA,NA
India,Delhi,Delhi,"Bawana, Delhi - DPCC",06-04-2025,28.7762,77.051074,PM10,108,414,238
India,Chhattisgarh,Kunjemura,"OP Jindal School, Kunjemura - CECB",06-04-2025,22.12665,83.483212,NH3,2,2,2
India,Chhattisgarh,Kunjemura,"OP Jindal School, Kunjemura - CECB",06-04-2025,22.12665,83.483212,CO,30,62,54
India,Chhattisgarh,Milupara,"Govt. Higher Secondary School, Milupara - CECB",06-04-2025,22.1910172,83.5197009,SO2,5,37,16
India,Chhattisgarh,Raipur,"Bhatagaon New ISBT, Raipur - CECB",06-04-2025,21.219665,81.630094,NO2,51,206,96
India,Chhattisgarh,Raipur,"Bhatagaon New ISBT, Raipur - CECB",06-04-2025,21.219665,81.630094,OZONE,6,28,10
India,Chhattisgarh,Raipur,"Krishak Nagar, Raipur - CECB",06-04-2025,21.237755,81.705301,PM2.5,2,31,14
India,Chhattisgarh,Raipur,"Krishak Nagar, Raipur - CECB",06-04-2025,21.237755,81.705301,NO2,15,25,21
India,Delhi,Delhi,"Burari Crossing, Delhi - IMD",06-04-2025,28.7256504,77.2011573,OZONE,9,72,10
India,Delhi,Delhi,"CRRI Mathura Road, Delhi - IMD",06-04-2025,28.5512005,77.2735737,PM10,106,415,204
India,Delhi,Delhi,"CRRI Mathura Road, Delhi - IMD",06-04-2025,28.5512005,77.2735737,NO2,67,178,117
India,Delhi,Delhi,"Chandni Chowk, Delhi - IITM",06-04-2025,28.656756,77.227234,SO2,18,58,33
India,Delhi,Delhi,"DTU, Delhi - CPCB",06-04-2025,28.7500499,77.1112615,PM10,96,453,226
India,Chhattisgarh,Kunjemura,"OP Jindal School, Kunjemura - CECB",06-04-2025,22.12665,83.483212,PM2.5,40,68,54
India,Chhattisgarh,Kunjemura,"OP Jindal School, Kunjemura - CECB",06-04-2025,22.12665,83.483212,NO2,30,42,37
India,Chhattisgarh,Milupara,"Govt. Higher Secondary School, Milupara - CECB",06-04-2025,22.1910172,83.5197009,OZONE,13,40,15
India,Chhattisgarh,Raipur,"AIIMS, Raipur - CECB",06-04-2025,21.258815,81.578979,CO,22,36,29
India,Delhi,Delhi,"Jawaharlal Nehru Stadium, Delhi - DPCC",06-04-2025,28.58028,77.233829,NH3,14,22,18
India,Delhi,Delhi,"Jawaharlal Nehru Stadium, Delhi - DPCC",06-04-2025,28.58028,77.233829,SO2,4,22,12
India,Delhi,Delhi,"Jawaharlal Nehru Stadium, Delhi - DPCC",06-04-2025,28.58028,77.233829,CO,39,110,89
India,Delhi,Delhi,"Lodhi Road, Delhi - IITM",06-04-2025,28.588333,77.221667,SO2,21,59,36
India,Delhi,Delhi,"Lodhi Road, Delhi - IMD",06-04-2025,28.5918245,77.2273074,PM10,NA,NA,NA
India,Delhi,Delhi,"Major Dhyan Chand National Stadium, Delhi - DPCC",06-04-2025,28.611281,77.237738,NH3,15,20,17
India,Delhi,Delhi,"Najafgarh, Delhi - DPCC",06-04-2025,28.570173,76.933762,OZONE,2,232,13
India,Delhi,Delhi,"Narela, Delhi - DPCC",06-04-2025,28.822836,77.101981,SO2,9,61,30
India,Delhi,Delhi,"Nehru Nagar, Delhi - DPCC",06-04-2025,28.56789,77.250515,PM10,112,211,161
India,Delhi,Delhi,"North Campus, DU, Delhi - IMD",06-04-2025,28.6573814,77.1585447,NO2,15,131,64
India,Delhi,Delhi,"North Campus, DU, Delhi - IMD",06-04-2025,28.6573814,77.1585447,OZONE,8,150,11
India,Delhi,Delhi,"NSIT Dwarka, Delhi - CPCB",06-04-2025,28.60909,77.0325413,PM10,125,271,166
India,Delhi,Delhi,"NSIT Dwarka, Delhi - CPCB",06-04-2025,28.60909,77.0325413,NO2,45,48,46
India,Delhi,Delhi,"Najafgarh, Delhi - DPCC",06-04-2025,28.570173,76.933762,PM10,81,274,152
India,Delhi,Delhi,"Jahangirpuri, Delhi - DPCC",06-04-2025,28.73282,77.170633,PM10,133,498,307
India,Delhi,Delhi,"Jahangirpuri, Delhi - DPCC",06-04-2025,28.73282,77.170633,NO2,51,234,117
India,Delhi,Delhi,"Jawaharlal Nehru Stadium, Delhi - DPCC",06-04-2025,28.58028,77.233829,PM2.5,20,303,108
India,Delhi,Delhi,"IHBAS, Dilshad Garden, Delhi - CPCB",06-04-2025,28.6811736,77.3025234,PM10,95,189,126
India,Delhi,Delhi,"IHBAS, Dilshad Garden, Delhi - CPCB",06-04-2025,28.6811736,77.3025234,SO2,5,11,8
India,Delhi,Delhi,"Mandir Marg, Delhi - DPCC",06-04-2025,28.636429,77.201067,PM10,61,218,127
India,Delhi,Delhi,"Okhla Phase-2, Delhi - DPCC",06-04-2025,28.530785,77.271255,SO2,11,33,21
India,Delhi,Delhi,"Mundka, Delhi - DPCC",06-04-2025,28.684678,77.076574,SO2,14,111,49
India,Delhi,Delhi,"Mundka, Delhi - DPCC",06-04-2025,28.684678,77.076574,NO2,33,91,62
India,Delhi,Delhi,"Pusa, Delhi - DPCC",06-04-2025,28.639652,77.146275,PM10,119,257,166
India,Delhi,Delhi,"Pusa, Delhi - DPCC",06-04-2025,28.639652,77.146275,SO2,14,53,27
India,Delhi,Delhi,"Pusa, Delhi - DPCC",06-04-2025,28.639652,77.146275,CO,2,106,8
India,Delhi,Delhi,"Pusa, Delhi - IMD",06-04-2025,28.63611,77.173332,OZONE,NA,NA,NA
India,Delhi,Delhi,"R K Puram, Delhi - DPCC",06-04-2025,28.563262,77.186937,NO2,11,102,53
India,Delhi,Delhi,"R K Puram, Delhi - DPCC",06-04-2025,28.563262,77.186937,CO,22,115,58
India,Delhi,Delhi,"Rohini, Delhi - DPCC",06-04-2025,28.732528,77.11992,PM10,109,425,254
India,Delhi,Delhi,"Rohini, Delhi - DPCC",06-04-2025,28.732528,77.11992,NO2,8,109,54
India,Delhi,Delhi,"Rohini, Delhi - DPCC",06-04-2025,28.732528,77.11992,OZONE,2,122,7
India,Delhi,Delhi,"Shadipur, Delhi - CPCB",06-04-2025,28.6514781,77.1473105,PM10,108,250,173
India,Delhi,Delhi,"Shadipur, Delhi - CPCB",06-04-2025,28.6514781,77.1473105,NH3,4,9,6
India,Delhi,Delhi,"Shadipur, Delhi - CPCB",06-04-2025,28.6514781,77.1473105,OZONE,16,60,25
India,Delhi,Delhi,"Sirifort, Delhi - CPCB",06-04-2025,28.5504249,77.2159377,SO2,30,80,75
India,Delhi,Delhi,"Sirifort, Delhi - CPCB",06-04-2025,28.5504249,77.2159377,CO,23,107,89
India,Delhi,Delhi,"Sonia Vihar, Delhi - DPCC",06-04-2025,28.710508,77.249485,NH3,5,8,6
India,Delhi,Delhi,"Sonia Vihar, Delhi - DPCC",06-04-2025,28.710508,77.249485,CO,22,100,78
India,Delhi,Delhi,"Vivek Vihar, Delhi - DPCC",06-04-2025,28.672342,77.31526,NO2,17,103,49
India,Delhi,Delhi,"Vivek Vihar, Delhi - DPCC",06-04-2025,28.672342,77.31526,NH3,1,6,4
India,Delhi,Delhi,"Vivek Vihar, Delhi - DPCC",06-04-2025,28.672342,77.31526,SO2,9,25,16
India,Gujarat,Ahmedabad,"Raikhad, Ahmedabad - IITM",06-04-2025,23.020509,72.579261,CO,1,172,13
India,Gujarat,Ahmedabad,"Rakhial, Ahmedabad - IITM",06-04-2025,23.016834,72.625775,PM2.5,21,309,122
India,Gujarat,Ahmedabad,"Rakhial, Ahmedabad - IITM",06-04-2025,23.016834,72.625775,PM10,27,241,114
India,Gujarat,Ahmedabad,"Rakhial, Ahmedabad - IITM",06-04-2025,23.016834,72.625775,SO2,12,116,60
India,Gujarat,Ahmedabad,"SVPI Airport Hansol, Ahmedabad - IITM",06-04-2025,23.076793,72.627874,PM2.5,22,108,52
India,Gujarat,Ahmedabad,"SVPI Airport Hansol, Ahmedabad - IITM",06-04-2025,23.076793,72.627874,NO2,7,71,25
India,Gujarat,Ahmedabad,"Chandkheda, Ahmedabad - IITM",06-04-2025,23.107969,72.574648,PM2.5,30,244,100
India,Gujarat,Ahmedabad,"Chandkheda, Ahmedabad - IITM",06-04-2025,23.107969,72.574648,NO2,37,112,57
India,Gujarat,Ahmedabad,"Sardar Vallabhbhai Patel Stadium, Ahmedabad - IITM",06-04-2025,23.04307,72.562968,PM2.5,45,167,94
India,Gujarat,Ahmedabad,"Chandkheda, Ahmedabad - IITM",06-04-2025,23.107969,72.574648,OZONE,1,105,32
India,Gujarat,Ahmedabad,"Maninagar, Ahmedabad - GPCB",06-04-2025,23.002657,72.591912,NO2,30,31,30
India,Gujarat,Gandhinagar,"Sector-10, Gandhinagar - GPCB",06-04-2025,23.221714,72.654328,PM2.5,30,73,46
India,Gujarat,Gandhinagar,"Sector-10, Gandhinagar - GPCB",06-04-2025,23.221714,72.654328,PM10,43,134,82
India,Gujarat,Gandhinagar,"Sector-10, Gandhinagar - GPCB",06-04-2025,23.221714,72.654328,CO,6,80,10
India,Gujarat,Nandesari,"GIDC, Nandesari - Nandesari Ind. Association",06-04-2025,22.410802,73.097923,PM10,1,15,5
India,Gujarat,Vapi,"Phase-1 GIDC, Vapi - GPCB",06-04-2025,20.362421,72.918013,NO2,13,14,14
India,Gujarat,Vapi,"Phase-1 GIDC, Vapi - GPCB",06-04-2025,20.362421,72.918013,NH3,10,10,10
India,Gujarat,Vapi,"Phase-1 GIDC, Vapi - GPCB",06-04-2025,20.362421,72.918013,SO2,28,39,36
India,Gujarat,Gandhinagar,"GIFT City, Gandhinagar - IITM",06-04-2025,23.163798,72.677768,CO,2,62,21
India,Gujarat,Gandhinagar,"IIPHG Lekawada, Gandhinagar - IITM",06-04-2025,23.243639,72.68994,PM2.5,83,313,160
India,Gujarat,Gandhinagar,"IIPHG Lekawada, Gandhinagar - IITM",06-04-2025,23.243639,72.68994,NO2,28,142,74
India,Gujarat,Gandhinagar,"IIPHG Lekawada, Gandhinagar - IITM",06-04-2025,23.243639,72.68994,NH3,2,20,7
India,Jharkhand,Dhanbad,"Sardar Patel Nagar, Dhanbad - JSPCB",06-04-2025,23.80569,86.44268,NO2,112,128,126
India,Karnataka,Bagalkot,"Vidayagiri, Bagalkot - KSPCB",06-04-2025,16.172806,75.659694,PM2.5,33,34,34
India,Karnataka,Bengaluru,"Hebbal, Bengaluru - KSPCB",06-04-2025,13.029152,77.585901,CO,4,58,17
India,Karnataka,Bengaluru,"Hombegowda Nagar, Bengaluru - KSPCB",06-04-2025,12.938539,77.5901,PM10,18,44,28
India,Karnataka,Bengaluru,"Jayanagar 5th Block, Bengaluru - KSPCB",06-04-2025,12.920984,77.584908,SO2,4,9,6
India,Karnataka,Bengaluru,"Jayanagar 5th Block, Bengaluru - KSPCB",06-04-2025,12.920984,77.584908,CO,1,18,4
India,Gujarat,Gandhinagar,"IIPHG Lekawada, Gandhinagar - IITM",06-04-2025,23.243639,72.68994,CO,2,105,13
India,Karnataka,Belgaum,"Ramteerth Nagar, Belgaum - KSPCB",06-04-2025,15.888653,74.541751,NH3,2,3,2
India,Gujarat,Vatva,"Phase-4 GIDC, Vatva - GPCB",06-04-2025,22.969611,72.6435,PM2.5,33,297,109
India,Karnataka,Bengaluru,"Peenya, Bengaluru - CPCB",06-04-2025,13.0270199,77.494094,PM2.5,6,81,36
India,Karnataka,Chikkaballapur,"Chikkaballapur Rural, Chikkaballapur - KSPCB",06-04-2025,13.428828,77.731418,OZONE,24,25,24
India,Karnataka,Chikkamagaluru,"Kalyana Nagara, Chikkamagaluru - KSPCB",06-04-2025,13.328028,75.797056,PM2.5,NA,NA,NA
India,Karnataka,Chikkamagaluru,"Kalyana Nagara, Chikkamagaluru - KSPCB",06-04-2025,13.328028,75.797056,NO2,NA,NA,NA
India,Karnataka,Chikkamagaluru,"Kalyana Nagara, Chikkamagaluru - KSPCB",06-04-2025,13.328028,75.797056,NH3,NA,NA,NA
India,Karnataka,Davanagere,"Devaraj Urs Badavane, Davanagere - KSPCB",06-04-2025,14.4758,75.9052,NH3,2,2,2
India,Karnataka,Dharwad,"Kalabhavan, Dharwad - KSPCB",06-04-2025,15.459706,75.008381,PM10,45,61,54
India,Karnataka,Gadag,"Panchal Nagar, Gadag - KSPCB",06-04-2025,15.411456,75.638133,NO2,4,21,13
India,Karnataka,Gadag,"Panchal Nagar, Gadag - KSPCB",06-04-2025,15.411456,75.638133,OZONE,18,40,30
India,Karnataka,Haveri,"Ashwini Nagar, Haveri - KSPCB",06-04-2025,14.7918,75.3896,OZONE,17,17,17
India,Karnataka,Hubballi,"Lingaraj Nagar, Hubballi - KSPCB",06-04-2025,15.3714823,75.1160168,SO2,2,3,2
India,Karnataka,Madikeri,"Stuart Hill, Madikeri - KSPCB",06-04-2025,12.415911,75.73505,SO2,4,4,4
India,Karnataka,Madikeri,"Stuart Hill, Madikeri - KSPCB",06-04-2025,12.415911,75.73505,OZONE,3,7,5
India,Karnataka,Mangalore,"Kadri, Mangalore - KSPCB",06-04-2025,12.88925,74.853,PM2.5,33,47,38
India,Karnataka,Mangalore,"Kadri, Mangalore - KSPCB",06-04-2025,12.88925,74.853,CO,22,34,28
India,Karnataka,Bengaluru,"Sanegurava Halli, Bengaluru - KSPCB",06-04-2025,12.990328,77.5431385,NO2,21,32,24
India,Karnataka,Bengaluru,"Shivapura_Peenya, Bengaluru - KSPCB",06-04-2025,13.0246342,77.5080115,SO2,4,10,6
India,Karnataka,Bengaluru,"Silk Board, Bengaluru - KSPCB",06-04-2025,12.917348,77.622813,NH3,1,5,3
India,Karnataka,Kalaburagi,"Lal Bahadur Shastri Nagar, Kalaburagi - KSPCB",06-04-2025,17.321993,76.822628,PM10,42,109,73
India,Karnataka,Kalaburagi,"Lal Bahadur Shastri Nagar, Kalaburagi - KSPCB",06-04-2025,17.321993,76.822628,NH3,3,5,3
India,Karnataka,Chikkaballapur,"Chikkaballapur Rural, Chikkaballapur - KSPCB",06-04-2025,13.428828,77.731418,NH3,3,4,3
India,Karnataka,Chikkaballapur,"Chikkaballapur Rural, Chikkaballapur - KSPCB",06-04-2025,13.428828,77.731418,CO,10,18,17
India,Karnataka,Koppal,"Diwator Nagar, Koppal - KSPCB",06-04-2025,15.34763,76.181767,PM2.5,10,35,18
India,Karnataka,Koppal,"Diwator Nagar, Koppal - KSPCB",06-04-2025,15.34763,76.181767,CO,24,38,35
India,Karnataka,Bengaluru,"RVCE-Mailasandra, Bengaluru - KSPCB",06-04-2025,12.921418,77.502466,NO2,18,21,20
India,Karnataka,Bengaluru,"RVCE-Mailasandra, Bengaluru - KSPCB",06-04-2025,12.921418,77.502466,SO2,NA,NA,NA
India,Karnataka,Bengaluru,"Silk Board, Bengaluru - KSPCB",06-04-2025,12.917348,77.622813,SO2,9,11,10
India,Karnataka,Mysuru,"Hebbal 1st Stage, Mysuru - KSPCB",06-04-2025,12.21041,76.37376,NH3,3,6,5
India,Karnataka,Mysuru,"Hebbal 1st Stage, Mysuru - KSPCB",06-04-2025,12.21041,76.37376,CO,6,34,16
India,Karnataka,Tumakuru,"Thimmalapura, Tumakuru - KSPCB",06-04-2025,13.377516,77.099072,NO2,18,19,18
India,Karnataka,Tumakuru,"Thimmalapura, Tumakuru - KSPCB",06-04-2025,13.377516,77.099072,SO2,5,7,6
India,Karnataka,Tumakuru,"Thimmalapura, Tumakuru - KSPCB",06-04-2025,13.377516,77.099072,CO,56,58,57
India,Karnataka,Yadgir,"Collector Office, Yadgir - KSPCB",06-04-2025,16.7602,77.1428,NO2,32,57,45
India,Kerala,Thiruvananthapuram,"Plammoodu, Thiruvananthapuram - Kerala PCB",06-04-2025,8.5149093,76.9435879,PM2.5,8,51,21
India,Kerala,Thiruvananthapuram,"Plammoodu, Thiruvananthapuram - Kerala PCB",06-04-2025,8.5149093,76.9435879,OZONE,7,41,16
India,Kerala,Thrissur,"Corporation Ground, Thrissur - Kerala PCB",06-04-2025,10.5324,76.2159,SO2,1,1,1
India,Madhya Pradesh,Bhopal,"Idgah Hills, Bhopal - MPPCB",06-04-2025,23.264759,77.381568,PM10,68,119,88
India,Kerala,Eloor,"Udyogamandal, Eloor - Kerala PCB",06-04-2025,10.073232,76.302765,OZONE,12,25,14
India,Kerala,Kollam,"Polayathode, Kollam - Kerala PCB",06-04-2025,8.8787,76.6073,NH3,1,1,1
India,Kerala,Kollam,"Polayathode, Kollam - Kerala PCB",06-04-2025,8.8787,76.6073,SO2,1,3,2
India,Madhya Pradesh,Bhopal,"Paryavaran Parisar, Bhopal - MPPCB",06-04-2025,23.210494,77.425409,NO2,14,100,41
India,Madhya Pradesh,Bhopal,"Paryavaran Parisar, Bhopal - MPPCB",06-04-2025,23.210494,77.425409,NH3,2,10,4
India,Madhya Pradesh,Bhopal,"Paryavaran Parisar, Bhopal - MPPCB",06-04-2025,23.210494,77.425409,CO,8,44,21
India,Kerala,Thiruvananthapuram,"Kariavattom, Thiruvananthapuram - Kerala PCB",06-04-2025,8.5637,76.8865,PM2.5,39,45,43
India,Kerala,Thiruvananthapuram,"Kariavattom, Thiruvananthapuram - Kerala PCB",06-04-2025,8.5637,76.8865,NO2,6,7,7
India,Kerala,Eloor,"Udyogamandal, Eloor - Kerala PCB",06-04-2025,10.073232,76.302765,PM10,42,59,47
India,Kerala,Eloor,"Udyogamandal, Eloor - Kerala PCB",06-04-2025,10.073232,76.302765,NO2,7,8,8
India,Madhya Pradesh,Gwalior,"Deen Dayal Nagar, Gwalior - MPPCB",06-04-2025,26.259242,78.216432,PM2.5,87,356,233
India,Kerala,Thiruvananthapuram,"Kariavattom, Thiruvananthapuram - Kerala PCB",06-04-2025,8.5637,76.8865,SO2,2,15,6
India,Madhya Pradesh,Bhopal,"T T Nagar, Bhopal - MPPCB",06-04-2025,23.233584,77.400574,OZONE,33,175,87
India,Madhya Pradesh,Gwalior,"Deen Dayal Nagar, Gwalior - MPPCB",06-04-2025,26.259242,78.216432,PM10,90,285,173
India,Madhya Pradesh,Gwalior,"Deen Dayal Nagar, Gwalior - MPPCB",06-04-2025,26.259242,78.216432,NH3,9,19,13
India,Madhya Pradesh,Gwalior,"Deen Dayal Nagar, Gwalior - MPPCB",06-04-2025,26.259242,78.216432,SO2,16,19,17
India,Madhya Pradesh,Gwalior,"Deen Dayal Nagar, Gwalior - MPPCB",06-04-2025,26.259242,78.216432,OZONE,42,122,48
India,Madhya Pradesh,Indore,"Airport Area, Indore - IMC",06-04-2025,22.7289,75.8076,SO2,16,16,16
India,Madhya Pradesh,Indore,"Airport Area, Indore - IMC",06-04-2025,22.7289,75.8076,OZONE,8,19,9
India,Madhya Pradesh,Jabalpur,"Gupteshwar, Jabalpur - JMC",06-04-2025,23.142888,79.916147,CO,NA,NA,NA
India,Madhya Pradesh,Jabalpur,"Gupteshwar, Jabalpur - JMC",06-04-2025,23.142888,79.916147,OZONE,NA,NA,NA
India,Madhya Pradesh,Jabalpur,"Marhatal, Jabalpur - MPPCB",06-04-2025,23.168606,79.932247,PM2.5,17,307,104
India,Madhya Pradesh,Jabalpur,"Marhatal, Jabalpur - MPPCB",06-04-2025,23.168606,79.932247,SO2,9,18,13
India,Madhya Pradesh,Jabalpur,"Suhagi, Jabalpur - JMC",06-04-2025,23.218135,79.95777,CO,16,122,49
India,Madhya Pradesh,Maihar,"Sahilara, Maihar - KJS Cements",06-04-2025,24.2613009,80.7231783,CO,17,26,25
India,Madhya Pradesh,Mandideep,"Sector-D Industrial Area, Mandideep - MPPCB",06-04-2025,23.10844,77.511428,PM2.5,28,408,146
India,Madhya Pradesh,Katni,"Gole Bazar, Katni - MPPCB",06-04-2025,23.50016,80.23284,SO2,17,105,36
India,Madhya Pradesh,Katni,"Gole Bazar, Katni - MPPCB",06-04-2025,23.50016,80.23284,OZONE,6,140,17
India,Madhya Pradesh,Pithampur,"Sector-2 Industrial Area, Pithampur - MPPCB",06-04-2025,22.624758,75.675238,OZONE,63,129,89
India,Madhya Pradesh,Mandideep,"Sector-D Industrial Area, Mandideep - MPPCB",06-04-2025,23.10844,77.511428,NH3,4,11,7
India,Madhya Pradesh,Pithampur,"Sector-2 Industrial Area, Pithampur - MPPCB",06-04-2025,22.624758,75.675238,NH3,3,4,4
India,Madhya Pradesh,Jabalpur,"Govindh Bhavan Colony, Jabalpur - JMC",06-04-2025,23.163174,79.973061,PM2.5,17,90,56
India,Madhya Pradesh,Ratlam,"Shasthri Nagar, Ratlam - IPCA Lab",06-04-2025,23.331731,75.045981,SO2,41,47,42
India,Madhya Pradesh,Ujjain,"Mahakaleshwar Temple, Ujjain - MPPCB",06-04-2025,23.182719,75.768218,OZONE,44,58,51
India,Maharashtra,Ahmednagar,"Tarakpur, Ahmednagar - MPCB",06-04-2025,19.10122,74.73339,OZONE,6,108,27
India,Madhya Pradesh,Sagar,"Civil Lines, Sagar - MPPCB",06-04-2025,23.838586,78.759431,OZONE,3,68,31
India,Madhya Pradesh,Sagar,"Deen Dayal Nagar, Sagar - MPPCB",06-04-2025,23.8640158,78.80289321,CO,36,50,46
India,Madhya Pradesh,Sagar,"Civil Lines, Sagar - MPPCB",06-04-2025,23.838586,78.759431,PM10,17,119,53
India,Madhya Pradesh,Sagar,"Civil Lines, Sagar - MPPCB",06-04-2025,23.838586,78.759431,NH3,1,1,1
India,Madhya Pradesh,Sagar,"Civil Lines, Sagar - MPPCB",06-04-2025,23.838586,78.759431,SO2,6,24,10
India,Madhya Pradesh,Satna,"Bandhavgar Colony, Satna - Birla Cement",06-04-2025,24.58434363,80.8549414,PM10,54,57,55
India,Madhya Pradesh,Satna,"Bandhavgar Colony, Satna - Birla Cement",06-04-2025,24.58434363,80.8549414,CO,17,45,33
India,Madhya Pradesh,Singrauli,"Suryakiran Bhawan NCL, Singrauli - MPPCB",06-04-2025,24.10897,82.64558,NO2,8,153,74
India,Madhya Pradesh,Ujjain,"Mahakaleshwar Temple, Ujjain - MPPCB",06-04-2025,23.182719,75.768218,PM2.5,28,118,60
India,Maharashtra,Aurangabad,"More Chowk Waluj, Aurangabad - MPCB",06-04-2025,19.8389439,75.244448,SO2,23,37,28
India,Maharashtra,Aurangabad,"MIDC Chilkalthana, Aurangabad - MPCB",06-04-2025,19.87562,75.38731,NO2,12,65,31
India,Maharashtra,Aurangabad,"Rachnakar Colony, Aurangabad - MPCB",06-04-2025,19.863756,75.321188,SO2,14,29,20
India,Maharashtra,Kolhapur,"Shivaji University, Kolhapur - MPCB",06-04-2025,16.6870449,74.2505872,PM10,49,70,57
India,Maharashtra,Kolhapur,"Shivaji University, Kolhapur - MPCB",06-04-2025,16.6870449,74.2505872,SO2,2,6,3
India,Maharashtra,Kolhapur,"Sinchan Bhavan, Kolhapur - MPCB",06-04-2025,16.7143745,74.2426398,PM10,42,76,58
India,Maharashtra,Latur,"Sawe Wadi, Latur - MPCB",06-04-2025,18.39963,76.57452,PM10,42,242,111
India,Maharashtra,Mahad,"Kamble Tarf Birwadi, Mahad - MPCB",06-04-2025,18.1023399,73.4783687,NO2,9,92,31
India,Maharashtra,Malegaon,"Mahesh Nagar, Malegaon - MPCB",06-04-2025,20.555712,74.529236,OZONE,3,75,36
India,Maharashtra,Mira-Bhayandar,"Bhayandar West, Mira-Bhayandar - MPCB",06-04-2025,19.296481,72.840923,PM10,33,79,54
India,Maharashtra,Mumbai,"Bandra Kurla Complex, Mumbai - MPCB",06-04-2025,19.065931,72.862131,OZONE,3,62,21
India,Maharashtra,Mumbai,"Borivali East, Mumbai - IITM",06-04-2025,19.23241,72.86895,PM10,69,115,92
India,Maharashtra,Bhiwandi,"Gokul Nagar, Bhiwandi - MPCB",06-04-2025,19.309073,73.057223,PM2.5,45,201,98
India,Maharashtra,Boisar,"Khaira, Boisar - MPCB",06-04-2025,19.786089,72.757971,SO2,4,45,26
India,Maharashtra,Boisar,"Khaira, Boisar - MPCB",06-04-2025,19.786089,72.757971,CO,2,42,24
India,Maharashtra,Chandrapur,"Chauhan Colony, Chandrapur - MPCB",06-04-2025,19.9629,79.298714,PM2.5,82,302,170
India,Maharashtra,Chandrapur,"Chauhan Colony, Chandrapur - MPCB",06-04-2025,19.9629,79.298714,SO2,18,69,24
India,Maharashtra,Jalna,"Old MIDC, Jalna - MPCB",06-04-2025,19.854616,75.905894,PM2.5,57,148,86
India,Maharashtra,Jalna,"Old MIDC, Jalna - MPCB",06-04-2025,19.854616,75.905894,SO2,3,4,3
India,Maharashtra,Kalyan,"Khadakpada, Kalyan - MPCB",06-04-2025,19.25292,73.142019,PM10,106,169,128
India,Maharashtra,Kalyan,"Pimpleshwar Mandir, Kalyan - MPCB",06-04-2025,19.192056,72.9585188,SO2,3,20,9
India,Maharashtra,Chandrapur,"Chauhan Colony, Chandrapur - MPCB",06-04-2025,19.9629,79.298714,CO,10,43,15
India,Maharashtra,Chandrapur,"MIDC Khutala, Chandrapur - MPCB",06-04-2025,19.9775302,79.2337086,NH3,1,1,1
India,Maharashtra,Dhule,"Deopur, Dhule - MPCB",06-04-2025,20.918946,74.776388,NO2,10,71,22
India,Maharashtra,Mahad,"Kamble Tarf Birwadi, Mahad - MPCB",06-04-2025,18.1023399,73.4783687,CO,8,52,44
India,Maharashtra,Malegaon,"Mahesh Nagar, Malegaon - MPCB",06-04-2025,20.555712,74.529236,NH3,2,3,3
India,Maharashtra,Malegaon,"Mahesh Nagar, Malegaon - MPCB",06-04-2025,20.555712,74.529236,SO2,36,101,45
India,Maharashtra,Mumbai,"Byculla, Mumbai - BMC",06-04-2025,18.9767,72.838,NH3,5,21,9
India,Maharashtra,Mumbai,"Chakala-Andheri East, Mumbai - IITM",06-04-2025,19.11074,72.86084,PM2.5,50,107,74
India,Maharashtra,Aurangabad,"Rachnakar Colony, Aurangabad - MPCB",06-04-2025,19.863756,75.321188,OZONE,10,137,19
India,Maharashtra,Badlapur,"Katrap, Badlapur - MPCB",06-04-2025,19.16485,73.23409,CO,9,94,33
India,Maharashtra,Mumbai,"Navy Nagar-Colaba, Mumbai - IITM",06-04-2025,18.897756,72.81332,CO,2,75,40
India,Maharashtra,Mumbai,"Powai, Mumbai - MPCB",06-04-2025,19.1375,72.915056,SO2,24,27,25
India,Maharashtra,Mumbai,"Shivaji Nagar, Mumbai - BMC",06-04-2025,19.060498,72.923356,PM2.5,39,95,65
India,Maharashtra,Mumbai,"Siddharth Nagar-Worli, Mumbai - IITM",06-04-2025,19.000083,72.813993,PM2.5,12,77,33
India,Maharashtra,Mumbai,"Siddharth Nagar-Worli, Mumbai - IITM",06-04-2025,19.000083,72.813993,NH3,2,3,2
India,Maharashtra,Mumbai,"Sion, Mumbai - MPCB",06-04-2025,19.047,72.8746,CO,7,8,8
India,Maharashtra,Mumbai,"Colaba, Mumbai - MPCB",06-04-2025,18.91,72.82,PM10,36,111,62
India,Maharashtra,Mumbai,"Colaba, Mumbai - MPCB",06-04-2025,18.91,72.82,CO,25,30,26
India,Maharashtra,Mumbai,"Colaba, Mumbai - MPCB",06-04-2025,18.91,72.82,OZONE,11,11,11
India,Maharashtra,Mumbai,"Deonar, Mumbai - IITM",06-04-2025,19.04946,72.923,NO2,19,73,39
India,Maharashtra,Mumbai,"Ghatkopar, Mumbai - BMC",06-04-2025,19.083694,72.920967,NO2,24,55,36
India,Maharashtra,Mumbai,"Kandivali East, Mumbai - MPCB",06-04-2025,19.2058,72.8682,PM2.5,77,85,81
India,Maharashtra,Nagpur,"Ambazari, Nagpur - MPCB",06-04-2025,21.121801,79.04952,PM10,94,165,121
India,Maharashtra,Nagpur,"Opp GPO Civil Lines, Nagpur - MPCB",06-04-2025,21.152875,79.0517531,NO2,15,75,35
India,Maharashtra,Nagpur,"Ram Nagar, Nagpur - MPCB",06-04-2025,21.143383,79.048912,SO2,1,43,15
India,Maharashtra,Nagpur,"Ram Nagar, Nagpur - MPCB",06-04-2025,21.143383,79.048912,CO,14,47,30
India,Maharashtra,Mumbai,"Khindipada-Bhandup West, Mumbai - IITM",06-04-2025,19.1653323,72.922099,NO2,15,67,31
India,Maharashtra,Mumbai,"Khindipada-Bhandup West, Mumbai - IITM",06-04-2025,19.1653323,72.922099,NH3,1,5,2
India,Maharashtra,Mumbai,"Kurla, Mumbai - MPCB",06-04-2025,19.0863,72.8888,NO2,NA,NA,NA
India,Maharashtra,Mumbai,"Kherwadi_Bandra East, Mumbai - MPCB",06-04-2025,19.0632143,72.8456324,PM10,19,130,56
India,Maharashtra,Mumbai,"Kherwadi_Bandra East, Mumbai - MPCB",06-04-2025,19.0632143,72.8456324,SO2,1,5,1
India,Maharashtra,Mumbai,"Chembur, Mumbai - MPCB",06-04-2025,19.0364585,72.8954371,NH3,9,14,10
India,Maharashtra,Mumbai,"Chembur, Mumbai - MPCB",06-04-2025,19.0364585,72.8954371,CO,24,74,38
India,Maharashtra,Mumbai,"Mazgaon, Mumbai - IITM",06-04-2025,18.96702,72.84214,NH3,6,11,8
India,Maharashtra,Mumbai,"Mazgaon, Mumbai - IITM",06-04-2025,18.96702,72.84214,OZONE,8,71,24
India,Maharashtra,Mumbai,"Mindspace-Malad West, Mumbai - MPCB",06-04-2025,19.1878657,72.8304069,CO,8,35,20
India,Maharashtra,Mumbai,"Vasai West, Mumbai - MPCB",06-04-2025,19.3832,72.8204,SO2,32,33,32
India,Maharashtra,Nanded,"Sneh Nagar, Nanded - MPCB",06-04-2025,19.173852,77.296291,NH3,NA,NA,NA
India,Maharashtra,Nanded,"Sneh Nagar, Nanded - MPCB",06-04-2025,19.173852,77.296291,SO2,NA,NA,NA
India,Maharashtra,Nanded,"Sneh Nagar, Nanded - MPCB",06-04-2025,19.173852,77.296291,CO,8,67,47
India,Maharashtra,Nashik,"Gangapur Road, Nashik - MPCB",06-04-2025,20.0073285,73.7762427,PM2.5,73,246,139
India,Maharashtra,Nashik,"Hirawadi, Nashik - MPCB",06-04-2025,20.021503,73.813844,NO2,5,32,14
India,Maharashtra,Nashik,"MIDC Ambad, Nashik - MPCB",06-04-2025,19.95022,73.73148,PM10,73,136,100
India,Maharashtra,Pimpri-Chinchwad,"Thergaon, Pimpri Chinchwad - MPCB",06-04-2025,18.616318,73.765797,OZONE,1,52,2
India,Maharashtra,Pune,"Bhosari, Pune - IITM",06-04-2025,18.640051,73.848956,NO2,38,181,84
India,Maharashtra,Pimpri-Chinchwad,"Gavalinagar, Pimpri Chinchwad - MPCB",06-04-2025,18.63673,73.82487,NH3,NA,NA,NA
India,Maharashtra,Pimpri-Chinchwad,"Gavalinagar, Pimpri Chinchwad - MPCB",06-04-2025,18.63673,73.82487,CO,20,100,73
India,Maharashtra,Navi Mumbai,"Sanpada, Navi Mumbai - MPCB",06-04-2025,19.0575752,73.0151367,PM2.5,30,304,95
India,Maharashtra,Navi Mumbai,"Sanpada, Navi Mumbai - MPCB",06-04-2025,19.0575752,73.0151367,OZONE,1,115,2
India,Maharashtra,Navi Mumbai,"Tondare-Taloja, Navi Mumbai - MPCB",06-04-2025,19.063,73.1209,NO2,28,98,53
India,Maharashtra,Navi Mumbai,"Tondare-Taloja, Navi Mumbai - MPCB",06-04-2025,19.063,73.1209,CO,NA,NA,NA
India,Maharashtra,Pimpri-Chinchwad,"Park Street Wakad, Pimpri Chinchwad - MPCB",06-04-2025,18.59051,73.77946,SO2,NA,NA,NA
India,Maharashtra,Parbhani,"Masoom Colony, Parbhani - MPCB",06-04-2025,19.265594,76.761463,OZONE,31,100,44
India,Maharashtra,Navi Mumbai,"Mahape, Navi Mumbai - MPCB",06-04-2025,19.1135051,73.008978,PM2.5,48,251,104
India,Maharashtra,Parbhani,"Masoom Colony, Parbhani - MPCB",06-04-2025,19.265594,76.761463,SO2,1,15,3
India,Odisha,Balasore,"Kalidaspur, Balasore - OSPCB",06-04-2025,21.51161,86.89088,SO2,8,39,17
India,Odisha,Barbil,"Forest Office, Barbil - OSPCB",06-04-2025,22.1166054,85.3945546,PM10,103,426,214
India,Odisha,Barbil,"Forest Office, Barbil - OSPCB",06-04-2025,22.1166054,85.3945546,SO2,23,92,38
India,Odisha,Baripada,"Meher Colony, Baripada - OSPCB",06-04-2025,21.941841,86.728318,PM10,80,114,99
India,Odisha,Baripada,"Meher Colony, Baripada - OSPCB",06-04-2025,21.941841,86.728318,NH3,4,5,5
India,Odisha,Bhubaneswar,"Lingraj Mandir, Bhubaneswar - OSPCB",06-04-2025,20.24079,85.836784,PM10,32,116,73
India,Odisha,Bhubaneswar,"Lingraj Mandir, Bhubaneswar - OSPCB",06-04-2025,20.24079,85.836784,SO2,1,8,5
India,Maharashtra,Sangli,"Vijay Nagar, Sangli - MPCB",06-04-2025,16.5038,74.3623,NO2,12,119,36
India,Maharashtra,Solapur,"Dnyaneshwar Nagar, Solapur - MPCB",06-04-2025,17.6336264,75.9132495,PM2.5,47,98,72
India,Maharashtra,Solapur,"Dnyaneshwar Nagar, Solapur - MPCB",06-04-2025,17.6336264,75.9132495,NO2,7,127,27
India,Maharashtra,Solapur,"Dnyaneshwar Nagar, Solapur - MPCB",06-04-2025,17.6336264,75.9132495,CO,14,107,21
India,Maharashtra,Solapur,"Ratandeep Housing Society, Solapur - MPCB",06-04-2025,17.65439,75.90649,SO2,1,10,5
India,Maharashtra,Solapur,"Solapur, Solapur - MPCB",06-04-2025,17.6599188,75.9063906,NO2,55,55,55
India,Maharashtra,Solapur,"Solapur, Solapur - MPCB",06-04-2025,17.6599188,75.9063906,SO2,1,88,31
India,Odisha,Bhubaneswar,"Patia, Bhubaneswar - OSPCB",06-04-2025,20.34652,85.8163,CO,24,66,31
India,Odisha,Bileipada,"Tata Township, Bileipada - OSPCB",06-04-2025,22.06156703,85.47409613,PM2.5,35,77,48
India,Odisha,Bileipada,"Tata Township, Bileipada - OSPCB",06-04-2025,22.06156703,85.47409613,OZONE,19,48,20
India,Odisha,Byasanagar,"Ferro Chrome Colony, Byasanagar - OSPCB",06-04-2025,20.94185,86.1151,PM10,67,165,95
India,Odisha,Byasanagar,"Ferro Chrome Colony, Byasanagar - OSPCB",06-04-2025,20.94185,86.1151,SO2,3,57,17
India,Odisha,Byasanagar,"Ferro Chrome Colony, Byasanagar - OSPCB",06-04-2025,20.94185,86.1151,OZONE,27,209,36
India,Maharashtra,Pune,"Katraj Dairy, Pune - MPCB",06-04-2025,18.45445,73.854155,OZONE,76,82,79
India,Maharashtra,Pune,"Mhada Colony, Pune - IITM",06-04-2025,18.57304,73.927715,PM10,NA,NA,NA
India,Maharashtra,Pune,"Panchawati_Pashan, Pune - IITM",06-04-2025,18.536457,73.805454,CO,20,56,27
India,Maharashtra,Pune,"Savitribai Phule Pune University, Pune - MPCB",06-04-2025,18.547056,73.826908,SO2,2,12,6
India,Mizoram,Aizawl,"Sikulpuikawn, Aizawl - Mizoram PCB",06-04-2025,23.7176342,92.7192841,SO2,2,2,2
India,Mizoram,Aizawl,"Sikulpuikawn, Aizawl - Mizoram PCB",06-04-2025,23.7176342,92.7192841,CO,3,3,3
India,Nagaland,Kohima,"PWD Juction, Kohima - NPCB",06-04-2025,25.6635413,94.0989878,CO,6,18,13
India,Odisha,Angul,"Hakimapada, Angul - OSPCB",06-04-2025,20.832874,85.104082,CO,56,138,98
India,Maharashtra,Ulhasnagar,"Sidhi Vinayak Nagar, Ulhasnagar - MPCB",06-04-2025,19.235581,73.159121,OZONE,3,108,8
India,Maharashtra,Virar,"Bolinj, Virar - MPCB",06-04-2025,19.445821,72.7988231,PM10,44,95,61
India,Meghalaya,Shillong,"Lumpyngngad, Shillong - Meghalaya PCB",06-04-2025,25.5586,91.8985,OZONE,162,208,163
India,Odisha,Cuttack,"CDA Area, Cuttack - OSPCB",06-04-2025,20.48891,85.84768,NH3,1,3,2
India,Odisha,Cuttack,"CDA Area, Cuttack - OSPCB",06-04-2025,20.48891,85.84768,CO,94,108,96
India,Odisha,Keonjhar,"Jagamohanpur, Keonjhar - OSPCB",06-04-2025,21.6439,85.599355,PM10,84,137,110
India,Odisha,Keonjhar,"Jagamohanpur, Keonjhar - OSPCB",06-04-2025,21.6439,85.599355,NH3,6,7,6
India,Maharashtra,Thane,"Kasarvadavali, Thane - MPCB",06-04-2025,19.26777,72.97182,SO2,2,13,8
India,Maharashtra,Thane,"Kasarvadavali, Thane - MPCB",06-04-2025,19.26777,72.97182,OZONE,2,72,3
India,Maharashtra,Thane,"Upvan Fort, Thane - MPCB",06-04-2025,19.222279,72.957979,NH3,3,8,5
India,Maharashtra,Pune,"Hadapsar, Pune - IITM",06-04-2025,18.501793,73.927532,PM2.5,25,141,74
India,Maharashtra,Pune,"Hadapsar, Pune - IITM",06-04-2025,18.501793,73.927532,NO2,82,111,98
India,Maharashtra,Pune,"Katraj Dairy, Pune - MPCB",06-04-2025,18.45445,73.854155,PM2.5,NA,NA,NA
India,Odisha,Suakati,"OMC Colony, Suakati - OSPCB",06-04-2025,21.606865,85.510538,NO2,15,27,21
India,Odisha,Suakati,"OMC Colony, Suakati - OSPCB",06-04-2025,21.606865,85.510538,NH3,4,4,4
India,Odisha,Talcher,"Talcher Coalfields,Talcher - OSPCB",06-04-2025,20.9360711,85.1707021,NO2,22,39,31
India,Odisha,Talcher,"Talcher Coalfields,Talcher - OSPCB",06-04-2025,20.9360711,85.1707021,NH3,3,4,4
India,Odisha,Talcher,"Talcher Coalfields,Talcher - OSPCB",06-04-2025,20.9360711,85.1707021,SO2,8,11,10
India,Odisha,Tensa,"Barsua Iron Ore Mines, Tensa - OSPCB",06-04-2025,21.869985,85.167016,PM10,93,121,108
India,Odisha,Tensa,"Barsua Iron Ore Mines, Tensa - OSPCB",06-04-2025,21.869985,85.167016,NO2,45,65,53
India,Odisha,Tensa,"Barsua Iron Ore Mines, Tensa - OSPCB",06-04-2025,21.869985,85.167016,NH3,3,13,7
India,Puducherry,Puducherry,"Jawahar Nagar, Puducherry - PPCC",06-04-2025,11.9309,79.8027,NO2,2,22,11
India,Punjab,Amritsar,"Golden Temple, Amritsar - PPCB",06-04-2025,31.62,74.876512,PM2.5,NA,NA,NA
India,Punjab,Mandi Gobindgarh,"RIMT University, Mandi Gobindgarh - PPCB",06-04-2025,30.649961,76.331442,PM2.5,61,319,143
India,Punjab,Mandi Gobindgarh,"RIMT University, Mandi Gobindgarh - PPCB",06-04-2025,30.649961,76.331442,PM10,69,223,122
India,Punjab,Mandi Gobindgarh,"RIMT University, Mandi Gobindgarh - PPCB",06-04-2025,30.649961,76.331442,NO2,15,33,27
India,Odisha,Rourkela,"Fertilizer Township, Rourkela - OSPCB",06-04-2025,22.18972222,84.86277778,CO,9,38,22
India,Odisha,Rourkela,"Raghunathpali, Rourkela - OSPCB",06-04-2025,22.220833,84.809444,PM2.5,6,369,222
India,Punjab,Jalandhar,"Civil Line, Jalandhar - PPCB",06-04-2025,31.321907,75.578914,PM10,65,183,120
India,Punjab,Khanna,"Kalal Majra, Khanna - PPCB",06-04-2025,30.736056,76.209694,NO2,25,31,28
India,Odisha,Nayagarh,"Dabuna, Nayagarh - OSPCB",06-04-2025,21.847279,85.416905,SO2,4,6,5
India,Odisha,Rairangpur,"Divisional Forest Office, Rairangpur - OSPCB",06-04-2025,22.265816,86.174829,CO,7,44,20
India,Odisha,Rourkela,"Raghunathpali, Rourkela - OSPCB",06-04-2025,22.220833,84.809444,SO2,3,24,7
India,Odisha,Rourkela,"Raghunathpali, Rourkela - OSPCB",06-04-2025,22.220833,84.809444,CO,48,102,83
India,Odisha,Rourkela,"Fertilizer Township, Rourkela - OSPCB",06-04-2025,22.18972222,84.86277778,PM2.5,113,146,123
India,Punjab,Amritsar,"Golden Temple, Amritsar - PPCB",06-04-2025,31.62,74.876512,OZONE,45,80,51
India,Rajasthan,Bhilwara,"Pratap Nagar, Bhilwara - RSPCB",06-04-2025,25.339605,74.618883,NH3,1,6,4
India,Rajasthan,Bhilwara,"Pratap Nagar, Bhilwara - RSPCB",06-04-2025,25.339605,74.618883,CO,2,63,19
India,Rajasthan,Bhilwara,"Pratap Nagar, Bhilwara - RSPCB",06-04-2025,25.339605,74.618883,OZONE,1,91,32
India,Rajasthan,Bhiwadi,"RIICO Ind. Area III, Bhiwadi - RSPCB",06-04-2025,28.194909,76.862296,NO2,NA,NA,NA
India,Rajasthan,Alwar,"Moti Doongri, Alwar - RSPCB",06-04-2025,27.554793,76.611536,PM2.5,32,72,51
India,Rajasthan,Banswara,"Rati Talai, Banswara - RSPCB",06-04-2025,23.55519,74.44001,NH3,4,12,7
India,Rajasthan,Baran,"Bamboliya, Baran - RSPCB",06-04-2025,25.106006,76.469948,PM10,86,170,119
India,Rajasthan,Baran,"Bamboliya, Baran - RSPCB",06-04-2025,25.106006,76.469948,CO,16,62,41
India,Rajasthan,Bharatpur,"Krishna Nagar, Bharatpur - RSPCB",06-04-2025,27.215415,77.50873,PM10,NA,NA,NA
India,Rajasthan,Bharatpur,"Krishna Nagar, Bharatpur - RSPCB",06-04-2025,27.215415,77.50873,NH3,3,8,6
India,Punjab,Mandi Gobindgarh,"RIMT University, Mandi Gobindgarh - PPCB",06-04-2025,30.649961,76.331442,OZONE,46,51,48
India,Punjab,Patiala,"Model Town, Patiala - PPCB",06-04-2025,30.349388,76.366642,CO,27,60,47
India,Rajasthan,Churu,"Subash Chowk, Churu - RSPCB",06-04-2025,28.296139,74.961696,NO2,6,50,22
India,Rajasthan,Churu,"Subash Chowk, Churu - RSPCB",06-04-2025,28.296139,74.961696,SO2,3,6,4
India,Rajasthan,Churu,"Subash Chowk, Churu - RSPCB",06-04-2025,28.296139,74.961696,CO,4,10,7
India,Rajasthan,Bhiwadi,"Vasundhara Nagar_UIT, Bhiwadi - RSPCB",06-04-2025,28.207266,76.829265,PM10,104,256,164
India,Rajasthan,Bhiwadi,"Vasundhara Nagar_UIT, Bhiwadi - RSPCB",06-04-2025,28.207266,76.829265,SO2,20,30,25
India,Rajasthan,Ajmer,"Civil Lines,  Ajmer - RSPCB",06-04-2025,26.470859,74.646594,PM10,78,119,100
India,Rajasthan,Ajmer,"Civil Lines,  Ajmer - RSPCB",06-04-2025,26.470859,74.646594,CO,30,84,39
India,Rajasthan,Dausa,"Khatikan Mohalla, Dausa - RSPCB",06-04-2025,26.895552,76.334753,PM2.5,41,239,80
India,Rajasthan,Bikaner,"MM Ground, Bikaner - RSPCB",06-04-2025,28.018792,73.292658,SO2,4,19,9
India,Rajasthan,Jaipur,"RIICO Sitapura, Jaipur - RSPCB",06-04-2025,26.786682,75.827928,OZONE,4,258,28
India,Rajasthan,Jaipur,"Sector-2 Murlipura, Jaipur - RSPCB",06-04-2025,26.960669,75.771817,SO2,3,93,18
India,Rajasthan,Jaipur,"Sector-2 Murlipura, Jaipur - RSPCB",06-04-2025,26.960669,75.771817,CO,12,164,71
India,Rajasthan,Jaipur,"Sector-2 Murlipura, Jaipur - RSPCB",06-04-2025,26.960669,75.771817,OZONE,1,94,30
India,Rajasthan,Jaisalmer,"Sadar Bazar, Jaisalmer - RSPCB",06-04-2025,26.912329,70.909168,PM10,62,198,114
India,Rajasthan,Jaisalmer,"Sadar Bazar, Jaisalmer - RSPCB",06-04-2025,26.912329,70.909168,NH3,6,30,16
India,Rajasthan,Jaipur,"Police Commissionerate, Jaipur - RSPCB",06-04-2025,26.9164092,75.7994901,PM2.5,71,164,105
India,Rajasthan,Jaipur,"RIICO Sitapura, Jaipur - RSPCB",06-04-2025,26.786682,75.827928,PM10,96,294,150
India,Rajasthan,Jaipur,"RIICO Sitapura, Jaipur - RSPCB",06-04-2025,26.786682,75.827928,NO2,20,164,81
India,Rajasthan,Jaipur,"RIICO Sitapura, Jaipur - RSPCB",06-04-2025,26.786682,75.827928,SO2,2,5,3
India,Rajasthan,Hanumangarh,"Housing Board, Hanumangarh - RSPCB",06-04-2025,29.61075,74.283608,OZONE,13,71,28
India,Rajasthan,Jaipur,"Adarsh Nagar, Jaipur - RSPCB",06-04-2025,26.902909,75.836858,NO2,24,141,65
India,Rajasthan,Jaipur,"Mansarovar Sector-12, Jaipur - RSPCB",06-04-2025,26.843698,75.766894,PM2.5,24,318,71
India,Rajasthan,Jaisalmer,"Sadar Bazar, Jaisalmer - RSPCB",06-04-2025,26.912329,70.909168,CO,8,39,13
India,Rajasthan,Jalore,"Mudtra Sili, Jalore - RSPCB",06-04-2025,25.344694,72.626208,PM10,83,188,112
India,Rajasthan,Jalore,"Mudtra Sili, Jalore - RSPCB",06-04-2025,25.344694,72.626208,SO2,1,7,3
India,Rajasthan,Hanumangarh,"Housing Board, Hanumangarh - RSPCB",06-04-2025,29.61075,74.283608,NO2,10,73,32
India,Rajasthan,Jhalawar,"Rajlaxmi Nagar, Jhalawar - RSPCB",06-04-2025,24.588397,76.172782,PM10,63,292,117
India,Rajasthan,Dausa,"Khatikan Mohalla, Dausa - RSPCB",06-04-2025,26.895552,76.334753,NO2,25,124,67
India,Rajasthan,Jhunjhunu,"Indra Nagar, Jhunjhunu - RSPCB",06-04-2025,28.108988,75.386577,NO2,8,65,30
India,Rajasthan,Dungarpur,"Bhoiwada, Dungarpur - RSPCB",06-04-2025,23.837789,73.714926,SO2,2,9,5
India,Rajasthan,Sawai Madhopur,"Sahu Nagar, Sawai Madhopur - RSPCB",06-04-2025,26.031443,76.359327,CO,44,113,59
India,Rajasthan,Sikar,"Radhakishan Pura, Sikar - RSPCB",06-04-2025,27.608912,75.153302,PM2.5,30,264,80
India,Rajasthan,Sikar,"Radhakishan Pura, Sikar - RSPCB",06-04-2025,27.608912,75.153302,NO2,11,103,39
India,Rajasthan,Sirohi,"Vedhaynath Colony, Sirohi - RSPCB",06-04-2025,24.885261,72.857549,PM2.5,27,97,48
India,Rajasthan,Sirohi,"Vedhaynath Colony, Sirohi - RSPCB",06-04-2025,24.885261,72.857549,NH3,1,4,2
India,Rajasthan,Sirohi,"Vedhaynath Colony, Sirohi - RSPCB",06-04-2025,24.885261,72.857549,SO2,3,7,5
India,Rajasthan,Sirohi,"Vedhaynath Colony, Sirohi - RSPCB",06-04-2025,24.885261,72.857549,OZONE,26,63,40
India,Rajasthan,Pali,"Indira Colony Vistar, Pali - RSPCB",06-04-2025,25.771061,73.340227,OZONE,10,72,10
India,Rajasthan,Pratapgarh,"Pragati Nagar, Pratapgarh - RSPCB",06-04-2025,24.041198,74.780702,PM10,83,174,118
India,Rajasthan,Pratapgarh,"Pragati Nagar, Pratapgarh - RSPCB",06-04-2025,24.041198,74.780702,NO2,9,96,32
India,Rajasthan,Pratapgarh,"Pragati Nagar, Pratapgarh - RSPCB",06-04-2025,24.041198,74.780702,NH3,3,8,6
India,Rajasthan,Rajsamand,"Dhoinda, Rajsamand - RSPCB",06-04-2025,25.03636,73.883502,PM10,37,150,66
India,Rajasthan,Karauli,"Satyawati Vihar, Karauli - RSPCB",06-04-2025,26.506177,77.025989,SO2,11,22,16
India,Rajasthan,Kota,"Dhanmandi, Kota - RSPCB",06-04-2025,25.16409,75.858137,NH3,3,5,4
India,Rajasthan,Kota,"Dhanmandi, Kota - RSPCB",06-04-2025,25.16409,75.858137,CO,14,113,27
India,Rajasthan,Kota,"Dhanmandi, Kota - RSPCB",06-04-2025,25.16409,75.858137,OZONE,1,101,22
India,Rajasthan,Kota,"Nayapura, Kota - RSPCB",06-04-2025,25.196024,75.855668,OZONE,3,101,14
India,Rajasthan,Kota,"Shrinath Puram, Kota - RSPCB",06-04-2025,25.14389,75.821256,PM2.5,62,329,145
India,Rajasthan,Nagaur,"Karni Colony, Nagaur - RSPCB",06-04-2025,27.213494,73.734444,SO2,5,72,13
India,Rajasthan,Jodhpur,"Digari Kalan, Jodhpur - RSPCB",06-04-2025,26.29581,73.082283,PM10,63,194,122
India,Rajasthan,Jodhpur,"Digari Kalan, Jodhpur - RSPCB",06-04-2025,26.29581,73.082283,NH3,3,5,4
India,Rajasthan,Jodhpur,"Digari Kalan, Jodhpur - RSPCB",06-04-2025,26.29581,73.082283,OZONE,1,96,5
India,Rajasthan,Jodhpur,"Jhalamand, Jodhpur - RSPCB",06-04-2025,26.215415,73.070156,PM2.5,17,318,64
India,Rajasthan,Jodhpur,"Samrat Ashok Udhyan, Jodhpur - RSPCB",06-04-2025,26.253384,72.976571,CO,14,107,45
India,Rajasthan,Jodhpur,"Samrat Ashok Udhyan, Jodhpur - RSPCB",06-04-2025,26.253384,72.976571,NO2,3,95,33
India,Rajasthan,Jodhpur,"Collectorate, Jodhpur - RSPCB",06-04-2025,26.268249,73.0193853,PM2.5,17,290,100
India,Rajasthan,Jodhpur,"Mandor, Jodhpur - RSPCB",06-04-2025,26.358805,73.047444,PM2.5,20,197,59
India,Rajasthan,Sri Ganganagar,"Old City, Sri Ganganagar - RSPCB",06-04-2025,29.931624,73.864511,CO,24,106,64
India,Rajasthan,Sri Ganganagar,"Old City, Sri Ganganagar - RSPCB",06-04-2025,29.931624,73.864511,OZONE,3,93,24
India,Rajasthan,Tonk,"Shastri Nagar, Tonk - RSPCB",06-04-2025,26.159933,75.780517,PM10,103,500,174
India,Rajasthan,Tonk,"Shastri Nagar, Tonk - RSPCB",06-04-2025,26.159933,75.780517,SO2,5,25,8
India,Rajasthan,Tonk,"Shastri Nagar, Tonk - RSPCB",06-04-2025,26.159933,75.780517,OZONE,2,97,21
India,Rajasthan,Udaipur,"Ashok Nagar, Udaipur - RSPCB",06-04-2025,24.5886166,73.6321397,SO2,1,21,8
India,Sikkim,Gangtok,"Zero Point GICI, Gangtok - SSPCB",06-04-2025,27.33853,88.614099,CO,25,115,30
India,TamilNadu,Ariyalur,"Keelapalur, Ariyalur - TNPCB",06-04-2025,11.06825,79.07033,SO2,9,10,10
India,TamilNadu,Chennai,"Kodungaiyur, Chennai - TNPCB",06-04-2025,13.1278,80.2642,NH3,4,8,5
India,TamilNadu,Chennai,"Manali Village, Chennai - TNPCB",06-04-2025,13.1662,80.2584,NH3,1,1,1
India,TamilNadu,Chennai,"Manali Village, Chennai - TNPCB",06-04-2025,13.1662,80.2584,OZONE,30,39,37
India,TamilNadu,Chennai,"Manali, Chennai - CPCB",06-04-2025,13.164544,80.26285,OZONE,18,25,23
India,TamilNadu,Cuddalore,"Semmandalam, Cuddalore - TNPCB",06-04-2025,11.7637683,79.7499835,PM2.5,10,273,46
India,TamilNadu,Cuddalore,"Semmandalam, Cuddalore - TNPCB",06-04-2025,11.7637683,79.7499835,NH3,1,1,1
India,TamilNadu,Dindigul,"Mendonsa Colony, Dindigul - TNPCB",06-04-2025,10.358535,77.984321,PM2.5,27,172,56
India,TamilNadu,Chennai,"Perungudi, Chennai - TNPCB",06-04-2025,12.9533,80.2357,NH3,3,4,4
India,TamilNadu,Chennai,"Perungudi, Chennai - TNPCB",06-04-2025,12.9533,80.2357,SO2,2,8,5
India,TamilNadu,Chennai,"Royapuram, Chennai - TNPCB",06-04-2025,13.1036,80.2909,PM2.5,5,71,26
India,TamilNadu,Coimbatore,"PSG College of Arts and Science, Coimbatore - TNPCB",06-04-2025,11.0328,77.0349,NO2,9,10,10
India,TamilNadu,Chennai,"Velachery Res. Area, Chennai - CPCB",06-04-2025,13.0052189,80.2398125,PM2.5,22,63,37
India,TamilNadu,Chennai,"Velachery Res. Area, Chennai - CPCB",06-04-2025,13.0052189,80.2398125,SO2,6,10,9
India,TamilNadu,Coimbatore,"SIDCO Kurichi, Coimbatore - TNPCB",06-04-2025,10.942451,76.978996,CO,26,32,27
India,TamilNadu,Namakkal,"Ponnusamy Nagar, Namakkal - TNPCB",06-04-2025,11.273992,78.163545,PM2.5,NA,NA,NA
India,TamilNadu,Namakkal,"Ponnusamy Nagar, Namakkal - TNPCB",06-04-2025,11.273992,78.163545,NH3,2,2,2
India,TamilNadu,Ooty,"Bombay Castel, Ooty - TNPCB",06-04-2025,11.4068288,76.7138973,OZONE,4,6,5
India,TamilNadu,Palkalaiperur,"Bharathidasan University, Palkalaiperur - TNPCB",06-04-2025,10.681158,78.741746,PM2.5,11,24,17
India,TamilNadu,Pudukottai,"SIPCOT Nathampannai, Pudukottai - TNPCB",06-04-2025,10.423417,78.784889,SO2,12,16,13
India,TamilNadu,Ramanathapuram,"Chalai Bazaar, Ramanathapuram - TNPCB",06-04-2025,9.36399,78.831977,NO2,5,5,5
India,TamilNadu,Salem,"Sona College of Technology, Salem - TNPCB",06-04-2025,11.679111,78.125052,PM2.5,17,60,37
India,TamilNadu,Thanjavur,"Parisutham Nagar, Thanjavur - TNPCB",06-04-2025,10.7654824,79.1389968,PM10,14,40,26
India,TamilNadu,Thoothukudi,"Meelavittan, Thoothukudi - TNPCB",06-04-2025,8.816428,78.099039,CO,12,37,22
India,TamilNadu,Thoothukudi,"Meelavittan, Thoothukudi - TNPCB",06-04-2025,8.816428,78.099039,OZONE,15,19,16
India,TamilNadu,Tiruchirappalli,"St Joseph College, Tiruchirappalli - TNPCB",06-04-2025,10.830158,78.691849,PM10,9,42,29
India,Telangana,Hyderabad,"Central University, Hyderabad - TSPCB",06-04-2025,17.460103,78.334361,OZONE,14,18,15
India,Telangana,Hyderabad,"ECIL Kapra, Hyderabad - TSPCB",06-04-2025,17.470431,78.566959,PM10,76,100,85
India,Telangana,Hyderabad,"ECIL Kapra, Hyderabad - TSPCB",06-04-2025,17.470431,78.566959,SO2,NA,NA,NA
India,Telangana,Hyderabad,"ICRISAT Patancheru, Hyderabad - TSPCB",06-04-2025,17.5184,78.278777,OZONE,16,90,24
India,TamilNadu,Tirunelveli,"Municipal Corporation Office, Tirunelveli - TNPCB",06-04-2025,8.728442,77.6962,CO,29,42,29
India,TamilNadu,Tirupur,"Kumaran College, Tirupur - TNPCB",06-04-2025,11.0973603,77.3228673,PM10,14,67,37
India,TamilNadu,Vellore,"Vasanthapuram, Vellore - TNPCB",06-04-2025,12.909494,79.131861,OZONE,15,58,38
India,TamilNadu,Karur,"Kamadenu Nagar, Karur - TNPCB",06-04-2025,10.96782,78.080882,SO2,8,45,26
India,TamilNadu,Madurai,"Uchapatti, Madurai - TNPCB",06-04-2025,9.865935,78.022669,PM10,12,41,23
India,TamilNadu,Nagapattinam,"Velippalayam, Nagapattinam - TNPCB",06-04-2025,10.798548,79.838212,CO,11,24,18
India,TamilNadu,Gummidipoondi,"Anthoni Pillai Nagar, Gummidipoondi - TNPCB",06-04-2025,13.4127,80.1081,PM10,26,127,64
India,TamilNadu,Hosur,"SIPCOT Phase-1, Hosur - TNPCB",06-04-2025,12.746998,77.813811,PM10,32,136,86
India,TamilNadu,Kanchipuram,"Kilambi, Kanchipuram - TNPCB",06-04-2025,12.864618,79.659968,PM10,44,102,66
India,TamilNadu,Kanchipuram,"Kilambi, Kanchipuram - TNPCB",06-04-2025,12.864618,79.659968,NO2,NA,NA,NA
India,Telangana,Hyderabad,"Bollaram Industrial Area, Hyderabad - TSPCB",06-04-2025,17.540891,78.358528,PM10,61,126,91
India,Telangana,Hyderabad,"Central University, Hyderabad - TSPCB",06-04-2025,17.460103,78.334361,PM10,40,84,59
India,Uttar Pradesh,Bulandshahr,"Yamunapuram, Bulandshahr - UPPCB",06-04-2025,28.406963,77.849831,CO,26,88,74
India,Uttar Pradesh,Firozabad,"Nagla Bhau, Firozabad - UPPCB",06-04-2025,27.168897,78.37696,PM10,56,152,89
India,Uttar Pradesh,Firozabad,"Nagla Bhau, Firozabad - UPPCB",06-04-2025,27.168897,78.37696,NH3,2,2,2
India,Uttar Pradesh,Firozabad,"Vibhab Nagar, Firozabad - UPPCB",06-04-2025,27.1594,78.3953,PM10,61,170,92
India,Uttar Pradesh,Firozabad,"Vibhab Nagar, Firozabad - UPPCB",06-04-2025,27.1594,78.3953,NO2,15,15,15
India,Uttar Pradesh,Firozabad,"Vibhab Nagar, Firozabad - UPPCB",06-04-2025,27.1594,78.3953,NH3,2,2,2
India,Uttar Pradesh,Firozabad,"Vibhab Nagar, Firozabad - UPPCB",06-04-2025,27.1594,78.3953,CO,5,17,13
India,Telangana,Hyderabad,"Kokapet, Hyderabad - TSPCB",06-04-2025,17.393559,78.339194,SO2,NA,NA,NA
India,Telangana,Hyderabad,"Kompally Municipal Office, Hyderabad - TSPCB",06-04-2025,17.544899,78.486949,NO2,18,19,18
India,Telangana,Hyderabad,"Nacharam_TSIIC IALA, Hyderabad - TSPCB",06-04-2025,17.429398,78.569354,SO2,NA,NA,NA
India,Telangana,Hyderabad,"Nacharam_TSIIC IALA, Hyderabad - TSPCB",06-04-2025,17.429398,78.569354,OZONE,NA,NA,NA
India,Telangana,Hyderabad,"Ramachandrapuram, Hyderabad - TSPCB",06-04-2025,17.528544,78.286195,CO,12,25,23
India,Telangana,Hyderabad,"Sanathnagar, Hyderabad - TSPCB",06-04-2025,17.4559458,78.4332152,NO2,22,32,26
India,Telangana,Hyderabad,"Sanathnagar, Hyderabad - TSPCB",06-04-2025,17.4559458,78.4332152,OZONE,10,18,14
India,Telangana,Hyderabad,"Somajiguda, Hyderabad - TSPCB",06-04-2025,17.417094,78.457437,OZONE,11,68,11
India,Tripura,Agartala,"Bardowali, Agartala - Tripura SPCB",06-04-2025,23.8175497,91.2726974,NO2,5,46,13
India,Uttar Pradesh,Agra,"Manoharpur, Agra - UPPCB",06-04-2025,27.23711,78.01936,NO2,11,11,11
India,Uttar Pradesh,Agra,"Sector-3B Avas Vikas Colony, Agra - UPPCB",06-04-2025,27.19412,77.96237,NH3,4,13,8
India,Uttar Pradesh,Agra,"Sector-3B Avas Vikas Colony, Agra - UPPCB",06-04-2025,27.19412,77.96237,CO,20,34,33
India,Uttar Pradesh,Agra,"Shahjahan Garden, Agra - UPPCB",06-04-2025,27.169338,78.03582,NO2,12,12,12
India,Telangana,Hyderabad,"IDA Pashamylaram, Hyderabad - TSPCB",06-04-2025,17.5316895,78.218939,SO2,3,23,10
India,Telangana,Hyderabad,"IDA Pashamylaram, Hyderabad - TSPCB",06-04-2025,17.5316895,78.218939,OZONE,7,24,11
India,Telangana,Hyderabad,"IITH Kandi, Hyderabad - TSPCB",06-04-2025,17.585705,78.126199,PM2.5,NA,NA,NA
India,Telangana,Hyderabad,"Kokapet, Hyderabad - TSPCB",06-04-2025,17.393559,78.339194,PM2.5,NA,NA,NA
India,Uttar Pradesh,Greater Noida,"Knowledge Park - III, Greater Noida - UPPCB",06-04-2025,28.47272,77.482,OZONE,2,83,7
India,Uttar Pradesh,Greater Noida,"Knowledge Park - V, Greater Noida - UPPCB",06-04-2025,28.557054,77.453663,PM2.5,NA,NA,NA
India,Uttar Pradesh,Greater Noida,"Knowledge Park - V, Greater Noida - UPPCB",06-04-2025,28.557054,77.453663,NO2,35,139,76
India,Uttar Pradesh,Baghpat,"Sardar Patel Inter College, Baghpat - UPPCB",06-04-2025,28.964949,77.278761,SO2,22,116,53
India,Uttar Pradesh,Bareilly,"Civil Lines, Bareilly - UPPCB",06-04-2025,28.359581,79.414455,NH3,1,2,1
India,Uttar Pradesh,Bareilly,"Civil Lines, Bareilly - UPPCB",06-04-2025,28.359581,79.414455,CO,2,29,21
India,Uttar Pradesh,Ghaziabad,"Sanjay Nagar, Ghaziabad - UPPCB",06-04-2025,28.685382,77.453839,NO2,19,122,58
India,Uttar Pradesh,Ghaziabad,"Vasundhara, Ghaziabad - UPPCB",06-04-2025,28.6603346,77.3572563,CO,31,117,59
India,Uttar Pradesh,Hapur,"Anand Vihar, Hapur - UPPCB",06-04-2025,28.725645,77.749675,NH3,9,11,10
India,Uttar Pradesh,Lucknow,"Kendriya Vidyalaya, Lucknow - CPCB",06-04-2025,26.906111,80.948222,SO2,8,33,19
India,Uttar Pradesh,Lucknow,"Kukrail Picnic Spot-1, Lucknow - UPPCB",06-04-2025,26.90723,80.98579,PM10,43,128,71
India,Uttar Pradesh,Lucknow,"Kukrail Picnic Spot-1, Lucknow - UPPCB",06-04-2025,26.90723,80.98579,NH3,4,4,4
India,Uttar Pradesh,Lucknow,"Kukrail Picnic Spot-1, Lucknow - UPPCB",06-04-2025,26.90723,80.98579,CO,4,38,19
India,Uttar Pradesh,Lucknow,"Lalbagh, Lucknow - CPCB",06-04-2025,26.8458805,80.9365541,PM2.5,NA,NA,NA
India,Uttar Pradesh,Lucknow,"Lalbagh, Lucknow - CPCB",06-04-2025,26.8458805,80.9365541,PM10,NA,NA,NA
India,Uttar Pradesh,Lucknow,"Lalbagh, Lucknow - CPCB",06-04-2025,26.8458805,80.9365541,OZONE,NA,NA,NA
India,Uttar Pradesh,Hapur,"Anand Vihar, Hapur - UPPCB",06-04-2025,28.725645,77.749675,OZONE,5,128,25
India,Uttar Pradesh,Jhansi,"Shivaji Nagar, Jhansi - UPPCB",06-04-2025,25.4547,78.6039,NO2,6,6,6
India,Uttar Pradesh,Kanpur,"NSI Kalyanpur, Kanpur - UPPCB",06-04-2025,26.509954,80.249612,NO2,23,24,24
India,Uttar Pradesh,Kanpur,"NSI Kalyanpur, Kanpur - UPPCB",06-04-2025,26.509954,80.249612,SO2,1,50,16
India,Uttar Pradesh,Kanpur,"NSI Kalyanpur, Kanpur - UPPCB",06-04-2025,26.509954,80.249612,CO,23,38,34
India,Uttar Pradesh,Meerut,"Ganga Nagar, Meerut - UPPCB",06-04-2025,28.999264,77.7590354,PM2.5,56,258,147
India,Uttar Pradesh,Meerut,"Ganga Nagar, Meerut - UPPCB",06-04-2025,28.999264,77.7590354,OZONE,31,137,46
India,Uttar Pradesh,Meerut,"Jai Bhim Nagar, Meerut - UPPCB",06-04-2025,28.9535882,77.7622941,NO2,15,70,33
India,Uttar Pradesh,Meerut,"Jai Bhim Nagar, Meerut - UPPCB",06-04-2025,28.9535882,77.7622941,NH3,6,83,13
India,Uttar Pradesh,Moradabad,"Buddhi Vihar, Moradabad - UPPCB",06-04-2025,28.83526,78.7446,NO2,23,24,23
India,Uttar Pradesh,Jhansi,"Shivaji Nagar, Jhansi - UPPCB",06-04-2025,25.4547,78.6039,OZONE,1,30,2
India,Uttar Pradesh,Khurja,"Kalindi Kunj, Khurja - UPPCB",06-04-2025,28.2348927,77.8683002,NH3,1,1,1
India,Uttar Pradesh,Muzaffarnagar,"New Mandi, Muzaffarnagar - UPPCB",06-04-2025,29.4723508,77.7194031,SO2,12,116,36
India,Uttar Pradesh,Muzaffarnagar,"New Mandi, Muzaffarnagar - UPPCB",06-04-2025,29.4723508,77.7194031,CO,10,70,30
India,Uttar Pradesh,Noida,"Sector - 125, Noida - UPPCB",06-04-2025,28.5447608,77.3231257,NO2,11,114,61
India,Uttar Pradesh,Noida,"Sector - 125, Noida - UPPCB",06-04-2025,28.5447608,77.3231257,NH3,13,21,16
India,Uttar Pradesh,Noida,"Sector - 125, Noida - UPPCB",06-04-2025,28.5447608,77.3231257,OZONE,2,127,7
India,Uttar Pradesh,Noida,"Sector-1, Noida - UPPCB",06-04-2025,28.5898,77.3101,NO2,8,87,48
India,Uttar Pradesh,Varanasi,"Maldahiya, Varanasi - UPPCB",06-04-2025,25.32393,82.99687,PM10,51,215,120
India,Uttar Pradesh,Varanasi,"Maldahiya, Varanasi - UPPCB",06-04-2025,25.32393,82.99687,NH3,1,1,1
India,Uttar Pradesh,Varanasi,"Maldahiya, Varanasi - UPPCB",06-04-2025,25.32393,82.99687,OZONE,1,38,1
India,Uttar Pradesh,Vrindavan,"Omex Eternity, Vrindavan - UPPCB",06-04-2025,27.571409,77.655757,NO2,12,12,12
India,Uttar Pradesh,Moradabad,"Eco Herbal Park, Moradabad - UPPCB",06-04-2025,28.840739,78.697531,PM10,36,132,80
India,Uttar Pradesh,Moradabad,"Eco Herbal Park, Moradabad - UPPCB",06-04-2025,28.840739,78.697531,SO2,6,90,39
India,Uttar Pradesh,Moradabad,"Employment Office, Moradabad - UPPCB",06-04-2025,28.88528,78.7388,CO,24,52,46
India,Uttar Pradesh,Moradabad,"Transport Nagar, Moradabad - UPPCB",06-04-2025,28.802625,78.753728,PM2.5,13,115,52
India,Uttar Pradesh,Moradabad,"Transport Nagar, Moradabad - UPPCB",06-04-2025,28.802625,78.753728,PM10,36,113,77
India,Uttar Pradesh,Moradabad,"Transport Nagar, Moradabad - UPPCB",06-04-2025,28.802625,78.753728,NH3,4,5,5
India,Uttar Pradesh,Moradabad,"Transport Nagar, Moradabad - UPPCB",06-04-2025,28.802625,78.753728,CO,6,100,59
India,Uttar Pradesh,Varanasi,"IESD Banaras Hindu University, Varanasi - UPPCB",06-04-2025,25.262326,82.995408,PM2.5,25,241,90
India,Uttar Pradesh,Varanasi,"IESD Banaras Hindu University, Varanasi - UPPCB",06-04-2025,25.262326,82.995408,SO2,15,19,17
India,Uttar Pradesh,Moradabad,"Kashiram Nagar, Moradabad - UPPCB",06-04-2025,28.849399,78.742362,PM10,28,107,67
India,Uttar Pradesh,Moradabad,"Kashiram Nagar, Moradabad - UPPCB",06-04-2025,28.849399,78.742362,NH3,4,4,4
India,Uttar Pradesh,Moradabad,"Kashiram Nagar, Moradabad - UPPCB",06-04-2025,28.849399,78.742362,OZONE,19,83,34
India,Uttar Pradesh,Moradabad,"Jigar Colony, Moradabad - UPPCB",06-04-2025,28.856664,78.772638,OZONE,14,36,16
India,Uttar Pradesh,Prayagraj,"Jhunsi, Prayagraj - UPPCB",06-04-2025,25.425602,81.917152,NH3,5,5,5
India,Uttarakhand,Rishikesh,"Shivaji Nagar, Rishikesh - UKPCB",06-04-2025,30.075911,78.2859547,NO2,10,16,12
India,West Bengal,Asansol,"Asansol Court Area, Asansol - WBPCB",06-04-2025,23.685297,86.945968,NO2,25,112,46
India,West Bengal,Asansol,"Asansol Court Area, Asansol - WBPCB",06-04-2025,23.685297,86.945968,NH3,4,14,8
India,West Bengal,Asansol,"Evelyn Lodge, Asansol - WBPCB",06-04-2025,23.697936,86.944395,PM2.5,35,188,108
India,West Bengal,Asansol,"Evelyn Lodge, Asansol - WBPCB",06-04-2025,23.697936,86.944395,PM10,69,186,135
India,West Bengal,Asansol,"Evelyn Lodge, Asansol - WBPCB",06-04-2025,23.697936,86.944395,OZONE,3,69,15
India,West Bengal,Haldia,"Priyambada Housing Estate, Haldia - WBPCB",06-04-2025,22.06047,88.109737,NH3,4,5,5
India,West Bengal,Haldia,"Priyambada Housing Estate, Haldia - WBPCB",06-04-2025,22.06047,88.109737,CO,22,31,28
India,West Bengal,Howrah,"Belur Math, Howrah - WBPCB",06-04-2025,22.629801,88.352017,NH3,4,4,4
India,West Bengal,Howrah,"Belur Math, Howrah - WBPCB",06-04-2025,22.629801,88.352017,SO2,8,10,9
India,Uttarakhand,Kashipur,"Govt. Girls Inter College, Kashipur - UKPCB",06-04-2025,29.2124114,78.9611753,PM2.5,53,167,101
India,Uttarakhand,Kashipur,"Govt. Girls Inter College, Kashipur - UKPCB",06-04-2025,29.2124114,78.9611753,PM10,52,120,89
India,Uttarakhand,Kashipur,"Govt. Girls Inter College, Kashipur - UKPCB",06-04-2025,29.2124114,78.9611753,NH3,3,13,7
India,Uttarakhand,Kashipur,"Govt. Girls Inter College, Kashipur - UKPCB",06-04-2025,29.2124114,78.9611753,CO,18,56,35
India,West Bengal,Durgapur,"Mahishkapur Road_B-Zone, Durgapur - WBPCB",06-04-2025,23.567923,87.306843,PM2.5,25,161,83
India,West Bengal,Barrackpore,"SVSPA Campus, Barrackpore - WBPCB",06-04-2025,22.7605581,88.3617589,PM2.5,36,150,67
India,West Bengal,Asansol,"Mahabir Colliery, Asansol - WBPCB",06-04-2025,23.618183,87.105718,PM2.5,10,327,99
India,Uttarakhand,Dehradun,"Doon University, Dehradun - UKPCB",06-04-2025,30.269444,78.044167,NO2,1,8,3
India,West Bengal,Howrah,"Dasnagar, Howrah - WBPCB",06-04-2025,22.6025571,88.3105664,NO2,10,72,28
India,West Bengal,Howrah,"Dasnagar, Howrah - WBPCB",06-04-2025,22.6025571,88.3105664,SO2,11,65,30
India,West Bengal,Kolkata,"Ballygunge, Kolkata - WBPCB",06-04-2025,22.5367507,88.3638022,NH3,6,8,6
India,West Bengal,Kolkata,"Bidhannagar, Kolkata - WBPCB",06-04-2025,22.58157048,88.41002457,NH3,6,13,8
India,West Bengal,Kolkata,"Bidhannagar, Kolkata - WBPCB",06-04-2025,22.58157048,88.41002457,OZONE,17,63,19
India,West Bengal,Kolkata,"Jadavpur, Kolkata - WBPCB",06-04-2025,22.49929,88.36917,NH3,5,9,6
India,West Bengal,Kolkata,"Rabindra Bharati University, Kolkata - WBPCB",06-04-2025,22.627847,88.380669,SO2,9,13,11
India,West Bengal,Kolkata,"Rabindra Sarobar, Kolkata - WBPCB",06-04-2025,22.51106,88.35142,CO,16,34,17
India,West Bengal,Kolkata,"Victoria, Kolkata - WBPCB",06-04-2025,22.5448082,88.3403691,NO2,26,36,28
India,West Bengal,Kolkata,"Victoria, Kolkata - WBPCB",06-04-2025,22.5448082,88.3403691,NH3,5,5,5
India,West Bengal,Kolkata,"Victoria, Kolkata - WBPCB",06-04-2025,22.5448082,88.3403691,SO2,6,12,9
India,West Bengal,Siliguri,"Ward-32 Bapupara, Siliguri - WBPCB",06-04-2025,26.6879226,88.4152495,NH3,12,22,15
India,West Bengal,Siliguri,"Ward-32 Bapupara, Siliguri - WBPCB",06-04-2025,26.6879226,88.4152495,SO2,15,24,19
India,West Bengal,Siliguri,"Ward-32 Bapupara, Siliguri - WBPCB",06-04-2025,26.6879226,88.4152495,OZONE,14,62,29
India,Andhra Pradesh,Anantapur,"Gulzarpet, Anantapur - APPCB",06-04-2025,14.675886,77.593027,OZONE,4,28,8
India,Andhra Pradesh,Chittoor,"Gangineni Cheruvu, Chittoor - APPCB",06-04-2025,13.20488,79.097889,NO2,6,17,15
India,Andhra Pradesh,Chittoor,"Gangineni Cheruvu, Chittoor - APPCB",06-04-2025,13.20488,79.097889,NH3,3,9,4
India,Andhra Pradesh,Kadapa,"Yerramukkapalli, Kadapa - APPCB",06-04-2025,14.465052,78.824187,PM2.5,42,62,51
India,Andhra Pradesh,Kadapa,"Yerramukkapalli, Kadapa - APPCB",06-04-2025,14.465052,78.824187,PM10,38,57,46
India,Andhra Pradesh,Kadapa,"Yerramukkapalli, Kadapa - APPCB",06-04-2025,14.465052,78.824187,NO2,10,15,12
India,Andhra Pradesh,Kadapa,"Yerramukkapalli, Kadapa - APPCB",06-04-2025,14.465052,78.824187,NH3,4,6,5
India,Andhra Pradesh,Rajamahendravaram,"Anand Kala Kshetram, Rajamahendravaram - APPCB",06-04-2025,16.9872867,81.7363176,PM10,32,85,59
India,Andhra Pradesh,Vijayawada,"Rajiv Nagar, Vijayawada - APPCB",06-04-2025,16.554731,80.64911,CO,38,62,55
India,Andhra Pradesh,Visakhapatnam,"GVM Corporation, Visakhapatnam - APPCB",06-04-2025,17.72,83.3,NO2,43,76,60
India,Andhra Pradesh,Visakhapatnam,"GVM Corporation, Visakhapatnam - APPCB",06-04-2025,17.72,83.3,NH3,1,6,2
India,Andhra Pradesh,Tirumala,"Toll Gate, Tirumala - APPCB (Formerly known as Tirumala, Tirupati - APPCB)",06-04-2025,13.67,79.35,SO2,1,17,11
India,Andhra Pradesh,Tirupati,"Vaikuntapuram, Tirupati - APPCB",06-04-2025,13.615387,79.40923,NH3,3,3,3
India,Andhra Pradesh,Vijayawada,"Kanuru, Vijayawada - APPCB",06-04-2025,16.486692,80.699436,PM10,49,61,55
India,Andhra Pradesh,Vijayawada,"Kanuru, Vijayawada - APPCB",06-04-2025,16.486692,80.699436,OZONE,24,43,43
India,Andhra Pradesh,Vijayawada,"Rajiv Gandhi Park, Vijayawada - APPCB",06-04-2025,16.509717,80.612222,NO2,49,77,60
India,Andhra Pradesh,Rajamahendravaram,"Anand Kala Kshetram, Rajamahendravaram - APPCB",06-04-2025,16.9872867,81.7363176,NH3,2,9,4
India,Andhra Pradesh,Rajamahendravaram,"Anand Kala Kshetram, Rajamahendravaram - APPCB",06-04-2025,16.9872867,81.7363176,CO,5,101,50
India,Andhra Pradesh,Vijayawada,"Rajiv Nagar, Vijayawada - APPCB",06-04-2025,16.554731,80.64911,PM10,42,80,60
India,Andhra Pradesh,Vijayawada,"Rajiv Nagar, Vijayawada - APPCB",06-04-2025,16.554731,80.64911,NH3,3,4,3
India,Assam,Guwahati,"LGBI Airport, Guwahati - PCBA",06-04-2025,26.10887,91.589544,PM2.5,38,203,113
India,Assam,Guwahati,"LGBI Airport, Guwahati - PCBA",06-04-2025,26.10887,91.589544,NO2,18,43,22
India,Andhra Pradesh,Amaravati,"Secretariat, Amaravati - APPCB",06-04-2025,16.5150833,80.5181667,SO2,8,37,13
India,Andhra Pradesh,Amaravati,"Secretariat, Amaravati - APPCB",06-04-2025,16.5150833,80.5181667,CO,2,66,25
India,Assam,Guwahati,"IITG, Guwahati - PCBA",06-04-2025,26.2028636,91.70046436,NO2,1,8,2
India,Bihar,Araria,"Kharahiya Basti, Araria - BSPCB",06-04-2025,26.146529,87.454184,CO,15,68,37
India,Bihar,Arrah,"New DM Office, Arrah - BSPCB",06-04-2025,25.5626095,84.663264,PM2.5,15,92,42
India,Bihar,Arrah,"New DM Office, Arrah - BSPCB",06-04-2025,25.5626095,84.663264,OZONE,2,145,33
India,Bihar,Aurangabad,"Gurdeo Nagar, Aurangabad - BSPCB",06-04-2025,24.75746,84.366208,PM2.5,47,385,224
India,Bihar,Aurangabad,"Gurdeo Nagar, Aurangabad - BSPCB",06-04-2025,24.75746,84.366208,PM10,67,442,213
India,Bihar,Araria,"Kharahiya Basti, Araria - BSPCB",06-04-2025,26.146529,87.454184,PM2.5,42,203,81
India,Bihar,Araria,"Kharahiya Basti, Araria - BSPCB",06-04-2025,26.146529,87.454184,NO2,7,7,7
India,Assam,Sivasagar,"Girls College, Sivasagar - PCBA",06-04-2025,26.987634,94.636574,CO,12,23,19
India,Assam,Sivasagar,"Girls College, Sivasagar - PCBA",06-04-2025,26.987634,94.636574,OZONE,3,10,8
India,Assam,Nalbari,"Bata Chowk, Nalbari - PCBA",06-04-2025,26.446912,91.439057,PM10,95,451,204
India,Assam,Nalbari,"Bata Chowk, Nalbari - PCBA",06-04-2025,26.446912,91.439057,NH3,1,1,1
India,Assam,Sivasagar,"Girls College, Sivasagar - PCBA",06-04-2025,26.987634,94.636574,PM2.5,36,82,60
India,Assam,Sivasagar,"Girls College, Sivasagar - PCBA",06-04-2025,26.987634,94.636574,PM10,36,99,73
India,Bihar,Begusarai,"Lohiyanagar, Begusarai - BSPCB",06-04-2025,25.42742023,86.13886079,NH3,6,11,10
India,Assam,Guwahati,"Railway Colony, Guwahati - PCBA",06-04-2025,26.181742,91.78063,SO2,19,22,20
India,Bihar,Aurangabad,"Gurdeo Nagar, Aurangabad - BSPCB",06-04-2025,24.75746,84.366208,NH3,1,1,1
India,Assam,Silchar,"Tarapur, Silchar - PCBA",06-04-2025,24.82827,92.79525,SO2,NA,NA,NA
India,Bihar,Gaya,"Kareemganj, Gaya - BSPCB",06-04-2025,24.792403,84.992416,PM10,101,281,162
India,Bihar,Gaya,"Kareemganj, Gaya - BSPCB",06-04-2025,24.792403,84.992416,NO2,3,7,5
India,Bihar,Gaya,"Kareemganj, Gaya - BSPCB",06-04-2025,24.792403,84.992416,CO,2,142,22
India,Bihar,Gaya,"Kareemganj, Gaya - BSPCB",06-04-2025,24.792403,84.992416,OZONE,4,38,8
India,Bihar,Gaya,"SFTI Kusdihra, Gaya - BSPCB",06-04-2025,24.762518,84.982348,PM10,40,99,74
India,Bihar,Hajipur,"Industrial Area, Hajipur - BSPCB",06-04-2025,25.697189,85.2459,CO,22,68,57
India,Bihar,Katihar,"Mirchaibari, Katihar - BSPCB",06-04-2025,25.560083,87.553265,PM10,20,119,56
India,Bihar,Kishanganj,"SDM Office_Khagra, Kishanganj - BSPCB",06-04-2025,26.0881305,87.93840336,PM2.5,25,72,50
India,Bihar,Manguraha,"Forest Rest House, Manguraha - BSPCB",06-04-2025,27.308328,84.531742,PM2.5,47,332,149
India,Bihar,Motihari,"Gandak Colony, Motihari - BSPCB",06-04-2025,26.63086,84.90051,SO2,NA,NA,NA
India,Bihar,Buxar,"Charitra Van, Buxar - BSPCB",06-04-2025,25.56752,83.966379,NO2,4,5,5
India,Bihar,Chhapra,"Darshan Nagar, Chhapra - BSPCB",06-04-2025,25.7808257,84.7446768,PM2.5,45,217,89
India,Bihar,Chhapra,"Darshan Nagar, Chhapra - BSPCB",06-04-2025,25.7808257,84.7446768,PM10,54,160,96
India,Bihar,Chhapra,"Darshan Nagar, Chhapra - BSPCB",06-04-2025,25.7808257,84.7446768,NH3,4,10,6
India,Bihar,Bhagalpur,"Mayaganj, Bhagalpur - BSPCB",06-04-2025,25.265194,87.012947,OZONE,2,52,7
India,Bihar,Bihar Sharif,"D M Colony, Bihar Sharif - BSPCB",06-04-2025,25.204762,85.51496,SO2,NA,NA,NA
India,Bihar,Gaya,"Collectorate, Gaya - BSPCB",06-04-2025,24.7955,84.9994,PM2.5,15,263,109
India,Bihar,Gaya,"Collectorate, Gaya - BSPCB",06-04-2025,24.7955,84.9994,SO2,8,15,14
India,Bihar,Gaya,"Collectorate, Gaya - BSPCB",06-04-2025,24.7955,84.9994,OZONE,19,21,20
India,Bihar,Begusarai,"Lohiyanagar, Begusarai - BSPCB",06-04-2025,25.42742023,86.13886079,SO2,3,74,15
India,Bihar,Begusarai,"Lohiyanagar, Begusarai - BSPCB",06-04-2025,25.42742023,86.13886079,CO,36,56,47
India,Bihar,Bhagalpur,"DM Office_Kachari Chowk, Bhagalpur - BSPCB",06-04-2025,25.251013,86.989001,OZONE,13,29,16
India,Bihar,Bettiah,"Kamalnath Nagar, Bettiah - BSPCB",06-04-2025,26.80365,84.51954,OZONE,22,29,23
India,Bihar,Bhagalpur,"Mayaganj, Bhagalpur - BSPCB",06-04-2025,25.265194,87.012947,PM2.5,2,273,70
India,Bihar,Munger,"Town Hall, Munger - BSPCB",06-04-2025,25.376776,86.471523,NH3,6,8,7
India,Bihar,Munger,"Town Hall, Munger - BSPCB",06-04-2025,25.376776,86.471523,SO2,17,24,19
India,Bihar,Muzaffarpur,"Buddha Colony, Muzaffarpur - BSPCB",06-04-2025,26.11442,85.39813,NH3,6,15,12
India,Bihar,Muzaffarpur,"MIT-Daudpur Kothi, Muzaffarpur - BSPCB",06-04-2025,26.1403345,85.3650192,PM2.5,12,320,141
India,Bihar,Muzaffarpur,"MIT-Daudpur Kothi, Muzaffarpur - BSPCB",06-04-2025,26.1403345,85.3650192,OZONE,2,65,8
India,Bihar,Saharsa,"Police Line, Saharsa - BSPCB",06-04-2025,25.892357,86.590325,PM10,69,203,136
India,Bihar,Samastipur,"DM Office_Kasipur, Samastipur - BSPCB",06-04-2025,25.859655,85.77944,NO2,1,2,1
India,Bihar,Samastipur,"DM Office_Kasipur, Samastipur - BSPCB",06-04-2025,25.859655,85.77944,OZONE,4,8,8
India,Bihar,Sasaram,"Dada Peer, Sasaram - BSPCB",06-04-2025,24.952822,84.002396,SO2,5,5,5
India,Bihar,Patna,"Samanpura, Patna - BSPCB",06-04-2025,25.596727,85.085624,NH3,6,7,6
India,Bihar,Rajgir,"Dangi Tola, Rajgir - BSPCB",06-04-2025,25.0328,85.41948,PM2.5,45,332,102
India,Bihar,Rajgir,"Dangi Tola, Rajgir - BSPCB",06-04-2025,25.0328,85.41948,NH3,2,3,2
India,Bihar,Rajgir,"Dangi Tola, Rajgir - BSPCB",06-04-2025,25.0328,85.41948,CO,14,61,38
India,Bihar,Patna,"Muradpur, Patna - BSPCB",06-04-2025,25.619651,85.147382,PM10,191,500,338
India,Bihar,Patna,"Muradpur, Patna - BSPCB",06-04-2025,25.619651,85.147382,NH3,1,17,5
India,Bihar,Patna,"DRM Office Danapur, Patna - BSPCB",06-04-2025,25.586562,85.043586,SO2,2,8,5
India,Bihar,Patna,"DRM Office Danapur, Patna - BSPCB",06-04-2025,25.586562,85.043586,OZONE,1,33,5
India,Bihar,Siwan,"Chitragupta Nagar, Siwan - BSPCB",06-04-2025,26.2271665,84.3570427,SO2,2,72,14
India,Bihar,Siwan,"Chitragupta Nagar, Siwan - BSPCB",06-04-2025,26.2271665,84.3570427,OZONE,1,99,24
India,Chandigarh,Chandigarh,"Sector-53, Chandigarh - CPCC",06-04-2025,30.719859,76.738637,NH3,NA,NA,NA
India,Chandigarh,Chandigarh,"Sector-53, Chandigarh - CPCC",06-04-2025,30.719859,76.738637,OZONE,NA,NA,NA
India,Chhattisgarh,Bhilai,"32Bungalows, Bhilai - CECB",06-04-2025,21.194815,81.31477,PM10,33,73,50
India,Bihar,Patna,"Muradpur, Patna - BSPCB",06-04-2025,25.619651,85.147382,CO,32,64,48
India,Chhattisgarh,Bhilai,"Hathkhoj, Bhilai - CECB",06-04-2025,21.224231,81.40835,NH3,3,6,4
India,Chhattisgarh,Bilaspur,"Mangala, Bilaspur - NTPC",06-04-2025,22.08815,82.13737,NO2,18,63,21
India,Chhattisgarh,Bhilai,"Civic Center, Bhilai - Bhilai Steel Plant",06-04-2025,21.185571,81.343175,CO,20,64,46
India,Chhattisgarh,Bhilai,"Hathkhoj, Bhilai - CECB",06-04-2025,21.224231,81.40835,PM10,40,179,73
India,Chhattisgarh,Korba,"Rampur, Korba - CECB",06-04-2025,22.368195,82.746431,CO,36,52,49
India,Chhattisgarh,Korba,"Urja Nagar, Korba - CECB",06-04-2025,22.348441,82.549611,NH3,3,10,5
India,Chhattisgarh,Milupara,"Govt. Higher Secondary School, Milupara - CECB",06-04-2025,22.1910172,83.5197009,PM2.5,24,67,50
India,Chhattisgarh,Bhilai,"Civic Center, Bhilai - Bhilai Steel Plant",06-04-2025,21.185571,81.343175,PM2.5,20,44,30
India,Chhattisgarh,Bhilai,"Civic Center, Bhilai - Bhilai Steel Plant",06-04-2025,21.185571,81.343175,NO2,6,9,6
India,Chhattisgarh,Korba,"Rampur, Korba - CECB",06-04-2025,22.368195,82.746431,PM2.5,61,98,77
India,Chhattisgarh,Raipur,"AIIMS, Raipur - CECB",06-04-2025,21.258815,81.578979,PM10,33,89,44
India,Chhattisgarh,Raipur,"AIIMS, Raipur - CECB",06-04-2025,21.258815,81.578979,OZONE,5,34,7
India,Delhi,Delhi,"Chandni Chowk, Delhi - IITM",06-04-2025,28.656756,77.227234,PM2.5,80,245,126
India,Delhi,Delhi,"Chandni Chowk, Delhi - IITM",06-04-2025,28.656756,77.227234,PM10,NA,NA,NA
India,Delhi,Delhi,"Chandni Chowk, Delhi - IITM",06-04-2025,28.656756,77.227234,NO2,83,187,131
India,Chhattisgarh,Tumidih,"OP Jindal Industrial Park, Tumidih - CECB",06-04-2025,22.06631475,83.33820077,PM2.5,43,354,106
India,Chhattisgarh,Tumidih,"OP Jindal Industrial Park, Tumidih - CECB",06-04-2025,22.06631475,83.33820077,NH3,1,4,2
India,Chhattisgarh,Raipur,"Bhatagaon New ISBT, Raipur - CECB",06-04-2025,21.219665,81.630094,PM10,26,102,59
India,Chhattisgarh,Raipur,"Bhatagaon New ISBT, Raipur - CECB",06-04-2025,21.219665,81.630094,NH3,NA,NA,NA
India,Chhattisgarh,Raipur,"Siltara Phase-II, Raipur - CECB",06-04-2025,21.371751,81.664929,SO2,13,65,29
India,Delhi,Delhi,"CRRI Mathura Road, Delhi - IMD",06-04-2025,28.5512005,77.2735737,PM2.5,31,327,173
India,Chhattisgarh,Raipur,"Krishak Nagar, Raipur - CECB",06-04-2025,21.237755,81.705301,CO,24,44,42
India,Delhi,Delhi,"Burari Crossing, Delhi - IMD",06-04-2025,28.7256504,77.2011573,NO2,15,29,21
India,Delhi,Delhi,"Ashok Vihar, Delhi - DPCC",06-04-2025,28.695381,77.181665,NO2,24,128,77
India,Delhi,Delhi,"Bawana, Delhi - DPCC",06-04-2025,28.7762,77.051074,OZONE,3,135,12
India,Delhi,Delhi,"IGI Airport (T3), Delhi - IMD",06-04-2025,28.5627763,77.1180053,OZONE,5,94,8
India,Delhi,Delhi,"IHBAS, Dilshad Garden, Delhi - CPCB",06-04-2025,28.6811736,77.3025234,PM2.5,55,246,115
India,Delhi,Delhi,"IHBAS, Dilshad Garden, Delhi - CPCB",06-04-2025,28.6811736,77.3025234,CO,1,112,56
India,Delhi,Delhi,"ITO, Delhi - CPCB",06-04-2025,28.628624,77.24106,NH3,6,10,8
India,Delhi,Delhi,"ITO, Delhi - CPCB",06-04-2025,28.628624,77.24106,OZONE,1,39,2
India,Delhi,Delhi,"Jahangirpuri, Delhi - DPCC",06-04-2025,28.73282,77.170633,NH3,5,11,8
India,Delhi,Delhi,"Jahangirpuri, Delhi - DPCC",06-04-2025,28.73282,77.170633,SO2,29,116,57
India,Delhi,Delhi,"Jawaharlal Nehru Stadium, Delhi - DPCC",06-04-2025,28.58028,77.233829,PM10,105,245,160
India,Delhi,Delhi,"Jawaharlal Nehru Stadium, Delhi - DPCC",06-04-2025,28.58028,77.233829,NO2,95,215,157
India,Delhi,Delhi,"Lodhi Road, Delhi - IITM",06-04-2025,28.588333,77.221667,NO2,29,171,80
India,Delhi,Delhi,"Narela, Delhi - DPCC",06-04-2025,28.822836,77.101981,NO2,7,49,24
India,Delhi,Delhi,"Narela, Delhi - DPCC",06-04-2025,28.822836,77.101981,OZONE,5,53,16
India,Delhi,Delhi,"Nehru Nagar, Delhi - DPCC",06-04-2025,28.56789,77.250515,NO2,13,90,50
India,Delhi,Delhi,"Nehru Nagar, Delhi - DPCC",06-04-2025,28.56789,77.250515,NH3,6,7,6
India,Delhi,Delhi,"Lodhi Road, Delhi - IMD",06-04-2025,28.5918245,77.2273074,NO2,NA,NA,NA
India,Delhi,Delhi,"Lodhi Road, Delhi - IMD",06-04-2025,28.5918245,77.2273074,CO,NA,NA,NA
India,Delhi,Delhi,"Major Dhyan Chand National Stadium, Delhi - DPCC",06-04-2025,28.611281,77.237738,PM2.5,23,342,181
India,Delhi,Delhi,"DTU, Delhi - CPCB",06-04-2025,28.7500499,77.1112615,SO2,65,72,68
India,Delhi,Delhi,"Dr. Karni Singh Shooting Range, Delhi - DPCC",06-04-2025,28.498571,77.26484,PM10,105,229,167
India,Delhi,Delhi,"Dwarka-Sector 8, Delhi - DPCC ",06-04-2025,28.5710274,77.0719006,PM10,114,330,197
India,Delhi,Delhi,"Dwarka-Sector 8, Delhi - DPCC ",06-04-2025,28.5710274,77.0719006,NH3,11,25,15
India,Delhi,Delhi,"Dwarka-Sector 8, Delhi - DPCC ",06-04-2025,28.5710274,77.0719006,CO,31,129,64
India,Delhi,Delhi,"Okhla Phase-2, Delhi - DPCC",06-04-2025,28.530785,77.271255,PM2.5,52,339,170
India,Delhi,Delhi,"Okhla Phase-2, Delhi - DPCC",06-04-2025,28.530785,77.271255,PM10,121,300,201
India,Delhi,Delhi,"Mundka, Delhi - DPCC",06-04-2025,28.684678,77.076574,PM2.5,42,390,237
India,Delhi,Delhi,"Najafgarh, Delhi - DPCC",06-04-2025,28.570173,76.933762,CO,30,65,47
India,Delhi,Delhi,"Shadipur, Delhi - CPCB",06-04-2025,28.6514781,77.1473105,CO,26,76,34
India,Delhi,Delhi,"Sonia Vihar, Delhi - DPCC",06-04-2025,28.710508,77.249485,PM2.5,22,343,125
India,Delhi,Delhi,"Sonia Vihar, Delhi - DPCC",06-04-2025,28.710508,77.249485,NO2,13,107,54
India,Delhi,Delhi,"Sonia Vihar, Delhi - DPCC",06-04-2025,28.710508,77.249485,OZONE,2,136,5
India,Delhi,Delhi,"Sri Aurobindo Marg, Delhi - DPCC",06-04-2025,28.531346,77.190156,CO,15,62,49
India,Delhi,Delhi,"R K Puram, Delhi - DPCC",06-04-2025,28.563262,77.186937,PM10,118,421,220
India,Delhi,Delhi,"R K Puram, Delhi - DPCC",06-04-2025,28.563262,77.186937,NH3,4,5,5
India,Delhi,Delhi,"R K Puram, Delhi - DPCC",06-04-2025,28.563262,77.186937,SO2,16,69,43
India,Delhi,Delhi,"Rohini, Delhi - DPCC",06-04-2025,28.732528,77.11992,NH3,7,19,12
India,Delhi,Delhi,"Punjabi Bagh, Delhi - DPCC",06-04-2025,28.674045,77.131023,CO,38,81,56
India,Delhi,Delhi,"Pusa, Delhi - DPCC",06-04-2025,28.639652,77.146275,NH3,3,15,11
India,Delhi,Delhi,"Pusa, Delhi - IMD",06-04-2025,28.63611,77.173332,PM2.5,NA,NA,NA
India,Delhi,Delhi,"Pusa, Delhi - IMD",06-04-2025,28.63611,77.173332,NO2,NA,NA,NA
India,Gujarat,Ahmedabad,"Gyaspur, Ahmedabad - IITM",06-04-2025,22.977134,72.553024,SO2,34,108,73
India,Gujarat,Ahmedabad,"Maninagar, Ahmedabad - GPCB",06-04-2025,23.002657,72.591912,CO,10,69,15
India,Delhi,Delhi,"Wazirpur, Delhi - DPCC",06-04-2025,28.699793,77.165453,SO2,24,102,54
India,Delhi,Delhi,"Wazirpur, Delhi - DPCC",06-04-2025,28.699793,77.165453,OZONE,5,178,37
India,Gujarat,Ahmedabad,"SAC ISRO Bopal, Ahmedabad - IITM",06-04-2025,23.041137,72.456691,OZONE,2,48,11
India,Gujarat,Ahmedabad,"SAC ISRO Bopal, Ahmedabad - IITM",06-04-2025,23.041137,72.456691,SO2,1,2,1
India,Delhi,Delhi,"Okhla Phase-2, Delhi - DPCC",06-04-2025,28.530785,77.271255,CO,83,121,99
India,Delhi,Delhi,"Patparganj, Delhi - DPCC",06-04-2025,28.623763,77.287209,PM2.5,32,329,142
India,Gujarat,Gandhinagar,"Sector-10, Gandhinagar - GPCB",06-04-2025,23.221714,72.654328,NH3,5,6,5
India,Gujarat,Gandhinagar,"Sector-10, Gandhinagar - GPCB",06-04-2025,23.221714,72.654328,SO2,5,6,6
India,Gujarat,Nandesari,"GIDC, Nandesari - Nandesari Ind. Association",06-04-2025,22.410802,73.097923,PM2.5,2,14,5
India,Gujarat,Nandesari,"GIDC, Nandesari - Nandesari Ind. Association",06-04-2025,22.410802,73.097923,NO2,5,38,16
India,Gujarat,Surat,"Science Center, Surat - SMC",06-04-2025,21.170046,72.795405,SO2,41,49,44
India,Gujarat,Vapi,"Phase-1 GIDC, Vapi - GPCB",06-04-2025,20.362421,72.918013,OZONE,2,2,2
India,Himachal Pradesh,Baddi,"HIMUDA Complex Phase-1, Baddi - HPPCB",06-04-2025,30.943887,76.801991,PM10,75,163,123
India,Himachal Pradesh,Baddi,"HIMUDA Complex Phase-1, Baddi - HPPCB",06-04-2025,30.943887,76.801991,NO2,5,43,24
India,Jammu and Kashmir,Srinagar,"Rajbagh, Srinagar - JKSPCB",06-04-2025,34.066206,74.81982,PM2.5,39,131,62
India,Gujarat,Gandhinagar,"IIPHG Lekawada, Gandhinagar - IITM",06-04-2025,23.243639,72.68994,OZONE,2,66,8
India,Gujarat,Gandhinagar,"Sector-10, Gandhinagar - GPCB",06-04-2025,23.221714,72.654328,NO2,23,25,24
India,Gujarat,Ahmedabad,"Sardar Vallabhbhai Patel Stadium, Ahmedabad - IITM",06-04-2025,23.04307,72.562968,NH3,4,30,10
India,Gujarat,Ahmedabad,"Sardar Vallabhbhai Patel Stadium, Ahmedabad - IITM",06-04-2025,23.04307,72.562968,SO2,11,76,22
India,Haryana,Panchgaon,"Amity University, Panchgaon - IITM",06-04-2025,28.3153,76.9143,NH3,6,7,6
India,Haryana,Panchgaon,"Amity University, Panchgaon - IITM",06-04-2025,28.3153,76.9143,SO2,13,44,25
India,Haryana,Gurugram,"NISE Gwal Pahari, Gurugram - IMD",06-04-2025,28.422681,77.148944,PM2.5,32,304,138
India,Gujarat,Gandhinagar,"IIPHG Lekawada, Gandhinagar - IITM",06-04-2025,23.243639,72.68994,SO2,6,55,16
India,Gujarat,Gandhinagar,"GIFT City, Gandhinagar - IITM",06-04-2025,23.163798,72.677768,NO2,7,56,28
India,Gujarat,Gandhinagar,"GIFT City, Gandhinagar - IITM",06-04-2025,23.163798,72.677768,SO2,4,34,10
India,Jammu and Kashmir,Srinagar,"Rajbagh, Srinagar - JKSPCB",06-04-2025,34.066206,74.81982,NH3,2,2,2
India,Jharkhand,Dhanbad,"Sardar Patel Nagar, Dhanbad - JSPCB",06-04-2025,23.80569,86.44268,PM2.5,12,250,137
India,Jharkhand,Dhanbad,"Sardar Patel Nagar, Dhanbad - JSPCB",06-04-2025,23.80569,86.44268,OZONE,13,46,18
India,Karnataka,Bagalkot,"Vidayagiri, Bagalkot - KSPCB",06-04-2025,16.172806,75.659694,NH3,1,2,1
India,Karnataka,Belgaum,"Ramteerth Nagar, Belgaum - KSPCB",06-04-2025,15.888653,74.541751,PM2.5,23,61,31
India,Karnataka,Bengaluru,"Sanegurava Halli, Bengaluru - KSPCB",06-04-2025,12.990328,77.5431385,SO2,6,20,10
India,Karnataka,Bengaluru,"Shivapura_Peenya, Bengaluru - KSPCB",06-04-2025,13.0246342,77.5080115,NH3,2,2,2
India,Karnataka,Bengaluru,"Shivapura_Peenya, Bengaluru - KSPCB",06-04-2025,13.0246342,77.5080115,CO,32,41,36
India,Karnataka,Bengaluru,"Shivapura_Peenya, Bengaluru - KSPCB",06-04-2025,13.0246342,77.5080115,OZONE,19,23,20
India,Karnataka,Bengaluru,"Silk Board, Bengaluru - KSPCB",06-04-2025,12.917348,77.622813,NO2,21,67,37
India,Karnataka,Bengaluru,"Silk Board, Bengaluru - KSPCB",06-04-2025,12.917348,77.622813,CO,7,40,16
India,Karnataka,Chamarajanagar,"Urban, Chamarajanagar - KSPCB",06-04-2025,11.55358,76.55521,PM2.5,16,49,34
India,Karnataka,Chamarajanagar,"Urban, Chamarajanagar - KSPCB",06-04-2025,11.55358,76.55521,NH3,2,3,2
India,Karnataka,Chamarajanagar,"Urban, Chamarajanagar - KSPCB",06-04-2025,11.55358,76.55521,SO2,3,8,5
India,Karnataka,Bengaluru,"Bapuji Nagar, Bengaluru - KSPCB",06-04-2025,12.951913,77.539784,CO,18,99,32
India,Karnataka,Bengaluru,"City Railway Station, Bengaluru - KSPCB",06-04-2025,12.9756843,77.5660749,PM10,84,100,91
India,Karnataka,Bengaluru,"City Railway Station, Bengaluru - KSPCB",06-04-2025,12.9756843,77.5660749,CO,48,70,55
India,Karnataka,Bengaluru,"Peenya, Bengaluru - CPCB",06-04-2025,13.0270199,77.494094,OZONE,36,40,40
India,Karnataka,Bengaluru,"RVCE-Mailasandra, Bengaluru - KSPCB",06-04-2025,12.921418,77.502466,PM2.5,55,57,56
India,Karnataka,Bengaluru,"Hombegowda Nagar, Bengaluru - KSPCB",06-04-2025,12.938539,77.5901,NO2,11,44,22
India,Karnataka,Bengaluru,"Hombegowda Nagar, Bengaluru - KSPCB",06-04-2025,12.938539,77.5901,NH3,1,2,2
India,Karnataka,Bengaluru,"Jayanagar 5th Block, Bengaluru - KSPCB",06-04-2025,12.920984,77.584908,NO2,15,26,16
India,Karnataka,Bengaluru,"Kasturi Nagar, Bengaluru - KSPCB",06-04-2025,13.003872,77.664217,PM10,82,446,135
India,Karnataka,Bengaluru,"Peenya, Bengaluru - CPCB",06-04-2025,13.0270199,77.494094,NO2,16,23,20
India,Karnataka,Koppal,"Diwator Nagar, Koppal - KSPCB",06-04-2025,15.34763,76.181767,PM10,13,41,24
India,Karnataka,Koppal,"Diwator Nagar, Koppal - KSPCB",06-04-2025,15.34763,76.181767,NH3,1,3,2
India,Karnataka,Koppal,"Diwator Nagar, Koppal - KSPCB",06-04-2025,15.34763,76.181767,SO2,10,28,18
India,Karnataka,Madikeri,"Stuart Hill, Madikeri - KSPCB",06-04-2025,12.415911,75.73505,PM10,6,61,20
India,Karnataka,Madikeri,"Stuart Hill, Madikeri - KSPCB",06-04-2025,12.415911,75.73505,NH3,1,2,1
India,Karnataka,Mangalore,"Kadri, Mangalore - KSPCB",06-04-2025,12.88925,74.853,PM10,38,56,45
India,Karnataka,Mangalore,"Kadri, Mangalore - KSPCB",06-04-2025,12.88925,74.853,NO2,7,11,8
India,Karnataka,Haveri,"Ashwini Nagar, Haveri - KSPCB",06-04-2025,14.7918,75.3896,NH3,4,5,4
India,Karnataka,Hubballi,"Lingaraj Nagar, Hubballi - KSPCB",06-04-2025,15.3714823,75.1160168,NO2,7,13,10
India,Karnataka,Hubballi,"Lingaraj Nagar, Hubballi - KSPCB",06-04-2025,15.3714823,75.1160168,OZONE,13,25,17
India,Karnataka,Kalaburagi,"Lal Bahadur Shastri Nagar, Kalaburagi - KSPCB",06-04-2025,17.321993,76.822628,PM2.5,35,94,62
India,Karnataka,Chikkamagaluru,"Kalyana Nagara, Chikkamagaluru - KSPCB",06-04-2025,13.328028,75.797056,CO,NA,NA,NA
India,Karnataka,Davanagere,"Devaraj Urs Badavane, Davanagere - KSPCB",06-04-2025,14.4758,75.9052,PM10,NA,NA,NA
India,Karnataka,Dharwad,"Kalabhavan, Dharwad - KSPCB",06-04-2025,15.459706,75.008381,PM2.5,42,54,48
India,Karnataka,Gadag,"Panchal Nagar, Gadag - KSPCB",06-04-2025,15.411456,75.638133,PM2.5,NA,NA,NA
India,Kerala,Kannur,"Thavakkara, Kannur - Kerala PCB",06-04-2025,11.875,75.3732,NO2,15,17,16
India,Kerala,Kannur,"Thavakkara, Kannur - Kerala PCB",06-04-2025,11.875,75.3732,OZONE,26,32,26
India,Kerala,Kollam,"Polayathode, Kollam - Kerala PCB",06-04-2025,8.8787,76.6073,PM2.5,28,35,32
India,Karnataka,Chikkaballapur,"Chikkaballapur Rural, Chikkaballapur - KSPCB",06-04-2025,13.428828,77.731418,PM10,12,58,34
India,Karnataka,Chikkaballapur,"Chikkaballapur Rural, Chikkaballapur - KSPCB",06-04-2025,13.428828,77.731418,NO2,14,41,25
India,Karnataka,Mysuru,"Hebbal 1st Stage, Mysuru - KSPCB",06-04-2025,12.21041,76.37376,PM10,29,49,37
India,Karnataka,Yadgir,"Collector Office, Yadgir - KSPCB",06-04-2025,16.7602,77.1428,PM2.5,20,59,30
India,Karnataka,Shivamogga,"Vinoba Nagara, Shivamogga - KSPCB",06-04-2025,13.94,75.555917,NH3,2,2,2
India,Kerala,Eloor,"Udyogamandal, Eloor - Kerala PCB",06-04-2025,10.073232,76.302765,PM2.5,44,73,53
India,Madhya Pradesh,Indore,"Residency Area, Indore - IMC",06-04-2025,22.7084,75.8815,PM2.5,32,229,86
India,Madhya Pradesh,Indore,"Residency Area, Indore - IMC",06-04-2025,22.7084,75.8815,PM10,42,175,94
India,Madhya Pradesh,Indore,"Residency Area, Indore - IMC",06-04-2025,22.7084,75.8815,SO2,30,40,33
India,Madhya Pradesh,Indore,"Residency Area, Indore - IMC",06-04-2025,22.7084,75.8815,CO,16,28,22
India,Madhya Pradesh,Indore,"Residency Area, Indore - IMC",06-04-2025,22.7084,75.8815,OZONE,10,23,11
India,Madhya Pradesh,Jabalpur,"Govindh Bhavan Colony, Jabalpur - JMC",06-04-2025,23.163174,79.973061,NH3,1,2,2
India,Madhya Pradesh,Jabalpur,"Govindh Bhavan Colony, Jabalpur - JMC",06-04-2025,23.163174,79.973061,OZONE,11,109,20
India,Madhya Pradesh,Jabalpur,"Gupteshwar, Jabalpur - JMC",06-04-2025,23.142888,79.916147,PM2.5,NA,NA,NA
India,Kerala,Thiruvananthapuram,"Plammoodu, Thiruvananthapuram - Kerala PCB",06-04-2025,8.5149093,76.9435879,NH3,2,4,3
India,Kerala,Thrissur,"Corporation Ground, Thrissur - Kerala PCB",06-04-2025,10.5324,76.2159,PM2.5,47,54,49
India,Kerala,Thrissur,"Corporation Ground, Thrissur - Kerala PCB",06-04-2025,10.5324,76.2159,PM10,57,63,60
India,Kerala,Thrissur,"Corporation Ground, Thrissur - Kerala PCB",06-04-2025,10.5324,76.2159,CO,26,28,27
India,Madhya Pradesh,Gwalior,"Maharaj Bada, Gwalior - MPPCB",06-04-2025,26.200388,78.147714,PM2.5,48,209,86
India,Madhya Pradesh,Gwalior,"Maharaj Bada, Gwalior - MPPCB",06-04-2025,26.200388,78.147714,NO2,2,5,4
India,Madhya Pradesh,Gwalior,"Maharaj Bada, Gwalior - MPPCB",06-04-2025,26.200388,78.147714,NH3,2,2,2
India,Madhya Pradesh,Indore,"Airport Area, Indore - IMC",06-04-2025,22.7289,75.8076,PM2.5,28,155,62
India,Madhya Pradesh,Jabalpur,"Marhatal, Jabalpur - MPPCB",06-04-2025,23.168606,79.932247,OZONE,2,82,16
India,Madhya Pradesh,Jabalpur,"Suhagi, Jabalpur - JMC",06-04-2025,23.218135,79.95777,PM2.5,19,78,53
India,Madhya Pradesh,Katni,"Gole Bazar, Katni - MPPCB",06-04-2025,23.50016,80.23284,CO,8,103,80
India,Kerala,Thrissur,"Corporation Ground, Thrissur - Kerala PCB",06-04-2025,10.5324,76.2159,OZONE,27,28,27
India,Madhya Pradesh,Bhopal,"Idgah Hills, Bhopal - MPPCB",06-04-2025,23.264759,77.381568,NO2,16,55,29
India,Madhya Pradesh,Bhopal,"Idgah Hills, Bhopal - MPPCB",06-04-2025,23.264759,77.381568,CO,14,40,31
India,Madhya Pradesh,Dewas,"Bhopal Chauraha, Dewas - MPPCB",06-04-2025,22.9682591,76.064118,CO,16,82,44
India,Madhya Pradesh,Gwalior,"City Center, Gwalior - MPPCB",06-04-2025,26.203442,78.193251,PM10,93,269,161
India,Madhya Pradesh,Bhopal,"Idgah Hills, Bhopal - MPPCB",06-04-2025,23.264759,77.381568,OZONE,46,94,67
India,Madhya Pradesh,Bhopal,"Paryavaran Parisar, Bhopal - MPPCB",06-04-2025,23.210494,77.425409,PM10,45,135,95
India,Kerala,Kollam,"Polayathode, Kollam - Kerala PCB",06-04-2025,8.8787,76.6073,NO2,8,10,9
India,Kerala,Kollam,"Polayathode, Kollam - Kerala PCB",06-04-2025,8.8787,76.6073,CO,14,17,16
India,Kerala,Kollam,"Polayathode, Kollam - Kerala PCB",06-04-2025,8.8787,76.6073,OZONE,29,36,30
India,Madhya Pradesh,Indore,"Chhoti Gwaltoli, Indore - MPPCB",06-04-2025,22.431,75.5213,SO2,8,36,16
India,Maharashtra,Ahmednagar,"Tarakpur, Ahmednagar - MPCB",06-04-2025,19.10122,74.73339,CO,24,169,37
India,Maharashtra,Akola,"Ramdaspeth, Akola - MPCB",06-04-2025,20.719516,77.000253,NO2,15,78,33
India,Maharashtra,Amravati,"Shivneri Colony, Amravati - MPCB",06-04-2025,20.9402359,77.7895248,PM10,83,116,100
India,Madhya Pradesh,Ujjain,"Mahakaleshwar Temple, Ujjain - MPPCB",06-04-2025,23.182719,75.768218,CO,9,105,63
India,Maharashtra,Ahmednagar,"Tarakpur, Ahmednagar - MPCB",06-04-2025,19.10122,74.73339,NH3,5,9,7
India,Madhya Pradesh,Sagar,"Civil Lines, Sagar - MPPCB",06-04-2025,23.838586,78.759431,CO,46,100,59
India,Madhya Pradesh,Sagar,"Deen Dayal Nagar, Sagar - MPPCB",06-04-2025,23.8640158,78.80289321,PM10,28,124,77
India,Madhya Pradesh,Sagar,"Deen Dayal Nagar, Sagar - MPPCB",06-04-2025,23.8640158,78.80289321,NO2,10,120,61
India,Madhya Pradesh,Ujjain,"Mahakaleshwar Temple, Ujjain - MPPCB",06-04-2025,23.182719,75.768218,NO2,17,36,26
India,Madhya Pradesh,Ujjain,"Mahakaleshwar Temple, Ujjain - MPPCB",06-04-2025,23.182719,75.768218,SO2,1,25,10
India,Madhya Pradesh,Mandideep,"Sector-D Industrial Area, Mandideep - MPPCB",06-04-2025,23.10844,77.511428,PM10,106,472,212
India,Madhya Pradesh,Mandideep,"Sector-D Industrial Area, Mandideep - MPPCB",06-04-2025,23.10844,77.511428,OZONE,29,38,37
India,Madhya Pradesh,Singrauli,"Suryakiran Bhawan NCL, Singrauli - MPPCB",06-04-2025,24.10897,82.64558,PM10,66,500,211
India,Madhya Pradesh,Satna,"Bandhavgar Colony, Satna - Birla Cement",06-04-2025,24.58434363,80.8549414,NO2,12,12,12
India,Madhya Pradesh,Ratlam,"Shasthri Nagar, Ratlam - IPCA Lab",06-04-2025,23.331731,75.045981,NO2,40,43,42
India,Maharashtra,Badlapur,"Katrap, Badlapur - MPCB",06-04-2025,19.16485,73.23409,NO2,29,116,68
India,Maharashtra,Badlapur,"Katrap, Badlapur - MPCB",06-04-2025,19.16485,73.23409,SO2,8,16,11
India,Maharashtra,Belapur,"CBD Belapur, Belapur - MPCB",06-04-2025,19.0243902,73.0406721,NO2,15,36,23
India,Maharashtra,Bhiwandi,"Gokul Nagar, Bhiwandi - MPCB",06-04-2025,19.309073,73.057223,PM10,70,152,115
India,Maharashtra,Bhiwandi,"Gokul Nagar, Bhiwandi - MPCB",06-04-2025,19.309073,73.057223,NH3,3,5,3
India,Maharashtra,Latur,"Sawe Wadi, Latur - MPCB",06-04-2025,18.39963,76.57452,SO2,NA,NA,NA
India,Maharashtra,Latur,"Sawe Wadi, Latur - MPCB",06-04-2025,18.39963,76.57452,CO,8,159,39
India,Maharashtra,Mahad,"Kamble Tarf Birwadi, Mahad - MPCB",06-04-2025,18.1023399,73.4783687,PM2.5,74,206,115
India,Maharashtra,Mahad,"Kamble Tarf Birwadi, Mahad - MPCB",06-04-2025,18.1023399,73.4783687,PM10,102,141,120
India,Maharashtra,Mahad,"Kamble Tarf Birwadi, Mahad - MPCB",06-04-2025,18.1023399,73.4783687,SO2,27,129,52
India,Maharashtra,Aurangabad,"MIDC Chilkalthana, Aurangabad - MPCB",06-04-2025,19.87562,75.38731,NH3,1,3,2
India,Maharashtra,Aurangabad,"MIDC Chilkalthana, Aurangabad - MPCB",06-04-2025,19.87562,75.38731,CO,16,114,47
India,Maharashtra,Aurangabad,"More Chowk Waluj, Aurangabad - MPCB",06-04-2025,19.8389439,75.244448,NO2,19,32,26
India,Maharashtra,Aurangabad,"More Chowk Waluj, Aurangabad - MPCB",06-04-2025,19.8389439,75.244448,NH3,9,10,9
India,Maharashtra,Boisar,"Khaira, Boisar - MPCB",06-04-2025,19.786089,72.757971,OZONE,4,32,10
India,Maharashtra,Chandrapur,"Chauhan Colony, Chandrapur - MPCB",06-04-2025,19.9629,79.298714,NH3,3,7,5
India,Maharashtra,Dhule,"Deopur, Dhule - MPCB",06-04-2025,20.918946,74.776388,PM10,67,124,94
India,Maharashtra,Malegaon,"Mahesh Nagar, Malegaon - MPCB",06-04-2025,20.555712,74.529236,PM10,41,132,79
India,Maharashtra,Malegaon,"Mahesh Nagar, Malegaon - MPCB",06-04-2025,20.555712,74.529236,NO2,13,106,31
India,Maharashtra,Mira-Bhayandar,"Bhayandar West, Mira-Bhayandar - MPCB",06-04-2025,19.296481,72.840923,SO2,1,3,2
India,Maharashtra,Dhule,"Deopur, Dhule - MPCB",06-04-2025,20.918946,74.776388,CO,6,68,19
India,Maharashtra,Jalna,"Old MIDC, Jalna - MPCB",06-04-2025,19.854616,75.905894,NO2,11,114,45
India,Maharashtra,Jalna,"Old MIDC, Jalna - MPCB",06-04-2025,19.854616,75.905894,CO,4,24,17
India,Maharashtra,Amravati,"Shri Shivaji Science College, Amaravati - MPCB",06-04-2025,20.939198,77.765701,NO2,4,72,24
India,Maharashtra,Amravati,"Shri Shivaji Science College, Amaravati - MPCB",06-04-2025,20.939198,77.765701,NH3,2,13,4
India,Maharashtra,Amravati,"Shri Shivaji Science College, Amaravati - MPCB",06-04-2025,20.939198,77.765701,OZONE,1,95,17
India,Maharashtra,Kolhapur,"Shivaji University, Kolhapur - MPCB",06-04-2025,16.6870449,74.2505872,PM2.5,22,51,33
India,Maharashtra,Amravati,"Shivneri Colony, Amravati - MPCB",06-04-2025,20.9402359,77.7895248,CO,22,56,26
India,Maharashtra,Mumbai,"Khindipada-Bhandup West, Mumbai - IITM",06-04-2025,19.1653323,72.922099,PM2.5,20,116,59
India,Maharashtra,Mumbai,"Khindipada-Bhandup West, Mumbai - IITM",06-04-2025,19.1653323,72.922099,PM10,30,160,94
India,Maharashtra,Mumbai,"Khindipada-Bhandup West, Mumbai - IITM",06-04-2025,19.1653323,72.922099,OZONE,4,108,15
India,Maharashtra,Mumbai,"Kurla, Mumbai - MPCB",06-04-2025,19.0863,72.8888,PM10,NA,NA,NA
India,Maharashtra,Mumbai,"Malad West, Mumbai - IITM",06-04-2025,19.19709,72.82204,PM2.5,13,62,36
India,Maharashtra,Mumbai,"Colaba, Mumbai - MPCB",06-04-2025,18.91,72.82,NO2,26,31,28
India,Maharashtra,Mumbai,"Deonar, Mumbai - IITM",06-04-2025,19.04946,72.923,PM10,88,186,154
India,Maharashtra,Mumbai,"Ghatkopar, Mumbai - BMC",06-04-2025,19.083694,72.920967,PM10,56,116,92
India,Maharashtra,Mumbai,"Borivali East, Mumbai - MPCB",06-04-2025,19.2243333,72.8658113,SO2,6,33,18
India,Maharashtra,Mumbai,"Byculla, Mumbai - BMC",06-04-2025,18.9767,72.838,OZONE,1,75,19
India,Maharashtra,Mumbai,"Kandivali East, Mumbai - MPCB",06-04-2025,19.2058,72.8682,SO2,NA,NA,NA
India,Maharashtra,Mumbai,"Kandivali West, Mumbai - BMC",06-04-2025,19.215859,72.831718,OZONE,1,75,13
India,Maharashtra,Mumbai,"Chhatrapati Shivaji Intl. Airport (T2), Mumbai - MPCB",06-04-2025,19.10078,72.87462,PM10,72,98,84
India,Maharashtra,Mumbai,"Chhatrapati Shivaji Intl. Airport (T2), Mumbai - MPCB",06-04-2025,19.10078,72.87462,NO2,33,48,39
India,Maharashtra,Mumbai,"Chakala-Andheri East, Mumbai - IITM",06-04-2025,19.11074,72.86084,NO2,39,120,84
India,Maharashtra,Mumbai,"Chakala-Andheri East, Mumbai - IITM",06-04-2025,19.11074,72.86084,OZONE,2,156,22
India,Maharashtra,Mumbai,"Malad West, Mumbai - IITM",06-04-2025,19.19709,72.82204,PM10,36,137,77
India,Maharashtra,Mumbai,"Malad West, Mumbai - IITM",06-04-2025,19.19709,72.82204,NO2,57,97,73
India,Maharashtra,Mumbai,"Borivali East, Mumbai - MPCB",06-04-2025,19.2243333,72.8658113,PM2.5,NA,NA,NA
India,Maharashtra,Mumbai,"Chembur, Mumbai - MPCB",06-04-2025,19.0364585,72.8954371,NO2,21,69,44
India,Maharashtra,Nashik,"Gangapur Road, Nashik - MPCB",06-04-2025,20.0073285,73.7762427,PM10,80,150,129
India,Maharashtra,Nashik,"Gangapur Road, Nashik - MPCB",06-04-2025,20.0073285,73.7762427,NH3,4,5,5
India,Maharashtra,Nashik,"Gangapur Road, Nashik - MPCB",06-04-2025,20.0073285,73.7762427,SO2,5,77,10
India,Maharashtra,Nashik,"Gangapur Road, Nashik - MPCB",06-04-2025,20.0073285,73.7762427,CO,30,36,32
India,Maharashtra,Nashik,"Hirawadi, Nashik - MPCB",06-04-2025,20.021503,73.813844,NH3,3,10,5
India,Maharashtra,Nashik,"Hirawadi, Nashik - MPCB",06-04-2025,20.021503,73.813844,SO2,3,25,12
India,Maharashtra,Nashik,"Hirawadi, Nashik - MPCB",06-04-2025,20.021503,73.813844,OZONE,1,82,12
India,Maharashtra,Nashik,"MIDC Ambad, Nashik - MPCB",06-04-2025,19.95022,73.73148,NH3,2,6,4
India,Maharashtra,Nashik,"MIDC Ambad, Nashik - MPCB",06-04-2025,19.95022,73.73148,SO2,3,24,10
India,Maharashtra,Nashik,"Pandav Nagari, Nashik - MPCB",06-04-2025,19.9591346,73.7788008,OZONE,16,85,28
India,Maharashtra,Navi Mumbai,"Kopripada-Vashi, Navi Mumbai - MPCB",06-04-2025,19.090337,73.014232,PM2.5,56,335,135
India,Maharashtra,Navi Mumbai,"Kopripada-Vashi, Navi Mumbai - MPCB",06-04-2025,19.090337,73.014232,SO2,3,13,6
India,Maharashtra,Navi Mumbai,"Kopripada-Vashi, Navi Mumbai - MPCB",06-04-2025,19.090337,73.014232,OZONE,20,116,47
India,Maharashtra,Navi Mumbai,"Mahape, Navi Mumbai - MPCB",06-04-2025,19.1135051,73.008978,PM10,85,226,134
India,Maharashtra,Navi Mumbai,"Sanpada, Navi Mumbai - MPCB",06-04-2025,19.0575752,73.0151367,NH3,6,24,12
India,Maharashtra,Mumbai,"Vile Parle West, Mumbai - MPCB",06-04-2025,19.10861,72.83622,PM2.5,27,66,43
India,Maharashtra,Mumbai,"Worli, Mumbai - MPCB",06-04-2025,18.9936162,72.8128113,NO2,NA,NA,NA
India,Maharashtra,Mumbai,"Worli, Mumbai - MPCB",06-04-2025,18.9936162,72.8128113,CO,4,15,7
India,Maharashtra,Nagpur,"Ambazari, Nagpur - MPCB",06-04-2025,21.121801,79.04952,NO2,38,113,63
India,Maharashtra,Nagpur,"Opp GPO Civil Lines, Nagpur - MPCB",06-04-2025,21.152875,79.0517531,NH3,3,9,5
India,Maharashtra,Nagpur,"Opp GPO Civil Lines, Nagpur - MPCB",06-04-2025,21.152875,79.0517531,CO,12,103,34
India,Maharashtra,Nagpur,"Ram Nagar, Nagpur - MPCB",06-04-2025,21.143383,79.048912,NH3,4,8,6
India,Maharashtra,Nanded,"Sneh Nagar, Nanded - MPCB",06-04-2025,19.173852,77.296291,PM10,NA,NA,NA
India,Maharashtra,Mumbai,"Siddharth Nagar-Worli, Mumbai - IITM",06-04-2025,19.000083,72.813993,OZONE,8,90,42
India,Maharashtra,Mumbai,"Sion, Mumbai - MPCB",06-04-2025,19.047,72.8746,PM2.5,63,120,80
India,Maharashtra,Mumbai,"Sion, Mumbai - MPCB",06-04-2025,19.047,72.8746,OZONE,5,5,5
India,Maharashtra,Mumbai,"Vasai West, Mumbai - MPCB",06-04-2025,19.3832,72.8204,PM2.5,19,70,36
India,Maharashtra,Navi Mumbai,"Sector-2E Kalamboli, Navi Mumbai - MPCB",06-04-2025,19.02579,73.10297,OZONE,1,132,3
India,Maharashtra,Navi Mumbai,"Tondare-Taloja, Navi Mumbai - MPCB",06-04-2025,19.063,73.1209,SO2,1,2,2
India,Maharashtra,Mumbai,"Mindspace-Malad West, Mumbai - MPCB",06-04-2025,19.1878657,72.8304069,PM10,42,85,61
India,Maharashtra,Mumbai,"Mindspace-Malad West, Mumbai - MPCB",06-04-2025,19.1878657,72.8304069,OZONE,6,49,15
India,Maharashtra,Navi Mumbai,"Sector-2E Kalamboli, Navi Mumbai - MPCB",06-04-2025,19.02579,73.10297,PM2.5,57,186,112
India,Maharashtra,Mumbai,"Navy Nagar-Colaba, Mumbai - IITM",06-04-2025,18.897756,72.81332,NO2,11,139,34
India,Maharashtra,Ulhasnagar,"Sidhi Vinayak Nagar, Ulhasnagar - MPCB",06-04-2025,19.235581,73.159121,PM10,74,205,123
India,Maharashtra,Ulhasnagar,"Sidhi Vinayak Nagar, Ulhasnagar - MPCB",06-04-2025,19.235581,73.159121,NO2,21,46,35
India,Maharashtra,Ulhasnagar,"Sidhi Vinayak Nagar, Ulhasnagar - MPCB",06-04-2025,19.235581,73.159121,NH3,3,5,4
India,Maharashtra,Ulhasnagar,"Sidhi Vinayak Nagar, Ulhasnagar - MPCB",06-04-2025,19.235581,73.159121,SO2,4,55,25
India,Manipur,Imphal,"DM College of Science, Imphal - Manipur PCB",06-04-2025,24.8207389,93.9423085,PM10,17,121,59
India,Meghalaya,Shillong,"JN Stadium, Shillong - Meghalaya PCB",06-04-2025,25.5803419,91.8942571,PM2.5,69,310,133
India,Meghalaya,Shillong,"JN Stadium, Shillong - Meghalaya PCB",06-04-2025,25.5803419,91.8942571,NH3,7,11,8
India,Meghalaya,Shillong,"JN Stadium, Shillong - Meghalaya PCB",06-04-2025,25.5803419,91.8942571,CO,20,56,36
India,Meghalaya,Shillong,"Lumpyngngad, Shillong - Meghalaya PCB",06-04-2025,25.5586,91.8985,PM2.5,NA,NA,NA
India,Meghalaya,Shillong,"Lumpyngngad, Shillong - Meghalaya PCB",06-04-2025,25.5586,91.8985,PM10,32,129,59
India,Maharashtra,Sangli,"Vijay Nagar, Sangli - MPCB",06-04-2025,16.5038,74.3623,PM2.5,68,214,131
India,Maharashtra,Solapur,"Dnyaneshwar Nagar, Solapur - MPCB",06-04-2025,17.6336264,75.9132495,NH3,10,52,16
India,Maharashtra,Solapur,"Dnyaneshwar Nagar, Solapur - MPCB",06-04-2025,17.6336264,75.9132495,SO2,3,6,4
India,Maharashtra,Solapur,"Ratandeep Housing Society, Solapur - MPCB",06-04-2025,17.65439,75.90649,CO,15,110,19
India,Maharashtra,Solapur,"Ratandeep Housing Society, Solapur - MPCB",06-04-2025,17.65439,75.90649,OZONE,4,86,45
India,Maharashtra,Pune,"Hadapsar, Pune - IITM",06-04-2025,18.501793,73.927532,PM10,32,177,112
India,Maharashtra,Pune,"Hadapsar, Pune - IITM",06-04-2025,18.501793,73.927532,CO,54,90,76
India,Maharashtra,Pune,"Karve Road, Pune - MPCB",06-04-2025,18.5011743,73.8165527,OZONE,13,134,13
India,Maharashtra,Pune,"Katraj Dairy, Pune - MPCB",06-04-2025,18.45445,73.854155,NO2,NA,NA,NA
India,Maharashtra,Pune,"Panchawati_Pashan, Pune - IITM",06-04-2025,18.536457,73.805454,PM10,57,92,72
India,Maharashtra,Pune,"Revenue Colony-Shivajinagar, Pune - IITM",06-04-2025,18.530085,73.849598,PM2.5,88,270,171
India,Maharashtra,Pune,"Revenue Colony-Shivajinagar, Pune - IITM",06-04-2025,18.530085,73.849598,PM10,103,172,136
India,Maharashtra,Pune,"Bhosari, Pune - IITM",06-04-2025,18.640051,73.848956,PM2.5,NA,NA,NA
India,Maharashtra,Pune,"Bhosari, Pune - IITM",06-04-2025,18.640051,73.848956,CO,1,82,24
India,Maharashtra,Pune,"Bhosari, Pune - IITM",06-04-2025,18.640051,73.848956,OZONE,1,80,4
India,Maharashtra,Thane,"Kasarvadavali, Thane - MPCB",06-04-2025,19.26777,72.97182,PM10,60,132,102
India,Maharashtra,Thane,"Kasarvadavali, Thane - MPCB",06-04-2025,19.26777,72.97182,NO2,13,88,40
India,Maharashtra,Pimpri-Chinchwad,"Thergaon, Pimpri Chinchwad - MPCB",06-04-2025,18.616318,73.765797,CO,1,108,74
India,Nagaland,Kohima,"PWD Juction, Kohima - NPCB",06-04-2025,25.6635413,94.0989878,PM2.5,75,309,169
India,Maharashtra,Parbhani,"Masoom Colony, Parbhani - MPCB",06-04-2025,19.265594,76.761463,NH3,1,4,3
India,Odisha,Balasore,"Kalidaspur, Balasore - OSPCB",06-04-2025,21.51161,86.89088,OZONE,22,158,37
India,Odisha,Barbil,"Forest Office, Barbil - OSPCB",06-04-2025,22.1166054,85.3945546,PM2.5,63,283,167
India,Odisha,Barbil,"Forest Office, Barbil - OSPCB",06-04-2025,22.1166054,85.3945546,NO2,20,79,33
India,Odisha,Bhubaneswar,"Lingraj Mandir, Bhubaneswar - OSPCB",06-04-2025,20.24079,85.836784,CO,32,74,48
India,Odisha,Bhubaneswar,"Patia, Bhubaneswar - OSPCB",06-04-2025,20.34652,85.8163,PM10,37,113,69
India,Odisha,Bileipada,"Tata Township, Bileipada - OSPCB",06-04-2025,22.06156703,85.47409613,PM10,29,136,88
India,Odisha,Bileipada,"Tata Township, Bileipada - OSPCB",06-04-2025,22.06156703,85.47409613,NH3,4,4,4
India,Odisha,Brajrajnagar,"GM Office, Brajrajnagar - OSPCB",06-04-2025,21.8004996,83.8396977,CO,28,64,33
India,Odisha,Suakati,"OMC Colony, Suakati - OSPCB",06-04-2025,21.606865,85.510538,CO,16,45,33
India,Odisha,Talcher,"Talcher Coalfields,Talcher - OSPCB",06-04-2025,20.9360711,85.1707021,PM10,20,317,107
India,Odisha,Tensa,"Barsua Iron Ore Mines, Tensa - OSPCB",06-04-2025,21.869985,85.167016,SO2,26,36,30
India,Puducherry,Puducherry,"Jawahar Nagar, Puducherry - PPCC",06-04-2025,11.9309,79.8027,OZONE,3,35,7
India,Punjab,Amritsar,"Golden Temple, Amritsar - PPCB",06-04-2025,31.62,74.876512,NH3,NA,NA,NA
India,Odisha,Cuttack,"CDA Area, Cuttack - OSPCB",06-04-2025,20.48891,85.84768,PM2.5,37,93,59
India,Odisha,Nayagarh,"Dabuna, Nayagarh - OSPCB",06-04-2025,21.847279,85.416905,PM2.5,76,195,118
India,Punjab,Bathinda,"Hardev Nagar, Bathinda - PPCB",06-04-2025,30.233011,74.907758,PM2.5,NA,NA,NA
India,Punjab,Bathinda,"Hardev Nagar, Bathinda - PPCB",06-04-2025,30.233011,74.907758,NO2,21,24,23
India,Odisha,Rairangpur,"Divisional Forest Office, Rairangpur - OSPCB",06-04-2025,22.265816,86.174829,SO2,NA,NA,NA
India,Odisha,Rourkela,"Raghunathpali, Rourkela - OSPCB",06-04-2025,22.220833,84.809444,OZONE,6,150,20
India,Odisha,Suakati,"OMC Colony, Suakati - OSPCB",06-04-2025,21.606865,85.510538,PM2.5,104,185,147
India,Rajasthan,Bikaner,"MM Ground, Bikaner - RSPCB",06-04-2025,28.018792,73.292658,PM10,93,407,174
India,Rajasthan,Bikaner,"MM Ground, Bikaner - RSPCB",06-04-2025,28.018792,73.292658,NO2,8,134,45
India,Rajasthan,Bikaner,"MM Ground, Bikaner - RSPCB",06-04-2025,28.018792,73.292658,NH3,7,12,9
India,Rajasthan,Bikaner,"MM Ground, Bikaner - RSPCB",06-04-2025,28.018792,73.292658,CO,10,175,25
India,Rajasthan,Bikaner,"MM Ground, Bikaner - RSPCB",06-04-2025,28.018792,73.292658,OZONE,1,148,63
India,Rajasthan,Bundi,"New Colony, Bundi - RSPCB",06-04-2025,25.435774,75.644272,PM2.5,27,102,50
India,Rajasthan,Ajmer,"Civil Lines,  Ajmer - RSPCB",06-04-2025,26.470859,74.646594,OZONE,23,54,40
India,Rajasthan,Alwar,"Moti Doongri, Alwar - RSPCB",06-04-2025,27.554793,76.611536,PM10,50,105,75
India,Rajasthan,Alwar,"Moti Doongri, Alwar - RSPCB",06-04-2025,27.554793,76.611536,CO,46,106,70
India,Rajasthan,Banswara,"Rati Talai, Banswara - RSPCB",06-04-2025,23.55519,74.44001,PM2.5,24,130,71
India,Rajasthan,Banswara,"Rati Talai, Banswara - RSPCB",06-04-2025,23.55519,74.44001,NO2,14,44,26
India,Punjab,Bathinda,"Hardev Nagar, Bathinda - PPCB",06-04-2025,30.233011,74.907758,CO,10,101,57
India,Punjab,Jalandhar,"Civil Line, Jalandhar - PPCB",06-04-2025,31.321907,75.578914,NH3,2,2,2
India,Punjab,Jalandhar,"Civil Line, Jalandhar - PPCB",06-04-2025,31.321907,75.578914,CO,36,52,43
India,Punjab,Khanna,"Kalal Majra, Khanna - PPCB",06-04-2025,30.736056,76.209694,PM2.5,45,134,80
India,Rajasthan,Baran,"Bamboliya, Baran - RSPCB",06-04-2025,25.106006,76.469948,PM2.5,4,73,37
India,Rajasthan,Baran,"Bamboliya, Baran - RSPCB",06-04-2025,25.106006,76.469948,NO2,8,112,42
India,Rajasthan,Bharatpur,"Krishna Nagar, Bharatpur - RSPCB",06-04-2025,27.215415,77.50873,PM2.5,25,309,75
India,Rajasthan,Bharatpur,"Krishna Nagar, Bharatpur - RSPCB",06-04-2025,27.215415,77.50873,CO,8,74,55
India,Punjab,Khanna,"Kalal Majra, Khanna - PPCB",06-04-2025,30.736056,76.209694,OZONE,28,50,31
India,Punjab,Ludhiana,"Punjab Agricultural University, Ludhiana - PPCB",06-04-2025,30.9028,75.8086,PM2.5,89,181,102
India,Punjab,Mandi Gobindgarh,"RIMT University, Mandi Gobindgarh - PPCB",06-04-2025,30.649961,76.331442,CO,67,119,89
India,Punjab,Patiala,"Model Town, Patiala - PPCB",06-04-2025,30.349388,76.366642,SO2,11,41,17
India,Rajasthan,Bhiwadi,"RIICO Ind. Area III, Bhiwadi - RSPCB",06-04-2025,28.194909,76.862296,PM10,NA,NA,NA
India,Rajasthan,Bhiwadi,"RIICO Ind. Area III, Bhiwadi - RSPCB",06-04-2025,28.194909,76.862296,NH3,NA,NA,NA
India,Rajasthan,Bhiwadi,"RIICO Ind. Area III, Bhiwadi - RSPCB",06-04-2025,28.194909,76.862296,CO,NA,NA,NA
India,Punjab,Ludhiana,"Punjab Agricultural University, Ludhiana - PPCB",06-04-2025,30.9028,75.8086,CO,20,113,65
India,Punjab,Ludhiana,"Punjab Agricultural University, Ludhiana - PPCB",06-04-2025,30.9028,75.8086,OZONE,3,26,14
India,Rajasthan,Ajmer,"Civil Lines,  Ajmer - RSPCB",06-04-2025,26.470859,74.646594,PM2.5,32,115,70
India,Rajasthan,Jaipur,"Mansarovar Sector-12, Jaipur - RSPCB",06-04-2025,26.843698,75.766894,CO,12,86,58
India,Rajasthan,Jaipur,"Police Commissionerate, Jaipur - RSPCB",06-04-2025,26.9164092,75.7994901,PM10,109,182,134
India,Rajasthan,Jaipur,"Police Commissionerate, Jaipur - RSPCB",06-04-2025,26.9164092,75.7994901,NO2,11,62,29
India,Rajasthan,Jaipur,"Police Commissionerate, Jaipur - RSPCB",06-04-2025,26.9164092,75.7994901,NH3,3,22,9
India,Rajasthan,Jaipur,"RIICO Sitapura, Jaipur - RSPCB",06-04-2025,26.786682,75.827928,PM2.5,33,345,130
India,Rajasthan,Jaipur,"RIICO Sitapura, Jaipur - RSPCB",06-04-2025,26.786682,75.827928,NH3,1,4,3
India,Rajasthan,Jaipur,"Shastri Nagar, Jaipur - RSPCB",06-04-2025,26.9502929,75.730943,PM2.5,54,168,100
India,Rajasthan,Dausa,"Khatikan Mohalla, Dausa - RSPCB",06-04-2025,26.895552,76.334753,CO,38,105,56
India,Rajasthan,Dholpur,"Raja Ganj, Dholpur - RSPCB",06-04-2025,26.699557,77.898881,PM2.5,38,73,54
India,Rajasthan,Dholpur,"Raja Ganj, Dholpur - RSPCB",06-04-2025,26.699557,77.898881,NH3,6,10,8
India,Rajasthan,Dungarpur,"Bhoiwada, Dungarpur - RSPCB",06-04-2025,23.837789,73.714926,PM2.5,21,149,50
India,Rajasthan,Dungarpur,"Bhoiwada, Dungarpur - RSPCB",06-04-2025,23.837789,73.714926,PM10,62,156,100
India,Rajasthan,Jhalawar,"Rajlaxmi Nagar, Jhalawar - RSPCB",06-04-2025,24.588397,76.172782,NO2,18,100,47
India,Rajasthan,Jhalawar,"Rajlaxmi Nagar, Jhalawar - RSPCB",06-04-2025,24.588397,76.172782,NH3,4,7,6
India,Rajasthan,Jhalawar,"Rajlaxmi Nagar, Jhalawar - RSPCB",06-04-2025,24.588397,76.172782,CO,30,117,71
India,Rajasthan,Jhunjhunu,"Indra Nagar, Jhunjhunu - RSPCB",06-04-2025,28.108988,75.386577,PM2.5,27,96,55
India,Rajasthan,Jhunjhunu,"Indra Nagar, Jhunjhunu - RSPCB",06-04-2025,28.108988,75.386577,PM10,78,199,116
India,Rajasthan,Bundi,"New Colony, Bundi - RSPCB",06-04-2025,25.435774,75.644272,PM10,101,232,136
India,Rajasthan,Bundi,"New Colony, Bundi - RSPCB",06-04-2025,25.435774,75.644272,NO2,8,91,27
India,Rajasthan,Chittorgarh,"Shastri Nagar, Chittorgarh - RSPCB",06-04-2025,24.892047,74.623527,PM2.5,37,307,111
India,Rajasthan,Hanumangarh,"Housing Board, Hanumangarh - RSPCB",06-04-2025,29.61075,74.283608,SO2,4,29,11
India,Rajasthan,Jaipur,"Adarsh Nagar, Jaipur - RSPCB",06-04-2025,26.902909,75.836858,SO2,12,33,20
India,Rajasthan,Jalore,"Mudtra Sili, Jalore - RSPCB",06-04-2025,25.344694,72.626208,OZONE,46,136,67
India,Rajasthan,Jhalawar,"Rajlaxmi Nagar, Jhalawar - RSPCB",06-04-2025,24.588397,76.172782,PM2.5,22,301,91
India,Rajasthan,Jaipur,"Shastri Nagar, Jaipur - RSPCB",06-04-2025,26.9502929,75.730943,OZONE,15,57,35
India,Rajasthan,Jalore,"Mudtra Sili, Jalore - RSPCB",06-04-2025,25.344694,72.626208,PM2.5,34,76,50
India,Rajasthan,Jaipur,"Mansarovar Sector-12, Jaipur - RSPCB",06-04-2025,26.843698,75.766894,NO2,11,140,66
India,Rajasthan,Jaipur,"Mansarovar Sector-12, Jaipur - RSPCB",06-04-2025,26.843698,75.766894,NH3,1,6,3
India,Rajasthan,Jhunjhunu,"Indra Nagar, Jhunjhunu - RSPCB",06-04-2025,28.108988,75.386577,CO,32,72,34
India,Rajasthan,Pali,"Indira Colony Vistar, Pali - RSPCB",06-04-2025,25.771061,73.340227,PM2.5,94,370,201
India,Rajasthan,Pali,"Indira Colony Vistar, Pali - RSPCB",06-04-2025,25.771061,73.340227,SO2,7,13,10
India,Rajasthan,Pratapgarh,"Pragati Nagar, Pratapgarh - RSPCB",06-04-2025,24.041198,74.780702,SO2,4,15,6
India,Rajasthan,Pratapgarh,"Pragati Nagar, Pratapgarh - RSPCB",06-04-2025,24.041198,74.780702,CO,14,101,29
India,Rajasthan,Jodhpur,"Collectorate, Jodhpur - RSPCB",06-04-2025,26.268249,73.0193853,SO2,2,20,10
India,Rajasthan,Jodhpur,"Collectorate, Jodhpur - RSPCB",06-04-2025,26.268249,73.0193853,CO,4,116,41
India,Rajasthan,Jodhpur,"Jhalamand, Jodhpur - RSPCB",06-04-2025,26.215415,73.070156,PM10,31,253,114
India,Rajasthan,Rajsamand,"Dhoinda, Rajsamand - RSPCB",06-04-2025,25.03636,73.883502,CO,6,60,19
India,Rajasthan,Sawai Madhopur,"Sahu Nagar, Sawai Madhopur - RSPCB",06-04-2025,26.031443,76.359327,PM10,131,468,193
India,Rajasthan,Kota,"Dhanmandi, Kota - RSPCB",06-04-2025,25.16409,75.858137,PM2.5,14,156,55
India,Rajasthan,Kota,"Nayapura, Kota - RSPCB",06-04-2025,25.196024,75.855668,PM2.5,14,189,76
India,Rajasthan,Sri Ganganagar,"Old City, Sri Ganganagar - RSPCB",06-04-2025,29.931624,73.864511,PM10,87,446,182
India,Rajasthan,Jodhpur,"Samrat Ashok Udhyan, Jodhpur - RSPCB",06-04-2025,26.253384,72.976571,SO2,3,37,10
India,Rajasthan,Sikar,"Radhakishan Pura, Sikar - RSPCB",06-04-2025,27.608912,75.153302,NH3,5,13,9
India,Rajasthan,Jodhpur,"Mandor, Jodhpur - RSPCB",06-04-2025,26.358805,73.047444,OZONE,2,139,35
India,Rajasthan,Tonk,"Shastri Nagar, Tonk - RSPCB",06-04-2025,26.159933,75.780517,CO,8,77,14
India,Rajasthan,Udaipur,"Ashok Nagar, Udaipur - RSPCB",06-04-2025,24.5886166,73.6321397,CO,5,89,20
India,Sikkim,Gangtok,"Zero Point GICI, Gangtok - SSPCB",06-04-2025,27.33853,88.614099,SO2,NA,NA,NA
India,TamilNadu,Ariyalur,"Keelapalur, Ariyalur - TNPCB",06-04-2025,11.06825,79.07033,NO2,10,10,10
India,TamilNadu,Ariyalur,"Keelapalur, Ariyalur - TNPCB",06-04-2025,11.06825,79.07033,OZONE,3,14,4
India,TamilNadu,Chengalpattu,"Crescent University, Chengalpattu - TNPCB",06-04-2025,12.8777316,80.0834807,CO,NA,NA,NA
India,TamilNadu,Chennai,"Alandur Bus Depot, Chennai - CPCB",06-04-2025,12.9099161,80.1076538,PM2.5,13,17,14
India,TamilNadu,Nagapattinam,"Velippalayam, Nagapattinam - TNPCB",06-04-2025,10.798548,79.838212,PM2.5,10,43,26
India,TamilNadu,Namakkal,"Ponnusamy Nagar, Namakkal - TNPCB",06-04-2025,11.273992,78.163545,PM10,NA,NA,NA
India,TamilNadu,Namakkal,"Ponnusamy Nagar, Namakkal - TNPCB",06-04-2025,11.273992,78.163545,NO2,8,8,8
India,TamilNadu,Namakkal,"Ponnusamy Nagar, Namakkal - TNPCB",06-04-2025,11.273992,78.163545,OZONE,10,11,10
India,TamilNadu,Ooty,"Bombay Castel, Ooty - TNPCB",06-04-2025,11.4068288,76.7138973,SO2,22,24,23
India,TamilNadu,Pudukottai,"SIPCOT Nathampannai, Pudukottai - TNPCB",06-04-2025,10.423417,78.784889,PM10,11,45,25
India,TamilNadu,Chennai,"Alandur Bus Depot, Chennai - CPCB",06-04-2025,12.9099161,80.1076538,SO2,15,16,15
India,TamilNadu,Chennai,"Alandur Bus Depot, Chennai - CPCB",06-04-2025,12.9099161,80.1076538,CO,11,30,26
India,TamilNadu,Chennai,"Kodungaiyur, Chennai - TNPCB",06-04-2025,13.1278,80.2642,PM2.5,10,40,22
India,TamilNadu,Chennai,"Kodungaiyur, Chennai - TNPCB",06-04-2025,13.1278,80.2642,PM10,15,60,34
India,TamilNadu,Chennai,"Manali Village, Chennai - TNPCB",06-04-2025,13.1662,80.2584,SO2,18,23,20
India,TamilNadu,Chennai,"Manali, Chennai - CPCB",06-04-2025,13.164544,80.26285,NH3,6,7,7
India,TamilNadu,Coimbatore,"SIDCO Kurichi, Coimbatore - TNPCB",06-04-2025,10.942451,76.978996,PM2.5,7,68,36
India,TamilNadu,Coimbatore,"SIDCO Kurichi, Coimbatore - TNPCB",06-04-2025,10.942451,76.978996,NO2,9,18,12
India,Rajasthan,Udaipur,"Ashok Nagar, Udaipur - RSPCB",06-04-2025,24.5886166,73.6321397,PM10,71,109,89
India,TamilNadu,Cuddalore,"Semmandalam, Cuddalore - TNPCB",06-04-2025,11.7637683,79.7499835,NO2,9,18,13
India,TamilNadu,Kanchipuram,"Kilambi, Kanchipuram - TNPCB",06-04-2025,12.864618,79.659968,SO2,5,9,7
India,TamilNadu,Chennai,"Perungudi, Chennai - TNPCB",06-04-2025,12.9533,80.2357,OZONE,11,18,17
India,TamilNadu,Chennai,"Royapuram, Chennai - TNPCB",06-04-2025,13.1036,80.2909,CO,7,55,33
India,TamilNadu,Ramanathapuram,"Chalai Bazaar, Ramanathapuram - TNPCB",06-04-2025,9.36399,78.831977,PM10,11,44,21
India,TamilNadu,Ramanathapuram,"Chalai Bazaar, Ramanathapuram - TNPCB",06-04-2025,9.36399,78.831977,NH3,1,1,1
India,TamilNadu,Ramanathapuram,"Chalai Bazaar, Ramanathapuram - TNPCB",06-04-2025,9.36399,78.831977,SO2,12,15,13
India,TamilNadu,Ramanathapuram,"Chalai Bazaar, Ramanathapuram - TNPCB",06-04-2025,9.36399,78.831977,CO,20,26,23
India,TamilNadu,Ramanathapuram,"Chalai Bazaar, Ramanathapuram - TNPCB",06-04-2025,9.36399,78.831977,OZONE,11,16,15
India,TamilNadu,Ranipet,"VOC Nagar_SIPCOT, Ranipet - TNPCB",06-04-2025,12.952707,79.30394,PM2.5,22,50,36
India,TamilNadu,Ranipet,"VOC Nagar_SIPCOT, Ranipet - TNPCB",06-04-2025,12.952707,79.30394,PM10,19,64,35
India,TamilNadu,Ranipet,"VOC Nagar_SIPCOT, Ranipet - TNPCB",06-04-2025,12.952707,79.30394,CO,16,20,18
India,TamilNadu,Salem,"Sona College of Technology, Salem - TNPCB",06-04-2025,11.679111,78.125052,SO2,35,38,37
India,TamilNadu,Salem,"Sona College of Technology, Salem - TNPCB",06-04-2025,11.679111,78.125052,CO,35,36,36
India,TamilNadu,Salem,"Sona College of Technology, Salem - TNPCB",06-04-2025,11.679111,78.125052,OZONE,16,17,16
India,TamilNadu,Thanjavur,"Parisutham Nagar, Thanjavur - TNPCB",06-04-2025,10.7654824,79.1389968,SO2,16,17,16
India,Uttar Pradesh,Agra,"Sector-3B Avas Vikas Colony, Agra - UPPCB",06-04-2025,27.19412,77.96237,PM10,57,186,116
India,Uttar Pradesh,Agra,"Sector-3B Avas Vikas Colony, Agra - UPPCB",06-04-2025,27.19412,77.96237,NO2,35,36,36
India,Uttar Pradesh,Agra,"Sector-3B Avas Vikas Colony, Agra - UPPCB",06-04-2025,27.19412,77.96237,OZONE,1,6,1
India,Uttar Pradesh,Agra,"Shahjahan Garden, Agra - UPPCB",06-04-2025,27.169338,78.03582,OZONE,4,62,10
India,Uttar Pradesh,Agra,"Shastripuram, Agra - UPPCB",06-04-2025,27.19862,77.92066,PM10,58,183,111
India,Uttar Pradesh,Agra,"Shastripuram, Agra - UPPCB",06-04-2025,27.19862,77.92066,NO2,50,59,51
India,Uttar Pradesh,Agra,"Shastripuram, Agra - UPPCB",06-04-2025,27.19862,77.92066,CO,10,20,17
India,Uttar Pradesh,Baghpat,"Sardar Patel Inter College, Baghpat - UPPCB",06-04-2025,28.964949,77.278761,PM10,96,426,176
India,Uttar Pradesh,Bareilly,"Civil Lines, Bareilly - UPPCB",06-04-2025,28.359581,79.414455,NO2,1,3,2
India,Telangana,Hyderabad,"Zoo Park, Hyderabad - TSPCB",06-04-2025,17.349694,78.451437,NH3,3,7,4
India,Telangana,Hyderabad,"Zoo Park, Hyderabad - TSPCB",06-04-2025,17.349694,78.451437,SO2,2,7,5
India,Telangana,Hyderabad,"Zoo Park, Hyderabad - TSPCB",06-04-2025,17.349694,78.451437,OZONE,22,24,23
India,Tripura,Agartala,"Bardowali, Agartala - Tripura SPCB",06-04-2025,23.8175497,91.2726974,SO2,20,22,21
India,Uttar Pradesh,Agra,"Manoharpur, Agra - UPPCB",06-04-2025,27.23711,78.01936,PM2.5,19,121,60
India,Uttar Pradesh,Agra,"Manoharpur, Agra - UPPCB",06-04-2025,27.23711,78.01936,NH3,1,2,1
India,Uttar Pradesh,Agra,"Rohta, Agra - UPPCB",06-04-2025,27.106972,78.000111,NO2,12,14,12
India,Uttar Pradesh,Agra,"Sanjay Palace, Agra - UPPCB",06-04-2025,27.19865833,78.00598056,PM2.5,57,320,138
India,Uttar Pradesh,Agra,"Sanjay Palace, Agra - UPPCB",06-04-2025,27.19865833,78.00598056,CO,24,52,38
India,Telangana,Hyderabad,"IITH Kandi, Hyderabad - TSPCB",06-04-2025,17.585705,78.126199,NH3,2,2,2
India,Telangana,Hyderabad,"IITH Kandi, Hyderabad - TSPCB",06-04-2025,17.585705,78.126199,SO2,11,12,11
India,Telangana,Hyderabad,"Kokapet, Hyderabad - TSPCB",06-04-2025,17.393559,78.339194,NO2,NA,NA,NA
India,Telangana,Hyderabad,"Kompally Municipal Office, Hyderabad - TSPCB",06-04-2025,17.544899,78.486949,PM2.5,57,60,59
India,Telangana,Hyderabad,"Kompally Municipal Office, Hyderabad - TSPCB",06-04-2025,17.544899,78.486949,PM10,NA,NA,NA
India,Telangana,Hyderabad,"Kompally Municipal Office, Hyderabad - TSPCB",06-04-2025,17.544899,78.486949,NH3,4,4,4
India,Telangana,Hyderabad,"Kompally Municipal Office, Hyderabad - TSPCB",06-04-2025,17.544899,78.486949,SO2,4,8,6
India,Telangana,Hyderabad,"Kompally Municipal Office, Hyderabad - TSPCB",06-04-2025,17.544899,78.486949,CO,22,26,23
India,Telangana,Hyderabad,"Kompally Municipal Office, Hyderabad - TSPCB",06-04-2025,17.544899,78.486949,OZONE,16,34,21
India,Telangana,Hyderabad,"Nacharam_TSIIC IALA, Hyderabad - TSPCB",06-04-2025,17.429398,78.569354,PM10,NA,NA,NA
India,Telangana,Hyderabad,"Bollaram Industrial Area, Hyderabad - TSPCB",06-04-2025,17.540891,78.358528,OZONE,45,50,49
India,Telangana,Hyderabad,"Central University, Hyderabad - TSPCB",06-04-2025,17.460103,78.334361,NO2,5,50,31
India,Telangana,Hyderabad,"Central University, Hyderabad - TSPCB",06-04-2025,17.460103,78.334361,CO,20,56,28
India,Telangana,Hyderabad,"ECIL Kapra, Hyderabad - TSPCB",06-04-2025,17.470431,78.566959,NH3,6,9,8
India,Telangana,Hyderabad,"ECIL Kapra, Hyderabad - TSPCB",06-04-2025,17.470431,78.566959,CO,30,52,43
India,Telangana,Hyderabad,"ECIL Kapra, Hyderabad - TSPCB",06-04-2025,17.470431,78.566959,OZONE,35,49,35
India,Telangana,Hyderabad,"ICRISAT Patancheru, Hyderabad - TSPCB",06-04-2025,17.5184,78.278777,NO2,5,85,15
India,Telangana,Hyderabad,"ICRISAT Patancheru, Hyderabad - TSPCB",06-04-2025,17.5184,78.278777,CO,14,56,33
India,TamilNadu,Tiruchirappalli,"St Joseph College, Tiruchirappalli - TNPCB",06-04-2025,10.830158,78.691849,NH3,2,10,3
India,TamilNadu,Tirunelveli,"Municipal Corporation Office, Tirunelveli - TNPCB",06-04-2025,8.728442,77.6962,PM2.5,15,31,24
India,TamilNadu,Tirunelveli,"Municipal Corporation Office, Tirunelveli - TNPCB",06-04-2025,8.728442,77.6962,NH3,1,2,1
India,TamilNadu,Tirunelveli,"Municipal Corporation Office, Tirunelveli - TNPCB",06-04-2025,8.728442,77.6962,OZONE,6,7,6
India,TamilNadu,Vellore,"Vasanthapuram, Vellore - TNPCB",06-04-2025,12.909494,79.131861,PM2.5,17,44,35
India,TamilNadu,Vellore,"Vasanthapuram, Vellore - TNPCB",06-04-2025,12.909494,79.131861,NH3,1,4,2
India,TamilNadu,Vellore,"Vasanthapuram, Vellore - TNPCB",06-04-2025,12.909494,79.131861,CO,15,18,16
India,Uttar Pradesh,Bareilly,"Civil Lines, Bareilly - UPPCB",06-04-2025,28.359581,79.414455,OZONE,16,24,17
India,Uttar Pradesh,Bareilly,"Rajendra Nagar, Bareilly - UPPCB",06-04-2025,28.38910936,79.42963708,PM10,50,128,93
India,Uttar Pradesh,Bareilly,"Rajendra Nagar, Bareilly - UPPCB",06-04-2025,28.38910936,79.42963708,NH3,1,1,1
India,Uttar Pradesh,Bareilly,"Rajendra Nagar, Bareilly - UPPCB",06-04-2025,28.38910936,79.42963708,SO2,24,30,26
India,Uttar Pradesh,Bulandshahr,"Yamunapuram, Bulandshahr - UPPCB",06-04-2025,28.406963,77.849831,NH3,8,17,12
India,Uttar Pradesh,Firozabad,"Nagla Bhau, Firozabad - UPPCB",06-04-2025,27.168897,78.37696,CO,23,36,29
India,Telangana,Hyderabad,"New Malakpet, Hyderabad - TSPCB",06-04-2025,17.37206,78.50864,SO2,13,15,14
India,Telangana,Hyderabad,"New Malakpet, Hyderabad - TSPCB",06-04-2025,17.37206,78.50864,CO,12,70,18
India,Telangana,Hyderabad,"Ramachandrapuram, Hyderabad - TSPCB",06-04-2025,17.528544,78.286195,PM2.5,64,69,66
India,Telangana,Hyderabad,"Somajiguda, Hyderabad - TSPCB",06-04-2025,17.417094,78.457437,PM10,72,126,87
India,TamilNadu,Virudhunagar,"Collectorate Office, Virudhunagar - TNPCB",06-04-2025,9.559382,77.948828,NO2,19,20,19
India,Uttar Pradesh,Ghaziabad,"Vasundhara, Ghaziabad - UPPCB",06-04-2025,28.6603346,77.3572563,PM10,82,173,123
India,Uttar Pradesh,Gorakhpur,"Madan Mohan Malaviya University of Technology, Gorakhpur - UPPCB",06-04-2025,26.730136,83.433859,NH3,1,1,1
India,Uttar Pradesh,Gorakhpur,"Madan Mohan Malaviya University of Technology, Gorakhpur - UPPCB",06-04-2025,26.730136,83.433859,CO,7,11,10
India,Uttar Pradesh,Greater Noida,"Knowledge Park - III, Greater Noida - UPPCB",06-04-2025,28.47272,77.482,NH3,3,10,6
India,Uttar Pradesh,Greater Noida,"Knowledge Park - III, Greater Noida - UPPCB",06-04-2025,28.47272,77.482,SO2,14,50,23
India,Uttar Pradesh,Ghaziabad,"Loni, Ghaziabad - UPPCB",06-04-2025,28.757294,77.278792,NO2,62,153,112
India,Uttar Pradesh,Ghaziabad,"Loni, Ghaziabad - UPPCB",06-04-2025,28.757294,77.278792,NH3,5,19,13
India,Uttar Pradesh,Ghaziabad,"Loni, Ghaziabad - UPPCB",06-04-2025,28.757294,77.278792,OZONE,1,86,12
India,Uttar Pradesh,Ghaziabad,"Sanjay Nagar, Ghaziabad - UPPCB",06-04-2025,28.685382,77.453839,PM10,130,362,184
India,Uttar Pradesh,Jhansi,"Shivaji Nagar, Jhansi - UPPCB",06-04-2025,25.4547,78.6039,PM2.5,38,500,171
India,Uttar Pradesh,Jhansi,"Shivaji Nagar, Jhansi - UPPCB",06-04-2025,25.4547,78.6039,PM10,89,159,117
India,Uttar Pradesh,Jhansi,"Shivaji Nagar, Jhansi - UPPCB",06-04-2025,25.4547,78.6039,SO2,44,83,60
India,Uttar Pradesh,Kanpur,"NSI Kalyanpur, Kanpur - UPPCB",06-04-2025,26.509954,80.249612,PM2.5,26,76,47
India,Uttar Pradesh,Kanpur,"NSI Kalyanpur, Kanpur - UPPCB",06-04-2025,26.509954,80.249612,PM10,61,123,89
India,Uttar Pradesh,Kanpur,"NSI Kalyanpur, Kanpur - UPPCB",06-04-2025,26.509954,80.249612,OZONE,13,17,16
India,Uttar Pradesh,Lucknow,"B R Ambedkar University, Lucknow - UPPCB",06-04-2025,26.766433,80.927299,PM10,90,142,120
India,Uttar Pradesh,Lucknow,"B R Ambedkar University, Lucknow - UPPCB",06-04-2025,26.766433,80.927299,CO,4,19,18
India,Uttar Pradesh,Greater Noida,"Knowledge Park - V, Greater Noida - UPPCB",06-04-2025,28.557054,77.453663,PM10,NA,NA,NA
India,Uttar Pradesh,Greater Noida,"Knowledge Park - V, Greater Noida - UPPCB",06-04-2025,28.557054,77.453663,NH3,7,13,9
India,Uttar Pradesh,Hapur,"Anand Vihar, Hapur - UPPCB",06-04-2025,28.725645,77.749675,PM2.5,14,209,86
India,Uttar Pradesh,Hapur,"Anand Vihar, Hapur - UPPCB",06-04-2025,28.725645,77.749675,SO2,20,117,70
India,Uttar Pradesh,Kanpur,"FTI Kidwai Nagar, Kanpur - UPPCB",06-04-2025,26.428282,80.327067,NO2,16,17,17
India,Uttar Pradesh,Jhansi,"Shivaji Nagar, Jhansi - UPPCB",06-04-2025,25.4547,78.6039,CO,8,37,22
India,Uttar Pradesh,Lucknow,"Kendriya Vidyalaya, Lucknow - CPCB",06-04-2025,26.906111,80.948222,PM2.5,61,280,155
India,Uttar Pradesh,Lucknow,"Kendriya Vidyalaya, Lucknow - CPCB",06-04-2025,26.906111,80.948222,PM10,125,162,140
India,Uttar Pradesh,Lucknow,"Kendriya Vidyalaya, Lucknow - CPCB",06-04-2025,26.906111,80.948222,NH3,3,20,14
India,Uttar Pradesh,Lucknow,"Kukrail Picnic Spot-1, Lucknow - UPPCB",06-04-2025,26.90723,80.98579,OZONE,14,64,21
India,Uttar Pradesh,Lucknow,"Talkatora District Industries Center, Lucknow - CPCB",06-04-2025,26.83399722,80.8917361,PM10,132,413,232
India,Uttar Pradesh,Moradabad,"Eco Herbal Park, Moradabad - UPPCB",06-04-2025,28.840739,78.697531,CO,20,92,69
India,Uttar Pradesh,Moradabad,"Employment Office, Moradabad - UPPCB",06-04-2025,28.88528,78.7388,NH3,3,4,4
India,Uttar Pradesh,Meerut,"Pallavpuram Phase 2, Meerut - UPPCB",06-04-2025,29.06351,77.709723,PM10,67,176,124
India,Uttar Pradesh,Meerut,"Pallavpuram Phase 2, Meerut - UPPCB",06-04-2025,29.06351,77.709723,CO,12,94,58
India,Uttar Pradesh,Meerut,"Ganga Nagar, Meerut - UPPCB",06-04-2025,28.999264,77.7590354,PM10,84,218,153
India,Uttar Pradesh,Meerut,"Ganga Nagar, Meerut - UPPCB",06-04-2025,28.999264,77.7590354,NH3,8,11,10
India,Uttar Pradesh,Moradabad,"Buddhi Vihar, Moradabad - UPPCB",06-04-2025,28.83526,78.7446,NH3,4,4,4
India,Uttar Pradesh,Moradabad,"Buddhi Vihar, Moradabad - UPPCB",06-04-2025,28.83526,78.7446,CO,27,47,44
India,Uttar Pradesh,Lucknow,"Talkatora District Industries Center, Lucknow - CPCB",06-04-2025,26.83399722,80.8917361,OZONE,2,81,7
India,Uttar Pradesh,Lucknow,"Talkatora District Industries Center, Lucknow - CPCB",06-04-2025,26.83399722,80.8917361,NH3,9,18,13
India,Uttar Pradesh,Moradabad,"Jigar Colony, Moradabad - UPPCB",06-04-2025,28.856664,78.772638,SO2,15,68,31
India,Uttar Pradesh,Moradabad,"Jigar Colony, Moradabad - UPPCB",06-04-2025,28.856664,78.772638,NH3,6,7,6
India,Uttar Pradesh,Noida,"Sector-116, Noida - UPPCB",06-04-2025,28.56923,77.393848,OZONE,2,164,20
India,Uttar Pradesh,Prayagraj,"Jhunsi, Prayagraj - UPPCB",06-04-2025,25.425602,81.917152,PM2.5,31,132,73
India,Uttar Pradesh,Prayagraj,"Jhunsi, Prayagraj - UPPCB",06-04-2025,25.425602,81.917152,CO,10,88,36
India,Uttar Pradesh,Prayagraj,"Motilal Nehru NIT, Prayagraj - UPPCB",06-04-2025,25.494,81.863,PM2.5,36,134,75
India,Uttar Pradesh,Prayagraj,"Motilal Nehru NIT, Prayagraj - UPPCB",06-04-2025,25.494,81.863,PM10,74,172,117
India,Uttar Pradesh,Prayagraj,"Motilal Nehru NIT, Prayagraj - UPPCB",06-04-2025,25.494,81.863,SO2,17,25,21
India,Uttar Pradesh,Prayagraj,"Motilal Nehru NIT, Prayagraj - UPPCB",06-04-2025,25.494,81.863,CO,14,44,34
India,Uttar Pradesh,Prayagraj,"Motilal Nehru NIT, Prayagraj - UPPCB",06-04-2025,25.494,81.863,OZONE,7,78,8
India,Uttar Pradesh,Prayagraj,"Nagar Nigam, Prayagraj - UPPCB",06-04-2025,25.44919916,81.82735986,PM2.5,41,144,79
India,Uttar Pradesh,Muzaffarnagar,"New Mandi, Muzaffarnagar - UPPCB",06-04-2025,29.4723508,77.7194031,OZONE,50,106,62
India,Uttar Pradesh,Noida,"Sector-1, Noida - UPPCB",06-04-2025,28.5898,77.3101,OZONE,1,142,5
India,Uttar Pradesh,Noida,"Sector-116, Noida - UPPCB",06-04-2025,28.56923,77.393848,NO2,29,199,102
India,Uttar Pradesh,Varanasi,"Ardhali Bazar, Varanasi - UPPCB",06-04-2025,25.3505986,82.9083074,PM2.5,22,210,111
India,Uttar Pradesh,Varanasi,"Ardhali Bazar, Varanasi - UPPCB",06-04-2025,25.3505986,82.9083074,PM10,24,146,92
India,Uttar Pradesh,Varanasi,"IESD Banaras Hindu University, Varanasi - UPPCB",06-04-2025,25.262326,82.995408,NO2,2,2,2
India,Uttar Pradesh,Varanasi,"IESD Banaras Hindu University, Varanasi - UPPCB",06-04-2025,25.262326,82.995408,OZONE,1,9,1
India,Uttar Pradesh,Moradabad,"Transport Nagar, Moradabad - UPPCB",06-04-2025,28.802625,78.753728,OZONE,22,77,28
India,Uttar Pradesh,Varanasi,"Ardhali Bazar, Varanasi - UPPCB",06-04-2025,25.3505986,82.9083074,OZONE,23,31,28
India,Uttarakhand,Dehradun,"Doon University, Dehradun - UKPCB",06-04-2025,30.269444,78.044167,PM2.5,4,85,62
India,Uttar Pradesh,Prayagraj,"Motilal Nehru NIT, Prayagraj - UPPCB",06-04-2025,25.494,81.863,NH3,6,6,6
India,West Bengal,Asansol,"Mahabir Colliery, Asansol - WBPCB",06-04-2025,23.618183,87.105718,PM10,51,284,111
India,West Bengal,Asansol,"Mahabir Colliery, Asansol - WBPCB",06-04-2025,23.618183,87.105718,NO2,8,108,28
India,West Bengal,Asansol,"Mahabir Colliery, Asansol - WBPCB",06-04-2025,23.618183,87.105718,CO,6,103,42
India,West Bengal,Asansol,"Mahabir Colliery, Asansol - WBPCB",06-04-2025,23.618183,87.105718,OZONE,15,92,28
India,West Bengal,Asansol,"Trivenidevi Bhalotia College, Asansol - WBPCB",06-04-2025,23.616515,87.119133,PM2.5,35,206,112
India,West Bengal,Asansol,"Asansol Court Area, Asansol - WBPCB",06-04-2025,23.685297,86.945968,PM2.5,33,300,150
India,West Bengal,Asansol,"Asansol Court Area, Asansol - WBPCB",06-04-2025,23.685297,86.945968,OZONE,19,69,38
India,West Bengal,Asansol,"Evelyn Lodge, Asansol - WBPCB",06-04-2025,23.697936,86.944395,NO2,7,99,41
India,West Bengal,Haldia,"Priyambada Housing Estate, Haldia - WBPCB",06-04-2025,22.06047,88.109737,SO2,9,42,19
India,West Bengal,Howrah,"Botanical Garden, Howrah - WBPCB",06-04-2025,22.554954,88.292568,NH3,1,2,1
India,West Bengal,Barrackpore,"SVSPA Campus, Barrackpore - WBPCB",06-04-2025,22.7605581,88.3617589,PM10,70,133,98
India,West Bengal,Barrackpore,"SVSPA Campus, Barrackpore - WBPCB",06-04-2025,22.7605581,88.3617589,SO2,15,36,23
India,Uttarakhand,Kashipur,"Govt. Girls Inter College, Kashipur - UKPCB",06-04-2025,29.2124114,78.9611753,OZONE,16,81,24
India,West Bengal,Durgapur,"Mahishkapur Road_B-Zone, Durgapur - WBPCB",06-04-2025,23.567923,87.306843,PM10,96,246,156
India,Uttarakhand,Dehradun,"Doon University, Dehradun - UKPCB",06-04-2025,30.269444,78.044167,SO2,1,4,2
India,West Bengal,Howrah,"Dasnagar, Howrah - WBPCB",06-04-2025,22.6025571,88.3105664,OZONE,48,219,64
India,West Bengal,Howrah,"Ghusuri, Howrah - WBPCB",06-04-2025,22.611968,88.347422,CO,2,40,3
India,West Bengal,Kolkata,"Ballygunge, Kolkata - WBPCB",06-04-2025,22.5367507,88.3638022,NO2,17,66,25
India,West Bengal,Kolkata,"Ballygunge, Kolkata - WBPCB",06-04-2025,22.5367507,88.3638022,CO,22,44,24
India,West Bengal,Kolkata,"Bidhannagar, Kolkata - WBPCB",06-04-2025,22.58157048,88.41002457,PM10,40,64,52
India,West Bengal,Kolkata,"Bidhannagar, Kolkata - WBPCB",06-04-2025,22.58157048,88.41002457,NO2,14,18,16
India,West Bengal,Kolkata,"Bidhannagar, Kolkata - WBPCB",06-04-2025,22.58157048,88.41002457,CO,21,30,22
India,West Bengal,Kolkata,"Rabindra Bharati University, Kolkata - WBPCB",06-04-2025,22.627847,88.380669,OZONE,24,82,40
India,West Bengal,Kolkata,"Rabindra Sarobar, Kolkata - WBPCB",06-04-2025,22.51106,88.35142,NH3,4,9,6
India,West Bengal,Kolkata,"Victoria, Kolkata - WBPCB",06-04-2025,22.5448082,88.3403691,PM2.5,46,134,82
India,West Bengal,Siliguri,"Ward-32 Bapupara, Siliguri - WBPCB",06-04-2025,26.6879226,88.4152495,NO2,18,40,26
India,Andhra Pradesh,Vijayawada,"Rajiv Nagar, Vijayawada - APPCB",06-04-2025,16.554731,80.64911,SO2,4,19,15
India,Andhra Pradesh,Vijayawada,"Rajiv Nagar, Vijayawada - APPCB",06-04-2025,16.554731,80.64911,OZONE,34,94,61
India,Andhra Pradesh,Visakhapatnam,"GVM Corporation, Visakhapatnam - APPCB",06-04-2025,17.72,83.3,OZONE,9,13,10
India,Arunachal Pradesh,Naharlagun,"Naharlagun, Naharlagun - APSPCB",06-04-2025,27.103358,93.679645,NO2,NA,NA,NA
India,Assam,Byrnihat,"Central Academy for SFS, Byrnihat - PCBA",06-04-2025,26.071318,91.87488,PM2.5,NA,NA,NA
India,Assam,Byrnihat,"Central Academy for SFS, Byrnihat - PCBA",06-04-2025,26.071318,91.87488,SO2,NA,NA,NA
India,Andhra Pradesh,Amaravati,"Secretariat, Amaravati - APPCB",06-04-2025,16.5150833,80.5181667,NO2,26,38,31
India,Andhra Pradesh,Amaravati,"Secretariat, Amaravati - APPCB",06-04-2025,16.5150833,80.5181667,OZONE,1,62,2
India,Andhra Pradesh,Anantapur,"Gulzarpet, Anantapur - APPCB",06-04-2025,14.675886,77.593027,PM2.5,NA,NA,NA
India,Andhra Pradesh,Anantapur,"Gulzarpet, Anantapur - APPCB",06-04-2025,14.675886,77.593027,NH3,6,21,10
India,Andhra Pradesh,Anantapur,"Gulzarpet, Anantapur - APPCB",06-04-2025,14.675886,77.593027,SO2,7,11,9
India,Andhra Pradesh,Chittoor,"Gangineni Cheruvu, Chittoor - APPCB",06-04-2025,13.20488,79.097889,CO,7,34,8
India,Andaman and Nicobar,Sri Vijaya Puram,"Police Line, Sri Vijaya Puram - ANPCC",06-04-2025,11.654054,92.734055,PM10,3,45,22
India,Andaman and Nicobar,Sri Vijaya Puram,"Police Line, Sri Vijaya Puram - ANPCC",06-04-2025,11.654054,92.734055,NO2,17,39,28
India,Andaman and Nicobar,Sri Vijaya Puram,"Police Line, Sri Vijaya Puram - ANPCC",06-04-2025,11.654054,92.734055,CO,22,100,46
India,Andhra Pradesh,Amaravati,"Secretariat, Amaravati - APPCB",06-04-2025,16.5150833,80.5181667,PM2.5,16,62,33
India,Andhra Pradesh,Tirumala,"Toll Gate, Tirumala - APPCB (Formerly known as Tirumala, Tirupati - APPCB)",06-04-2025,13.67,79.35,CO,4,136,77
India,Andhra Pradesh,Tirupati,"Vaikuntapuram, Tirupati - APPCB",06-04-2025,13.615387,79.40923,PM2.5,38,245,101
India,Andhra Pradesh,Tirupati,"Vaikuntapuram, Tirupati - APPCB",06-04-2025,13.615387,79.40923,NO2,3,3,3
India,Andhra Pradesh,Tirupati,"Vaikuntapuram, Tirupati - APPCB",06-04-2025,13.615387,79.40923,CO,15,24,20
India,Andhra Pradesh,Vijayawada,"HB Colony, Vijayawada - APPCB",06-04-2025,16.536107,80.594233,PM2.5,44,63,55
India,Andhra Pradesh,Vijayawada,"Rajiv Gandhi Park, Vijayawada - APPCB",06-04-2025,16.509717,80.612222,PM2.5,58,95,74
India,Assam,Guwahati,"LGBI Airport, Guwahati - PCBA",06-04-2025,26.10887,91.589544,NH3,15,49,19
India,Assam,Guwahati,"LGBI Airport, Guwahati - PCBA",06-04-2025,26.10887,91.589544,CO,10,57,18
India,Assam,Guwahati,"Pan Bazaar, Guwahati - PCBA",06-04-2025,26.1875,91.744194,SO2,25,58,38
India,Assam,Guwahati,"Pan Bazaar, Guwahati - PCBA",06-04-2025,26.1875,91.744194,OZONE,17,18,17
India,Assam,Guwahati,"Railway Colony, Guwahati - PCBA",06-04-2025,26.181742,91.78063,OZONE,2,106,23
India,Assam,Nagaon,"Christianpatty, Nagaon - PCBA",06-04-2025,26.349082,92.68449,NH3,4,4,4
India,Assam,Guwahati,"IITG, Guwahati - PCBA",06-04-2025,26.2028636,91.70046436,SO2,19,21,20
India,Assam,Guwahati,"LGBI Airport, Guwahati - PCBA",06-04-2025,26.10887,91.589544,PM10,72,445,146
India,Andhra Pradesh,Rajamahendravaram,"Anand Kala Kshetram, Rajamahendravaram - APPCB",06-04-2025,16.9872867,81.7363176,NO2,17,82,35
India,Andhra Pradesh,Kadapa,"Yerramukkapalli, Kadapa - APPCB",06-04-2025,14.465052,78.824187,SO2,14,16,15
India,Bihar,Bettiah,"Kamalnath Nagar, Bettiah - BSPCB",06-04-2025,26.80365,84.51954,PM10,64,166,121
India,Bihar,Bhagalpur,"DM Office_Kachari Chowk, Bhagalpur - BSPCB",06-04-2025,25.251013,86.989001,PM2.5,16,230,85
India,Bihar,Bhagalpur,"DM Office_Kachari Chowk, Bhagalpur - BSPCB",06-04-2025,25.251013,86.989001,NO2,17,47,24
India,Bihar,Bhagalpur,"DM Office_Kachari Chowk, Bhagalpur - BSPCB",06-04-2025,25.251013,86.989001,NH3,1,3,2
India,Bihar,Bhagalpur,"DM Office_Kachari Chowk, Bhagalpur - BSPCB",06-04-2025,25.251013,86.989001,SO2,23,50,38
India,Bihar,Bhagalpur,"DM Office_Kachari Chowk, Bhagalpur - BSPCB",06-04-2025,25.251013,86.989001,CO,11,16,14
India,Bihar,Araria,"Kharahiya Basti, Araria - BSPCB",06-04-2025,26.146529,87.454184,PM10,67,287,116
India,Bihar,Araria,"Kharahiya Basti, Araria - BSPCB",06-04-2025,26.146529,87.454184,SO2,22,32,29
India,Bihar,Arrah,"New DM Office, Arrah - BSPCB",06-04-2025,25.5626095,84.663264,NH3,1,1,1
India,Bihar,Arrah,"New DM Office, Arrah - BSPCB",06-04-2025,25.5626095,84.663264,SO2,7,10,9
India,Bihar,Aurangabad,"Gurdeo Nagar, Aurangabad - BSPCB",06-04-2025,24.75746,84.366208,NO2,2,3,2
India,Bihar,Aurangabad,"Gurdeo Nagar, Aurangabad - BSPCB",06-04-2025,24.75746,84.366208,SO2,10,15,13
India,Assam,Silchar,"Tarapur, Silchar - PCBA",06-04-2025,24.82827,92.79525,PM2.5,10,81,49
India,Assam,Silchar,"Tarapur, Silchar - PCBA",06-04-2025,24.82827,92.79525,NO2,13,17,16
India,Assam,Silchar,"Tarapur, Silchar - PCBA",06-04-2025,24.82827,92.79525,CO,27,39,28
India,Assam,Silchar,"Tarapur, Silchar - PCBA",06-04-2025,24.82827,92.79525,OZONE,1,24,3
India,Assam,Nagaon,"Christianpatty, Nagaon - PCBA",06-04-2025,26.349082,92.68449,OZONE,22,40,30
India,Assam,Nalbari,"Bata Chowk, Nalbari - PCBA",06-04-2025,26.446912,91.439057,CO,21,35,24
India,Bihar,Begusarai,"Lohiyanagar, Begusarai - BSPCB",06-04-2025,25.42742023,86.13886079,PM2.5,55,302,152
India,Bihar,Begusarai,"Lohiyanagar, Begusarai - BSPCB",06-04-2025,25.42742023,86.13886079,NO2,53,114,89
India,Bihar,Bettiah,"Kamalnath Nagar, Bettiah - BSPCB",06-04-2025,26.80365,84.51954,PM2.5,18,247,95
India,Bihar,Bhagalpur,"Mayaganj, Bhagalpur - BSPCB",06-04-2025,25.265194,87.012947,PM10,100,386,152
India,Assam,Sivasagar,"Girls College, Sivasagar - PCBA",06-04-2025,26.987634,94.636574,SO2,6,12,9
India,Bihar,Muzaffarpur,"MIT-Daudpur Kothi, Muzaffarpur - BSPCB",06-04-2025,26.1403345,85.3650192,NO2,17,18,17
India,Bihar,Muzaffarpur,"Muzaffarpur Collectorate, Muzaffarpur - BSPCB",06-04-2025,26.1209,85.3647,NO2,4,11,7
India,Bihar,Patna,"DRM Office Danapur, Patna - BSPCB",06-04-2025,25.586562,85.043586,NH3,2,3,3
India,Bihar,Patna,"Govt. High School Shikarpur, Patna - BSPCB",06-04-2025,25.592539,85.227158,NO2,4,23,12
India,Bihar,Motihari,"Gandak Colony, Motihari - BSPCB",06-04-2025,26.63086,84.90051,PM2.5,NA,NA,NA
India,Bihar,Munger,"Town Hall, Munger - BSPCB",06-04-2025,25.376776,86.471523,PM10,88,213,135
India,Bihar,Munger,"Town Hall, Munger - BSPCB",06-04-2025,25.376776,86.471523,NO2,22,24,23
India,Bihar,Muzaffarpur,"Buddha Colony, Muzaffarpur - BSPCB",06-04-2025,26.11442,85.39813,SO2,3,12,7
India,Bihar,Hajipur,"Industrial Area, Hajipur - BSPCB",06-04-2025,25.697189,85.2459,PM10,120,221,164
India,Bihar,Hajipur,"Industrial Area, Hajipur - BSPCB",06-04-2025,25.697189,85.2459,NO2,20,45,30
India,Bihar,Hajipur,"Industrial Area, Hajipur - BSPCB",06-04-2025,25.697189,85.2459,SO2,4,6,5
India,Bihar,Hajipur,"Industrial Area, Hajipur - BSPCB",06-04-2025,25.697189,85.2459,OZONE,20,150,32
India,Bihar,Katihar,"Mirchaibari, Katihar - BSPCB",06-04-2025,25.560083,87.553265,NH3,1,1,1
India,Bihar,Katihar,"Mirchaibari, Katihar - BSPCB",06-04-2025,25.560083,87.553265,OZONE,1,40,7
India,Bihar,Kishanganj,"SDM Office_Khagra, Kishanganj - BSPCB",06-04-2025,26.0881305,87.93840336,PM10,93,199,131
India,Bihar,Manguraha,"Forest Rest House, Manguraha - BSPCB",06-04-2025,27.308328,84.531742,PM10,37,222,118
India,Bihar,Gaya,"Kareemganj, Gaya - BSPCB",06-04-2025,24.792403,84.992416,NH3,4,7,5
India,Bihar,Gaya,"SFTI Kusdihra, Gaya - BSPCB",06-04-2025,24.762518,84.982348,PM2.5,11,77,44
India,Bihar,Gaya,"SFTI Kusdihra, Gaya - BSPCB",06-04-2025,24.762518,84.982348,NH3,3,4,3
India,Bihar,Gaya,"SFTI Kusdihra, Gaya - BSPCB",06-04-2025,24.762518,84.982348,SO2,7,10,8
India,Bihar,Patna,"Govt. High School Shikarpur, Patna - BSPCB",06-04-2025,25.592539,85.227158,NH3,9,13,11
India,Bihar,Patna,"IGSC Planetarium Complex, Patna - BSPCB",06-04-2025,25.610369,85.132568,PM2.5,35,308,176
India,Bihar,Patna,"IGSC Planetarium Complex, Patna - BSPCB",06-04-2025,25.610369,85.132568,NO2,12,13,13
India,Bihar,Buxar,"Charitra Van, Buxar - BSPCB",06-04-2025,25.56752,83.966379,OZONE,6,158,28
India,Bihar,Chhapra,"Darshan Nagar, Chhapra - BSPCB",06-04-2025,25.7808257,84.7446768,SO2,NA,NA,NA
India,Bihar,Chhapra,"Darshan Nagar, Chhapra - BSPCB",06-04-2025,25.7808257,84.7446768,OZONE,3,146,22
India,Bihar,Bihar Sharif,"D M Colony, Bihar Sharif - BSPCB",06-04-2025,25.204762,85.51496,PM2.5,NA,NA,NA
India,Bihar,Patna,"Muradpur, Patna - BSPCB",06-04-2025,25.619651,85.147382,PM2.5,108,328,240
India,Bihar,Patna,"Samanpura, Patna - BSPCB",06-04-2025,25.596727,85.085624,CO,2,105,36
India,Bihar,Purnia,"Mariam Nagar, Purnia - BSPCB",06-04-2025,25.366336,87.117468,PM10,34,140,100
India,Bihar,Purnia,"Mariam Nagar, Purnia - BSPCB",06-04-2025,25.366336,87.117468,CO,9,84,78
India,Bihar,Rajgir,"Dangi Tola, Rajgir - BSPCB",06-04-2025,25.0328,85.41948,NO2,7,11,9
India,Bihar,Rajgir,"Dangi Tola, Rajgir - BSPCB",06-04-2025,25.0328,85.41948,SO2,NA,NA,NA
India,Bihar,Saharsa,"Police Line, Saharsa - BSPCB",06-04-2025,25.892357,86.590325,OZONE,1,41,27
India,Chandigarh,Chandigarh,"Sector 22, Chandigarh - CPCC",06-04-2025,30.735567,76.775714,NH3,12,22,18
India,Chandigarh,Chandigarh,"Sector-25, Chandigarh - CPCC",06-04-2025,30.751462,76.762879,PM10,59,115,91
India,Chandigarh,Chandigarh,"Sector-25, Chandigarh - CPCC",06-04-2025,30.751462,76.762879,NH3,19,27,23
India,Chandigarh,Chandigarh,"Sector-25, Chandigarh - CPCC",06-04-2025,30.751462,76.762879,SO2,3,8,6
India,Chandigarh,Chandigarh,"Sector-25, Chandigarh - CPCC",06-04-2025,30.751462,76.762879,OZONE,21,87,27
India,Chhattisgarh,Bilaspur,"Mangala, Bilaspur - NTPC",06-04-2025,22.08815,82.13737,CO,26,35,32
India,Chhattisgarh,Chhal,"Nawapara SECL Colony, Chhal - CECB",06-04-2025,22.118125,83.140608,PM10,47,156,80
India,Bihar,Sasaram,"Dada Peer, Sasaram - BSPCB",06-04-2025,24.952822,84.002396,PM10,75,185,112
India,Bihar,Sasaram,"Dada Peer, Sasaram - BSPCB",06-04-2025,24.952822,84.002396,NO2,2,3,2
India,Bihar,Sasaram,"Dada Peer, Sasaram - BSPCB",06-04-2025,24.952822,84.002396,NH3,3,3,3
India,Bihar,Patna,"Rajbansi Nagar, Patna - BSPCB",06-04-2025,25.599486,85.113666,PM10,104,169,125
India,Bihar,Patna,"Rajbansi Nagar, Patna - BSPCB",06-04-2025,25.599486,85.113666,NO2,12,86,41
India,Chhattisgarh,Chhal,"Nawapara SECL Colony, Chhal - CECB",06-04-2025,22.118125,83.140608,NH3,7,7,7
India,Chandigarh,Chandigarh,"Sector 22, Chandigarh - CPCC",06-04-2025,30.735567,76.775714,NO2,38,144,66
India,Chhattisgarh,Korba,"Urja Nagar, Korba - CECB",06-04-2025,22.348441,82.549611,PM10,80,210,138
India,Chandigarh,Chandigarh,"Sector-53, Chandigarh - CPCC",06-04-2025,30.719859,76.738637,CO,NA,NA,NA
India,Chhattisgarh,Tumidih,"OP Jindal Industrial Park, Tumidih - CECB",06-04-2025,22.06631475,83.33820077,NO2,15,76,44
India,Delhi,Delhi,"Alipur, Delhi - DPCC",06-04-2025,28.815329,77.15301,PM2.5,30,419,181
India,Delhi,Delhi,"Alipur, Delhi - DPCC",06-04-2025,28.815329,77.15301,NO2,15,121,61
India,Delhi,Delhi,"Alipur, Delhi - DPCC",06-04-2025,28.815329,77.15301,NH3,10,13,12
India,Delhi,Delhi,"Alipur, Delhi - DPCC",06-04-2025,28.815329,77.15301,CO,1,60,34
India,Delhi,Delhi,"Anand Vihar, Delhi - DPCC",06-04-2025,28.647622,77.315809,NO2,53,122,80
India,Delhi,Delhi,"Anand Vihar, Delhi - DPCC",06-04-2025,28.647622,77.315809,SO2,1,36,18
India,Delhi,Delhi,"Anand Vihar, Delhi - DPCC",06-04-2025,28.647622,77.315809,CO,74,138,115
India,Delhi,Delhi,"Bawana, Delhi - DPCC",06-04-2025,28.7762,77.051074,NO2,4,85,42
India,Delhi,Delhi,"Bawana, Delhi - DPCC",06-04-2025,28.7762,77.051074,NH3,6,8,7
India,Delhi,Delhi,"Chandni Chowk, Delhi - IITM",06-04-2025,28.656756,77.227234,NH3,3,8,5
India,Delhi,Delhi,"DTU, Delhi - CPCB",06-04-2025,28.7500499,77.1112615,NH3,10,13,12
India,Delhi,Delhi,"Dr. Karni Singh Shooting Range, Delhi - DPCC",06-04-2025,28.498571,77.26484,NO2,42,109,72
India,Delhi,Delhi,"Dr. Karni Singh Shooting Range, Delhi - DPCC",06-04-2025,28.498571,77.26484,SO2,23,61,37
India,Delhi,Delhi,"Dwarka-Sector 8, Delhi - DPCC ",06-04-2025,28.5710274,77.0719006,SO2,10,42,23
India,Chhattisgarh,Raipur,"Bhatagaon New ISBT, Raipur - CECB",06-04-2025,21.219665,81.630094,CO,21,90,43
India,Chhattisgarh,Raipur,"Krishak Nagar, Raipur - CECB",06-04-2025,21.237755,81.705301,SO2,10,12,11
India,Chhattisgarh,Raipur,"Bhatagaon New ISBT, Raipur - CECB",06-04-2025,21.219665,81.630094,PM2.5,7,61,34
India,Chhattisgarh,Kunjemura,"OP Jindal School, Kunjemura - CECB",06-04-2025,22.12665,83.483212,OZONE,8,9,8
India,Delhi,Delhi,"Burari Crossing, Delhi - IMD",06-04-2025,28.7256504,77.2011573,CO,11,44,38
India,Chhattisgarh,Raipur,"AIIMS, Raipur - CECB",06-04-2025,21.258815,81.578979,NH3,7,7,7
India,Delhi,Delhi,"Dwarka-Sector 8, Delhi - DPCC ",06-04-2025,28.5710274,77.0719006,OZONE,5,80,15
India,Delhi,Delhi,"IGI Airport (T3), Delhi - IMD",06-04-2025,28.5627763,77.1180053,PM2.5,22,184,71
India,Delhi,Delhi,"IHBAS, Dilshad Garden, Delhi - CPCB",06-04-2025,28.6811736,77.3025234,NO2,12,46,25
India,Delhi,Delhi,"IHBAS, Dilshad Garden, Delhi - CPCB",06-04-2025,28.6811736,77.3025234,NH3,11,15,13
India,Delhi,Delhi,"IHBAS, Dilshad Garden, Delhi - CPCB",06-04-2025,28.6811736,77.3025234,OZONE,8,61,14
India,Delhi,Delhi,"ITO, Delhi - CPCB",06-04-2025,28.628624,77.24106,PM2.5,49,343,164
India,Delhi,Delhi,"ITO, Delhi - CPCB",06-04-2025,28.628624,77.24106,PM10,78,392,147
India,Delhi,Delhi,"ITO, Delhi - CPCB",06-04-2025,28.628624,77.24106,NO2,6,83,37
India,Delhi,Delhi,"Jahangirpuri, Delhi - DPCC",06-04-2025,28.73282,77.170633,CO,40,109,74
India,Delhi,Delhi,"Jawaharlal Nehru Stadium, Delhi - DPCC",06-04-2025,28.58028,77.233829,OZONE,2,92,21
India,Delhi,Delhi,"Lodhi Road, Delhi - IMD",06-04-2025,28.5918245,77.2273074,OZONE,NA,NA,NA
India,Delhi,Delhi,"Nehru Nagar, Delhi - DPCC",06-04-2025,28.56789,77.250515,CO,21,74,30
India,Delhi,Delhi,"Nehru Nagar, Delhi - DPCC",06-04-2025,28.56789,77.250515,OZONE,2,286,12
India,Delhi,Delhi,"North Campus, DU, Delhi - IMD",06-04-2025,28.6573814,77.1585447,PM10,117,335,177
India,Delhi,Delhi,"Najafgarh, Delhi - DPCC",06-04-2025,28.570173,76.933762,PM2.5,15,348,136
India,Delhi,Delhi,"Najafgarh, Delhi - DPCC",06-04-2025,28.570173,76.933762,NH3,8,12,9
India,Delhi,Delhi,"Major Dhyan Chand National Stadium, Delhi - DPCC",06-04-2025,28.611281,77.237738,OZONE,3,195,8
India,Delhi,Delhi,"NSIT Dwarka, Delhi - CPCB",06-04-2025,28.60909,77.0325413,PM2.5,65,246,148
India,Delhi,Delhi,"Mandir Marg, Delhi - DPCC",06-04-2025,28.636429,77.201067,NO2,116,163,146
India,Delhi,Delhi,"Okhla Phase-2, Delhi - DPCC",06-04-2025,28.530785,77.271255,NH3,8,10,9
India,Delhi,Delhi,"Mandir Marg, Delhi - DPCC",06-04-2025,28.636429,77.201067,NH3,8,11,10
India,Delhi,Delhi,"Okhla Phase-2, Delhi - DPCC",06-04-2025,28.530785,77.271255,OZONE,4,247,17
India,Delhi,Delhi,"Patparganj, Delhi - DPCC",06-04-2025,28.623763,77.287209,PM10,108,281,179
India,Delhi,Delhi,"Patparganj, Delhi - DPCC",06-04-2025,28.623763,77.287209,NH3,10,63,42
India,Delhi,Delhi,"Punjabi Bagh, Delhi - DPCC",06-04-2025,28.674045,77.131023,PM2.5,45,404,223
India,Delhi,Delhi,"Punjabi Bagh, Delhi - DPCC",06-04-2025,28.674045,77.131023,PM10,101,312,182
India,Delhi,Delhi,"Sri Aurobindo Marg, Delhi - DPCC",06-04-2025,28.531346,77.190156,PM2.5,43,248,130
India,Delhi,Delhi,"Sri Aurobindo Marg, Delhi - DPCC",06-04-2025,28.531346,77.190156,PM10,100,174,138
India,Delhi,Delhi,"Sri Aurobindo Marg, Delhi - DPCC",06-04-2025,28.531346,77.190156,NH3,8,11,10
India,Delhi,Delhi,"Vivek Vihar, Delhi - DPCC",06-04-2025,28.672342,77.31526,PM2.5,43,361,144
India,Delhi,Delhi,"Wazirpur, Delhi - DPCC",06-04-2025,28.699793,77.165453,NH3,10,21,15
India,Gujarat,Ahmedabad,"Chandkheda, Ahmedabad - IITM",06-04-2025,23.107969,72.574648,PM10,36,161,102
India,Gujarat,Ahmedabad,"Chandkheda, Ahmedabad - IITM",06-04-2025,23.107969,72.574648,NH3,3,6,4
India,Gujarat,Ahmedabad,"Gyaspur, Ahmedabad - IITM",06-04-2025,22.977134,72.553024,OZONE,1,33,1
India,Gujarat,Ahmedabad,"Maninagar, Ahmedabad - GPCB",06-04-2025,23.002657,72.591912,PM2.5,14,168,59
India,Gujarat,Ahmedabad,"Maninagar, Ahmedabad - GPCB",06-04-2025,23.002657,72.591912,SO2,30,53,38
India,Delhi,Delhi,"Sirifort, Delhi - CPCB",06-04-2025,28.5504249,77.2159377,PM2.5,65,344,215
India,Delhi,Delhi,"Sirifort, Delhi - CPCB",06-04-2025,28.5504249,77.2159377,PM10,116,386,213
India,Delhi,Delhi,"Sirifort, Delhi - CPCB",06-04-2025,28.5504249,77.2159377,OZONE,13,43,20
India,Gujarat,Ahmedabad,"Rakhial, Ahmedabad - IITM",06-04-2025,23.016834,72.625775,NH3,6,15,9
India,Gujarat,Ahmedabad,"SAC ISRO Bopal, Ahmedabad - IITM",06-04-2025,23.041137,72.456691,NH3,NA,NA,NA
India,Delhi,Delhi,"Pusa, Delhi - DPCC",06-04-2025,28.639652,77.146275,PM2.5,45,280,130
India,Delhi,Delhi,"Rohini, Delhi - DPCC",06-04-2025,28.732528,77.11992,PM2.5,33,430,234
India,Gujarat,Ahmedabad,"SAC ISRO Bopal, Ahmedabad - IITM",06-04-2025,23.041137,72.456691,CO,30,86,38
India,Gujarat,Ahmedabad,"Raikhad, Ahmedabad - IITM",06-04-2025,23.020509,72.579261,NH3,4,22,9
India,Gujarat,Vatva,"Phase-4 GIDC, Vatva - GPCB",06-04-2025,22.969611,72.6435,NH3,2,10,5
India,Gujarat,Vatva,"Phase-4 GIDC, Vatva - GPCB",06-04-2025,22.969611,72.6435,SO2,16,30,23
India,Gujarat,Vatva,"Phase-4 GIDC, Vatva - GPCB",06-04-2025,22.969611,72.6435,OZONE,1,2,1
India,Haryana,Gurugram,"NISE Gwal Pahari, Gurugram - IMD",06-04-2025,28.422681,77.148944,PM10,74,162,116
India,Haryana,Gurugram,"NISE Gwal Pahari, Gurugram - IMD",06-04-2025,28.422681,77.148944,NO2,7,71,34
India,Gujarat,Gandhinagar,"Sector-10, Gandhinagar - GPCB",06-04-2025,23.221714,72.654328,OZONE,22,23,22
India,Gujarat,Surat,"Science Center, Surat - SMC",06-04-2025,21.170046,72.795405,PM2.5,11,90,40
India,Gujarat,Surat,"Science Center, Surat - SMC",06-04-2025,21.170046,72.795405,PM10,18,148,58
India,Gujarat,Vapi,"Phase-1 GIDC, Vapi - GPCB",06-04-2025,20.362421,72.918013,PM2.5,32,266,117
India,Himachal Pradesh,Baddi,"HIMUDA Complex Phase-1, Baddi - HPPCB",06-04-2025,30.943887,76.801991,CO,42,71,62
India,Himachal Pradesh,Baddi,"HIMUDA Complex Phase-1, Baddi - HPPCB",06-04-2025,30.943887,76.801991,OZONE,48,147,59
India,Jammu and Kashmir,Srinagar,"Rajbagh, Srinagar - JKSPCB",06-04-2025,34.066206,74.81982,PM10,35,101,54
India,Gujarat,Ahmedabad,"Sardar Vallabhbhai Patel Stadium, Ahmedabad - IITM",06-04-2025,23.04307,72.562968,PM10,50,126,95
India,Gujarat,Ahmedabad,"Sardar Vallabhbhai Patel Stadium, Ahmedabad - IITM",06-04-2025,23.04307,72.562968,NO2,15,94,36
India,Gujarat,Ankleshwar,"GIDC, Ankleshwar - GPCB",06-04-2025,21.613267,73.010555,PM2.5,15,194,64
India,Haryana,Panchgaon,"Amity University, Panchgaon - IITM",06-04-2025,28.3153,76.9143,CO,3,73,59
India,Himachal Pradesh,Baddi,"HIMUDA Complex Phase-1, Baddi - HPPCB",06-04-2025,30.943887,76.801991,PM2.5,25,203,86
India,Gujarat,Ahmedabad,"SVPI Airport Hansol, Ahmedabad - IITM",06-04-2025,23.076793,72.627874,PM10,40,185,96
India,Gujarat,Ahmedabad,"SVPI Airport Hansol, Ahmedabad - IITM",06-04-2025,23.076793,72.627874,NH3,5,9,6
India,Gujarat,Ankleshwar,"GIDC, Ankleshwar - GPCB",06-04-2025,21.613267,73.010555,NO2,68,110,86
India,Gujarat,Ankleshwar,"GIDC, Ankleshwar - GPCB",06-04-2025,21.613267,73.010555,NH3,7,8,7
India,Gujarat,Gandhinagar,"GIFT City, Gandhinagar - IITM",06-04-2025,23.163798,72.677768,NH3,6,21,11
India,Gujarat,Gandhinagar,"GIFT City, Gandhinagar - IITM",06-04-2025,23.163798,72.677768,OZONE,2,71,13
India,Jammu and Kashmir,Srinagar,"Rajbagh, Srinagar - JKSPCB",06-04-2025,34.066206,74.81982,SO2,3,6,4
India,Jharkhand,Dhanbad,"Sardar Patel Nagar, Dhanbad - JSPCB",06-04-2025,23.80569,86.44268,PM10,52,283,151
India,Jharkhand,Dhanbad,"Sardar Patel Nagar, Dhanbad - JSPCB",06-04-2025,23.80569,86.44268,SO2,NA,NA,NA
India,Karnataka,Bagalkot,"Vidayagiri, Bagalkot - KSPCB",06-04-2025,16.172806,75.659694,SO2,7,7,7
India,Karnataka,Bagalkot,"Vidayagiri, Bagalkot - KSPCB",06-04-2025,16.172806,75.659694,CO,14,38,21
India,Karnataka,Bagalkot,"Vidayagiri, Bagalkot - KSPCB",06-04-2025,16.172806,75.659694,OZONE,12,16,16
India,Karnataka,Bengaluru,"Jayanagar 5th Block, Bengaluru - KSPCB",06-04-2025,12.920984,77.584908,OZONE,4,21,12
India,Karnataka,Bengaluru,"Kasturi Nagar, Bengaluru - KSPCB",06-04-2025,13.003872,77.664217,PM2.5,NA,NA,NA
India,Karnataka,Bengaluru,"Hombegowda Nagar, Bengaluru - KSPCB",06-04-2025,12.938539,77.5901,CO,12,32,18
India,Karnataka,Bengaluru,"Hombegowda Nagar, Bengaluru - KSPCB",06-04-2025,12.938539,77.5901,OZONE,17,94,40
India,Karnataka,Belgaum,"Ramteerth Nagar, Belgaum - KSPCB",06-04-2025,15.888653,74.541751,PM10,30,80,41
India,Karnataka,Belgaum,"Ramteerth Nagar, Belgaum - KSPCB",06-04-2025,15.888653,74.541751,OZONE,19,20,19
India,Karnataka,Bengaluru,"Kasturi Nagar, Bengaluru - KSPCB",06-04-2025,13.003872,77.664217,NH3,2,3,2
India,Karnataka,Bengaluru,"Hebbal, Bengaluru - KSPCB",06-04-2025,13.029152,77.585901,PM10,28,104,44
India,Karnataka,Bengaluru,"BTM Layout, Bengaluru - CPCB",06-04-2025,12.9135218,77.5950804,NO2,NA,NA,NA
India,Karnataka,Bengaluru,"Hebbal, Bengaluru - KSPCB",06-04-2025,13.029152,77.585901,SO2,1,8,3
India,Karnataka,Kalaburagi,"Mahatma Basaveswar Colony, Kalaburgi - KSPCB",06-04-2025,17.336318,76.847397,SO2,3,7,4
India,Karnataka,Kalaburagi,"Mahatma Basaveswar Colony, Kalaburgi - KSPCB",06-04-2025,17.336318,76.847397,OZONE,2,20,3
India,Karnataka,Madikeri,"Stuart Hill, Madikeri - KSPCB",06-04-2025,12.415911,75.73505,NO2,6,44,12
India,Karnataka,Madikeri,"Stuart Hill, Madikeri - KSPCB",06-04-2025,12.415911,75.73505,CO,9,18,14
India,Karnataka,Bengaluru,"Kasturi Nagar, Bengaluru - KSPCB",06-04-2025,13.003872,77.664217,SO2,8,17,9
India,Karnataka,Bengaluru,"Kasturi Nagar, Bengaluru - KSPCB",06-04-2025,13.003872,77.664217,CO,16,49,28
India,Karnataka,Bengaluru,"Peenya, Bengaluru - CPCB",06-04-2025,13.0270199,77.494094,PM10,48,70,57
India,Karnataka,Bengaluru,"Peenya, Bengaluru - CPCB",06-04-2025,13.0270199,77.494094,CO,23,72,41
India,Karnataka,Chikkamagaluru,"Kalyana Nagara, Chikkamagaluru - KSPCB",06-04-2025,13.328028,75.797056,SO2,NA,NA,NA
India,Karnataka,Davanagere,"Devaraj Urs Badavane, Davanagere - KSPCB",06-04-2025,14.4758,75.9052,CO,6,16,11
India,Karnataka,Mangalore,"Kadri, Mangalore - KSPCB",06-04-2025,12.88925,74.853,NH3,1,2,2
India,Karnataka,Mysuru,"Hebbal 1st Stage, Mysuru - KSPCB",06-04-2025,12.21041,76.37376,NO2,10,28,20
India,Karnataka,Bengaluru,"Shivapura_Peenya, Bengaluru - KSPCB",06-04-2025,13.0246342,77.5080115,PM10,22,88,43
India,Karnataka,Bengaluru,"Silk Board, Bengaluru - KSPCB",06-04-2025,12.917348,77.622813,PM2.5,23,56,36
India,Karnataka,Gadag,"Panchal Nagar, Gadag - KSPCB",06-04-2025,15.411456,75.638133,SO2,15,21,19
India,Karnataka,Haveri,"Ashwini Nagar, Haveri - KSPCB",06-04-2025,14.7918,75.3896,SO2,28,33,31
India,Karnataka,Kalaburagi,"Lal Bahadur Shastri Nagar, Kalaburagi - KSPCB",06-04-2025,17.321993,76.822628,OZONE,23,71,35
India,Karnataka,Bengaluru,"RVCE-Mailasandra, Bengaluru - KSPCB",06-04-2025,12.921418,77.502466,OZONE,19,22,21
India,Karnataka,Chamarajanagar,"Urban, Chamarajanagar - KSPCB",06-04-2025,11.55358,76.55521,CO,15,120,33
India,Madhya Pradesh,Bhopal,"Paryavaran Parisar, Bhopal - MPPCB",06-04-2025,23.210494,77.425409,PM2.5,13,92,53
India,Madhya Pradesh,Bhopal,"Paryavaran Parisar, Bhopal - MPPCB",06-04-2025,23.210494,77.425409,SO2,3,14,8
India,Madhya Pradesh,Bhopal,"Paryavaran Parisar, Bhopal - MPPCB",06-04-2025,23.210494,77.425409,OZONE,18,63,30
India,Madhya Pradesh,Bhopal,"T T Nagar, Bhopal - MPPCB",06-04-2025,23.233584,77.400574,PM10,81,146,108
India,Karnataka,Mysuru,"Hebbal 1st Stage, Mysuru - KSPCB",06-04-2025,12.21041,76.37376,OZONE,12,88,17
India,Karnataka,Shivamogga,"Vinoba Nagara, Shivamogga - KSPCB",06-04-2025,13.94,75.555917,NO2,19,22,20
India,Karnataka,Tumakuru,"Thimmalapura, Tumakuru - KSPCB",06-04-2025,13.377516,77.099072,PM2.5,19,56,34
India,Madhya Pradesh,Indore,"Airport Area, Indore - IMC",06-04-2025,22.7289,75.8076,PM10,48,125,87
India,Madhya Pradesh,Indore,"Chhoti Gwaltoli, Indore - MPPCB",06-04-2025,22.431,75.5213,PM2.5,35,322,134
India,Madhya Pradesh,Indore,"Chhoti Gwaltoli, Indore - MPPCB",06-04-2025,22.431,75.5213,PM10,103,235,150
India,Madhya Pradesh,Damoh,"Shrivastav Colony, Damoh - MPPCB",06-04-2025,23.81748678,79.446246,PM2.5,3,79,50
India,Madhya Pradesh,Dewas,"Bhopal Chauraha, Dewas - MPPCB",06-04-2025,22.9682591,76.064118,PM10,76,279,155
India,Kerala,Thiruvananthapuram,"Kariavattom, Thiruvananthapuram - Kerala PCB",06-04-2025,8.5637,76.8865,OZONE,36,37,36
India,Kerala,Thiruvananthapuram,"Plammoodu, Thiruvananthapuram - Kerala PCB",06-04-2025,8.5149093,76.9435879,PM10,3,62,22
India,Kerala,Kannur,"Thavakkara, Kannur - Kerala PCB",06-04-2025,11.875,75.3732,SO2,5,6,5
India,Kerala,Kannur,"Thavakkara, Kannur - Kerala PCB",06-04-2025,11.875,75.3732,CO,26,30,28
India,Madhya Pradesh,Bhopal,"T T Nagar, Bhopal - MPPCB",06-04-2025,23.233584,77.400574,NO2,23,82,46
India,Madhya Pradesh,Bhopal,"T T Nagar, Bhopal - MPPCB",06-04-2025,23.233584,77.400574,NH3,17,28,22
India,Kerala,Thiruvananthapuram,"Plammoodu, Thiruvananthapuram - Kerala PCB",06-04-2025,8.5149093,76.9435879,CO,12,28,14
India,Madhya Pradesh,Gwalior,"City Center, Gwalior - MPPCB",06-04-2025,26.203442,78.193251,SO2,8,25,19
India,Madhya Pradesh,Jabalpur,"Gupteshwar, Jabalpur - JMC",06-04-2025,23.142888,79.916147,NO2,NA,NA,NA
India,Madhya Pradesh,Jabalpur,"Gupteshwar, Jabalpur - JMC",06-04-2025,23.142888,79.916147,NH3,NA,NA,NA
India,Madhya Pradesh,Jabalpur,"Gupteshwar, Jabalpur - JMC",06-04-2025,23.142888,79.916147,SO2,NA,NA,NA
India,Madhya Pradesh,Jabalpur,"Marhatal, Jabalpur - MPPCB",06-04-2025,23.168606,79.932247,PM10,86,374,150
India,Madhya Pradesh,Jabalpur,"Marhatal, Jabalpur - MPPCB",06-04-2025,23.168606,79.932247,NH3,2,3,3
India,Madhya Pradesh,Jabalpur,"Marhatal, Jabalpur - MPPCB",06-04-2025,23.168606,79.932247,CO,12,133,24
India,Madhya Pradesh,Indore,"Regional Park, Indore - IMC",06-04-2025,22.678,75.8559,NO2,39,61,48
India,Madhya Pradesh,Indore,"Regional Park, Indore - IMC",06-04-2025,22.678,75.8559,SO2,58,67,62
India,Madhya Pradesh,Indore,"Regional Park, Indore - IMC",06-04-2025,22.678,75.8559,CO,28,52,48
India,Madhya Pradesh,Indore,"Residency Area, Indore - IMC",06-04-2025,22.7084,75.8815,NO2,8,17,14
India,Madhya Pradesh,Pithampur,"Sector-2 Industrial Area, Pithampur - MPPCB",06-04-2025,22.624758,75.675238,CO,21,62,32
India,Madhya Pradesh,Ratlam,"Shasthri Nagar, Ratlam - IPCA Lab",06-04-2025,23.331731,75.045981,PM2.5,32,107,68
India,Madhya Pradesh,Mandideep,"Sector-D Industrial Area, Mandideep - MPPCB",06-04-2025,23.10844,77.511428,CO,22,148,103
India,Madhya Pradesh,Pithampur,"Sector-2 Industrial Area, Pithampur - MPPCB",06-04-2025,22.624758,75.675238,NO2,3,31,12
India,Madhya Pradesh,Ratlam,"Shasthri Nagar, Ratlam - IPCA Lab",06-04-2025,23.331731,75.045981,PM10,66,165,125
India,Madhya Pradesh,Sagar,"Civil Lines, Sagar - MPPCB",06-04-2025,23.838586,78.759431,PM2.5,13,133,48
India,Madhya Pradesh,Maihar,"Sahilara, Maihar - KJS Cements",06-04-2025,24.2613009,80.7231783,PM2.5,2,99,35
India,Madhya Pradesh,Maihar,"Sahilara, Maihar - KJS Cements",06-04-2025,24.2613009,80.7231783,PM10,14,120,55
India,Madhya Pradesh,Singrauli,"Suryakiran Bhawan NCL, Singrauli - MPPCB",06-04-2025,24.10897,82.64558,PM2.5,42,435,198
India,Madhya Pradesh,Katni,"Gole Bazar, Katni - MPPCB",06-04-2025,23.50016,80.23284,PM2.5,20,234,88
India,Madhya Pradesh,Sagar,"Civil Lines, Sagar - MPPCB",06-04-2025,23.838586,78.759431,NO2,9,66,21
India,Maharashtra,Ahmednagar,"Tarakpur, Ahmednagar - MPCB",06-04-2025,19.10122,74.73339,SO2,3,18,9
India,Maharashtra,Akola,"Ramdaspeth, Akola - MPCB",06-04-2025,20.719516,77.000253,PM2.5,27,153,69
India,Maharashtra,Akola,"Ramdaspeth, Akola - MPCB",06-04-2025,20.719516,77.000253,PM10,52,192,99
India,Maharashtra,Akola,"Ramdaspeth, Akola - MPCB",06-04-2025,20.719516,77.000253,NH3,5,16,8
India,Maharashtra,Akola,"Ramdaspeth, Akola - MPCB",06-04-2025,20.719516,77.000253,CO,32,95,40
India,Maharashtra,Akola,"Ramdaspeth, Akola - MPCB",06-04-2025,20.719516,77.000253,OZONE,1,101,18
India,Maharashtra,Amravati,"Shivneri Colony, Amravati - MPCB",06-04-2025,20.9402359,77.7895248,NH3,1,3,2
India,Maharashtra,Aurangabad,"MIDC Chilkalthana, Aurangabad - MPCB",06-04-2025,19.87562,75.38731,SO2,6,32,13
India,Maharashtra,Aurangabad,"MIDC Chilkalthana, Aurangabad - MPCB",06-04-2025,19.87562,75.38731,OZONE,25,96,46
India,Maharashtra,Aurangabad,"Rachnakar Colony, Aurangabad - MPCB",06-04-2025,19.863756,75.321188,PM10,63,136,91
India,Maharashtra,Badlapur,"Katrap, Badlapur - MPCB",06-04-2025,19.16485,73.23409,PM10,71,165,109
India,Maharashtra,Boisar,"Khaira, Boisar - MPCB",06-04-2025,19.786089,72.757971,PM2.5,41,77,65
India,Maharashtra,Boisar,"Khaira, Boisar - MPCB",06-04-2025,19.786089,72.757971,PM10,78,115,94
India,Maharashtra,Amravati,"Shri Shivaji Science College, Amaravati - MPCB",06-04-2025,20.939198,77.765701,SO2,1,10,3
India,Maharashtra,Amravati,"Shri Shivaji Science College, Amaravati - MPCB",06-04-2025,20.939198,77.765701,CO,31,111,54
India,Madhya Pradesh,Ujjain,"Mahakaleshwar Temple, Ujjain - MPPCB",06-04-2025,23.182719,75.768218,PM10,22,111,66
India,Madhya Pradesh,Ujjain,"Mahakaleshwar Temple, Ujjain - MPPCB",06-04-2025,23.182719,75.768218,NH3,2,4,3
India,Madhya Pradesh,Singrauli,"Suryakiran Bhawan NCL, Singrauli - MPPCB",06-04-2025,24.10897,82.64558,OZONE,3,140,15
India,Maharashtra,Aurangabad,"MIDC Chilkalthana, Aurangabad - MPCB",06-04-2025,19.87562,75.38731,PM10,74,128,94
India,Maharashtra,Amravati,"Shivneri Colony, Amravati - MPCB",06-04-2025,20.9402359,77.7895248,OZONE,1,96,12
India,Maharashtra,Aurangabad,"Rachnakar Colony, Aurangabad - MPCB",06-04-2025,19.863756,75.321188,CO,3,40,18
India,Maharashtra,Jalgaon,"Prabhat Colony, Jalgaon - MPCB",06-04-2025,21.001264,75.565602,PM10,60,125,85
India,Maharashtra,Jalgaon,"Prabhat Colony, Jalgaon - MPCB",06-04-2025,21.001264,75.565602,NO2,12,119,36
India,Maharashtra,Jalna,"Old MIDC, Jalna - MPCB",06-04-2025,19.854616,75.905894,NH3,3,5,4
India,Maharashtra,Jalna,"Old MIDC, Jalna - MPCB",06-04-2025,19.854616,75.905894,OZONE,3,273,18
India,Maharashtra,Kalyan,"Khadakpada, Kalyan - MPCB",06-04-2025,19.25292,73.142019,PM2.5,52,97,73
India,Maharashtra,Kalyan,"Khadakpada, Kalyan - MPCB",06-04-2025,19.25292,73.142019,OZONE,16,16,16
India,Maharashtra,Kalyan,"Pimpleshwar Mandir, Kalyan - MPCB",06-04-2025,19.192056,72.9585188,PM10,53,90,71
India,Maharashtra,Mira-Bhayandar,"Bhayandar West, Mira-Bhayandar - MPCB",06-04-2025,19.296481,72.840923,OZONE,3,64,7
India,Maharashtra,Mumbai,"Bandra Kurla Complex, Mumbai - MPCB",06-04-2025,19.065931,72.862131,PM2.5,4,91,28
India,Maharashtra,Mumbai,"Bandra Kurla Complex, Mumbai - MPCB",06-04-2025,19.065931,72.862131,PM10,24,115,55
India,Maharashtra,Mumbai,"Bandra Kurla Complex, Mumbai - MPCB",06-04-2025,19.065931,72.862131,CO,9,56,35
India,Maharashtra,Mumbai,"Borivali East, Mumbai - IITM",06-04-2025,19.23241,72.86895,PM2.5,49,136,76
India,Maharashtra,Mumbai,"Borivali East, Mumbai - IITM",06-04-2025,19.23241,72.86895,NO2,33,101,61
India,Maharashtra,Mumbai,"Borivali East, Mumbai - IITM",06-04-2025,19.23241,72.86895,OZONE,4,87,10
India,Maharashtra,Kolhapur,"Shivaji University, Kolhapur - MPCB",06-04-2025,16.6870449,74.2505872,NO2,8,45,18
India,Maharashtra,Kolhapur,"Shivaji University, Kolhapur - MPCB",06-04-2025,16.6870449,74.2505872,NH3,1,6,2
India,Maharashtra,Kolhapur,"Shivaji University, Kolhapur - MPCB",06-04-2025,16.6870449,74.2505872,OZONE,15,80,31
India,Maharashtra,Latur,"Sawe Wadi, Latur - MPCB",06-04-2025,18.39963,76.57452,PM2.5,58,263,131
India,Maharashtra,Latur,"Sawe Wadi, Latur - MPCB",06-04-2025,18.39963,76.57452,OZONE,1,112,38
India,Maharashtra,Chandrapur,"MIDC Khutala, Chandrapur - MPCB",06-04-2025,19.9775302,79.2337086,PM2.5,27,95,66
India,Maharashtra,Chandrapur,"MIDC Khutala, Chandrapur - MPCB",06-04-2025,19.9775302,79.2337086,SO2,5,97,43
India,Maharashtra,Chandrapur,"MIDC Khutala, Chandrapur - MPCB",06-04-2025,19.9775302,79.2337086,OZONE,1,173,16
India,Maharashtra,Dhule,"Deopur, Dhule - MPCB",06-04-2025,20.918946,74.776388,PM2.5,38,84,56
India,Maharashtra,Dhule,"Deopur, Dhule - MPCB",06-04-2025,20.918946,74.776388,NH3,NA,NA,NA
India,Maharashtra,Mumbai,"Chakala-Andheri East, Mumbai - IITM",06-04-2025,19.11074,72.86084,NH3,6,20,8
India,Maharashtra,Mumbai,"Chakala-Andheri East, Mumbai - IITM",06-04-2025,19.11074,72.86084,CO,2,101,63
India,Maharashtra,Mumbai,"Chembur, Mumbai - MPCB",06-04-2025,19.0364585,72.8954371,PM10,56,150,101
India,Maharashtra,Mumbai,"Borivali East, Mumbai - MPCB",06-04-2025,19.2243333,72.8658113,PM10,45,112,68
India,Maharashtra,Mumbai,"Borivali East, Mumbai - MPCB",06-04-2025,19.2243333,72.8658113,NH3,1,5,3
India,Maharashtra,Mumbai,"Byculla, Mumbai - BMC",06-04-2025,18.9767,72.838,CO,3,37,12
India,Maharashtra,Malegaon,"Mahesh Nagar, Malegaon - MPCB",06-04-2025,20.555712,74.529236,PM2.5,43,208,92
India,Maharashtra,Malegaon,"Mahesh Nagar, Malegaon - MPCB",06-04-2025,20.555712,74.529236,CO,8,115,24
India,Maharashtra,Mumbai,"Chhatrapati Shivaji Intl. Airport (T2), Mumbai - MPCB",06-04-2025,19.10078,72.87462,OZONE,7,7,7
India,Maharashtra,Mumbai,"Chembur, Mumbai - MPCB",06-04-2025,19.0364585,72.8954371,SO2,1,22,9
India,Maharashtra,Mumbai,"Colaba, Mumbai - MPCB",06-04-2025,18.91,72.82,NH3,3,3,3
India,Maharashtra,Mumbai,"Colaba, Mumbai - MPCB",06-04-2025,18.91,72.82,SO2,NA,NA,NA
India,Maharashtra,Mumbai,"Ghatkopar, Mumbai - BMC",06-04-2025,19.083694,72.920967,PM2.5,42,151,75
India,Maharashtra,Mumbai,"Ghatkopar, Mumbai - BMC",06-04-2025,19.083694,72.920967,SO2,1,12,5
India,Maharashtra,Mumbai,"Ghatkopar, Mumbai - BMC",06-04-2025,19.083694,72.920967,CO,4,62,22
India,Maharashtra,Mumbai,"Ghatkopar, Mumbai - BMC",06-04-2025,19.083694,72.920967,OZONE,2,79,5
India,Maharashtra,Mumbai,"Kandivali East, Mumbai - MPCB",06-04-2025,19.2058,72.8682,PM10,NA,NA,NA
India,Maharashtra,Mumbai,"Kandivali East, Mumbai - MPCB",06-04-2025,19.2058,72.8682,NO2,1,1,1
India,Maharashtra,Mumbai,"Kandivali West, Mumbai - BMC",06-04-2025,19.215859,72.831718,PM2.5,24,74,44
India,Maharashtra,Mumbai,"Kandivali West, Mumbai - BMC",06-04-2025,19.215859,72.831718,SO2,1,6,3
India,Maharashtra,Mumbai,"Navy Nagar-Colaba, Mumbai - IITM",06-04-2025,18.897756,72.81332,NH3,3,7,4
India,Maharashtra,Mumbai,"Navy Nagar-Colaba, Mumbai - IITM",06-04-2025,18.897756,72.81332,OZONE,14,92,35
India,Maharashtra,Mumbai,"Powai, Mumbai - MPCB",06-04-2025,19.1375,72.915056,PM10,63,130,87
India,Maharashtra,Mumbai,"Powai, Mumbai - MPCB",06-04-2025,19.1375,72.915056,OZONE,9,9,9
India,Maharashtra,Mumbai,"Shivaji Nagar, Mumbai - BMC",06-04-2025,19.060498,72.923356,NO2,10,39,25
India,Maharashtra,Mumbai,"Shivaji Nagar, Mumbai - BMC",06-04-2025,19.060498,72.923356,SO2,1,8,4
India,Maharashtra,Mumbai,"Shivaji Nagar, Mumbai - BMC",06-04-2025,19.060498,72.923356,CO,6,92,27
India,Maharashtra,Mumbai,"Siddharth Nagar-Worli, Mumbai - IITM",06-04-2025,19.000083,72.813993,NO2,21,81,34
India,Maharashtra,Nagpur,"Ambazari, Nagpur - MPCB",06-04-2025,21.121801,79.04952,NH3,2,29,8
India,Maharashtra,Nagpur,"Ambazari, Nagpur - MPCB",06-04-2025,21.121801,79.04952,SO2,18,46,26
India,Maharashtra,Nagpur,"Ambazari, Nagpur - MPCB",06-04-2025,21.121801,79.04952,OZONE,3,111,23
India,Maharashtra,Nagpur,"Ram Nagar, Nagpur - MPCB",06-04-2025,21.143383,79.048912,PM10,84,159,111
India,Maharashtra,Nagpur,"Ram Nagar, Nagpur - MPCB",06-04-2025,21.143383,79.048912,NO2,8,49,25
India,Maharashtra,Mumbai,"Vasai West, Mumbai - MPCB",06-04-2025,19.3832,72.8204,NO2,46,93,59
India,Maharashtra,Mumbai,"Vasai West, Mumbai - MPCB",06-04-2025,19.3832,72.8204,NH3,5,10,6
India,Maharashtra,Mumbai,"Vile Parle West, Mumbai - MPCB",06-04-2025,19.10861,72.83622,SO2,36,37,36
India,Maharashtra,Mumbai,"Worli, Mumbai - MPCB",06-04-2025,18.9936162,72.8128113,PM10,68,111,81
India,Maharashtra,Mumbai,"Kurla, Mumbai - MPCB",06-04-2025,19.0863,72.8888,NH3,NA,NA,NA
India,Maharashtra,Mumbai,"Kurla, Mumbai - MPCB",06-04-2025,19.0863,72.8888,CO,NA,NA,NA
India,Maharashtra,Mumbai,"Kurla, Mumbai - MPCB",06-04-2025,19.0863,72.8888,OZONE,NA,NA,NA
India,Maharashtra,Mumbai,"Malad West, Mumbai - IITM",06-04-2025,19.19709,72.82204,SO2,5,15,8
India,Maharashtra,Mumbai,"Kherwadi_Bandra East, Mumbai - MPCB",06-04-2025,19.0632143,72.8456324,PM2.5,7,89,41
India,Maharashtra,Mumbai,"Kherwadi_Bandra East, Mumbai - MPCB",06-04-2025,19.0632143,72.8456324,NO2,15,175,52
India,Maharashtra,Mumbai,"Kherwadi_Bandra East, Mumbai - MPCB",06-04-2025,19.0632143,72.8456324,NH3,4,32,16
India,Maharashtra,Mumbai,"Kherwadi_Bandra East, Mumbai - MPCB",06-04-2025,19.0632143,72.8456324,CO,6,40,15
India,Maharashtra,Nashik,"Hirawadi, Nashik - MPCB",06-04-2025,20.021503,73.813844,PM10,65,169,126
India,Maharashtra,Nashik,"Hirawadi, Nashik - MPCB",06-04-2025,20.021503,73.813844,CO,16,40,27
India,Maharashtra,Mumbai,"Navy Nagar-Colaba, Mumbai - IITM",06-04-2025,18.897756,72.81332,PM10,50,175,82
India,Maharashtra,Mumbai,"Mazgaon, Mumbai - IITM",06-04-2025,18.96702,72.84214,SO2,1,20,5
India,Maharashtra,Nashik,"MIDC Ambad, Nashik - MPCB",06-04-2025,19.95022,73.73148,NO2,2,16,9
India,Maharashtra,Nashik,"Pandav Nagari, Nashik - MPCB",06-04-2025,19.9591346,73.7788008,NH3,2,5,4
India,Maharashtra,Nashik,"Pandav Nagari, Nashik - MPCB",06-04-2025,19.9591346,73.7788008,SO2,1,18,10
India,Maharashtra,Navi Mumbai,"Kopripada-Vashi, Navi Mumbai - MPCB",06-04-2025,19.090337,73.014232,PM10,75,321,132
India,Maharashtra,Navi Mumbai,"Kopripada-Vashi, Navi Mumbai - MPCB",06-04-2025,19.090337,73.014232,NO2,43,353,138
India,Maharashtra,Navi Mumbai,"Mahape, Navi Mumbai - MPCB",06-04-2025,19.1135051,73.008978,NH3,1,1,1
India,Maharashtra,Navi Mumbai,"Mahape, Navi Mumbai - MPCB",06-04-2025,19.1135051,73.008978,SO2,23,23,23
India,Maharashtra,Pimpri-Chinchwad,"Park Street Wakad, Pimpri Chinchwad - MPCB",06-04-2025,18.59051,73.77946,PM10,63,128,95
India,Maharashtra,Pimpri-Chinchwad,"Park Street Wakad, Pimpri Chinchwad - MPCB",06-04-2025,18.59051,73.77946,CO,16,94,46
India,Maharashtra,Pimpri-Chinchwad,"Savta Mali Nagar, Pimpri-Chinchwad - IITM",06-04-2025,18.614767,73.799516,PM2.5,24,181,112
India,Maharashtra,Pimpri-Chinchwad,"Savta Mali Nagar, Pimpri-Chinchwad - IITM",06-04-2025,18.614767,73.799516,NO2,36,178,96
India,Maharashtra,Pimpri-Chinchwad,"Savta Mali Nagar, Pimpri-Chinchwad - IITM",06-04-2025,18.614767,73.799516,OZONE,1,68,5
India,Maharashtra,Pimpri-Chinchwad,"Thergaon, Pimpri Chinchwad - MPCB",06-04-2025,18.616318,73.765797,NO2,NA,NA,NA
India,Maharashtra,Navi Mumbai,"Tondare-Taloja, Navi Mumbai - MPCB",06-04-2025,19.063,73.1209,PM2.5,55,325,136
India,Maharashtra,Navi Mumbai,"Tondare-Taloja, Navi Mumbai - MPCB",06-04-2025,19.063,73.1209,PM10,88,233,124
India,Maharashtra,Parbhani,"Masoom Colony, Parbhani - MPCB",06-04-2025,19.265594,76.761463,PM10,49,97,68
India,Maharashtra,Parbhani,"Masoom Colony, Parbhani - MPCB",06-04-2025,19.265594,76.761463,CO,10,114,15
India,Maharashtra,Navi Mumbai,"Sanpada, Navi Mumbai - MPCB",06-04-2025,19.0575752,73.0151367,NO2,18,98,65
India,Maharashtra,Navi Mumbai,"Sanpada, Navi Mumbai - MPCB",06-04-2025,19.0575752,73.0151367,SO2,5,29,14
India,Maharashtra,Navi Mumbai,"Sector-2E Kalamboli, Navi Mumbai - MPCB",06-04-2025,19.02579,73.10297,PM10,64,207,106
India,Maharashtra,Pimpri-Chinchwad,"Gavalinagar, Pimpri Chinchwad - MPCB",06-04-2025,18.63673,73.82487,PM10,64,132,108
India,Maharashtra,Pune,"Bhosari, Pune - IITM",06-04-2025,18.640051,73.848956,PM10,65,176,125
India,Maharashtra,Virar,"Bolinj, Virar - MPCB",06-04-2025,19.445821,72.7988231,PM2.5,26,63,41
India,Maharashtra,Virar,"Bolinj, Virar - MPCB",06-04-2025,19.445821,72.7988231,NO2,7,48,22
India,Maharashtra,Virar,"Bolinj, Virar - MPCB",06-04-2025,19.445821,72.7988231,SO2,1,3,2
India,Manipur,Imphal,"DM College of Science, Imphal - Manipur PCB",06-04-2025,24.8207389,93.9423085,SO2,107,110,108
India,Manipur,Imphal,"DM College of Science, Imphal - Manipur PCB",06-04-2025,24.8207389,93.9423085,OZONE,NA,NA,NA
India,Meghalaya,Shillong,"JN Stadium, Shillong - Meghalaya PCB",06-04-2025,25.5803419,91.8942571,NO2,12,58,27
India,Meghalaya,Shillong,"Lumpyngngad, Shillong - Meghalaya PCB",06-04-2025,25.5586,91.8985,SO2,8,15,11
India,Mizoram,Aizawl,"Sikulpuikawn, Aizawl - Mizoram PCB",06-04-2025,23.7176342,92.7192841,NH3,1,2,1
India,Maharashtra,Pune,"Karve Road, Pune - MPCB",06-04-2025,18.5011743,73.8165527,NO2,2,16,3
India,Maharashtra,Pune,"Karve Road, Pune - MPCB",06-04-2025,18.5011743,73.8165527,SO2,7,64,10
India,Maharashtra,Pune,"Katraj Dairy, Pune - MPCB",06-04-2025,18.45445,73.854155,NH3,NA,NA,NA
India,Maharashtra,Pune,"Katraj Dairy, Pune - MPCB",06-04-2025,18.45445,73.854155,CO,48,50,50
India,Maharashtra,Pune,"Mhada Colony, Pune - IITM",06-04-2025,18.57304,73.927715,PM2.5,NA,NA,NA
India,Maharashtra,Pune,"Panchawati_Pashan, Pune - IITM",06-04-2025,18.536457,73.805454,PM2.5,26,63,48
India,Maharashtra,Pune,"Revenue Colony-Shivajinagar, Pune - IITM",06-04-2025,18.530085,73.849598,SO2,2,26,12
India,Maharashtra,Pune,"Savitribai Phule Pune University, Pune - MPCB",06-04-2025,18.547056,73.826908,PM2.5,28,66,46
India,Maharashtra,Sangli,"Vijay Nagar, Sangli - MPCB",06-04-2025,16.5038,74.3623,PM10,69,122,88
India,Maharashtra,Sangli,"Vijay Nagar, Sangli - MPCB",06-04-2025,16.5038,74.3623,NH3,2,4,3
India,Maharashtra,Sangli,"Vijay Nagar, Sangli - MPCB",06-04-2025,16.5038,74.3623,SO2,14,41,22
India,Maharashtra,Sangli,"Vijay Nagar, Sangli - MPCB",06-04-2025,16.5038,74.3623,OZONE,2,45,8
India,Maharashtra,Solapur,"Dnyaneshwar Nagar, Solapur - MPCB",06-04-2025,17.6336264,75.9132495,OZONE,14,97,52
India,Mizoram,Aizawl,"Sikulpuikawn, Aizawl - Mizoram PCB",06-04-2025,23.7176342,92.7192841,OZONE,1,10,2
India,Odisha,Angul,"Hakimapada, Angul - OSPCB",06-04-2025,20.832874,85.104082,NO2,9,51,22
India,Odisha,Angul,"Hakimapada, Angul - OSPCB",06-04-2025,20.832874,85.104082,NH3,2,5,4
India,Odisha,Angul,"Hakimapada, Angul - OSPCB",06-04-2025,20.832874,85.104082,SO2,16,119,56
India,Odisha,Angul,"Hakimapada, Angul - OSPCB",06-04-2025,20.832874,85.104082,OZONE,12,73,18
India,Odisha,Balasore,"Kalidaspur, Balasore - OSPCB",06-04-2025,21.51161,86.89088,NH3,3,6,4
India,Odisha,Baripada,"Meher Colony, Baripada - OSPCB",06-04-2025,21.941841,86.728318,OZONE,10,98,28
India,Odisha,Bhubaneswar,"Lingraj Mandir, Bhubaneswar - OSPCB",06-04-2025,20.24079,85.836784,NO2,4,24,12
India,Odisha,Bhubaneswar,"Lingraj Mandir, Bhubaneswar - OSPCB",06-04-2025,20.24079,85.836784,OZONE,14,64,20
India,Odisha,Bhubaneswar,"Patia, Bhubaneswar - OSPCB",06-04-2025,20.34652,85.8163,SO2,3,48,10
India,Odisha,Bhubaneswar,"Patia, Bhubaneswar - OSPCB",06-04-2025,20.34652,85.8163,OZONE,24,172,35
India,Maharashtra,Solapur,"Solapur, Solapur - MPCB",06-04-2025,17.6599188,75.9063906,PM2.5,60,75,73
India,Maharashtra,Thane,"Kasarvadavali, Thane - MPCB",06-04-2025,19.26777,72.97182,PM2.5,55,86,72
India,Maharashtra,Thane,"Upvan Fort, Thane - MPCB",06-04-2025,19.222279,72.957979,OZONE,2,136,20
India,Maharashtra,Ulhasnagar,"Sidhi Vinayak Nagar, Ulhasnagar - MPCB",06-04-2025,19.235581,73.159121,PM2.5,47,217,102
India,Odisha,Bileipada,"Tata Township, Bileipada - OSPCB",06-04-2025,22.06156703,85.47409613,SO2,6,14,9
India,Odisha,Brajrajnagar,"GM Office, Brajrajnagar - OSPCB",06-04-2025,21.8004996,83.8396977,PM10,62,133,98
India,Odisha,Brajrajnagar,"GM Office, Brajrajnagar - OSPCB",06-04-2025,21.8004996,83.8396977,SO2,9,9,9
India,Odisha,Byasanagar,"Ferro Chrome Colony, Byasanagar - OSPCB",06-04-2025,20.94185,86.1151,NO2,1,20,6
India,Odisha,Nayagarh,"Dabuna, Nayagarh - OSPCB",06-04-2025,21.847279,85.416905,OZONE,2,8,3
India,Odisha,Rairangpur,"Divisional Forest Office, Rairangpur - OSPCB",06-04-2025,22.265816,86.174829,PM2.5,NA,NA,NA
India,Odisha,Rairangpur,"Divisional Forest Office, Rairangpur - OSPCB",06-04-2025,22.265816,86.174829,OZONE,12,42,17
India,Odisha,Keonjhar,"Jagamohanpur, Keonjhar - OSPCB",06-04-2025,21.6439,85.599355,NO2,1,14,7
India,Odisha,Keonjhar,"Jagamohanpur, Keonjhar - OSPCB",06-04-2025,21.6439,85.599355,SO2,7,16,11
India,Rajasthan,Banswara,"Rati Talai, Banswara - RSPCB",06-04-2025,23.55519,74.44001,PM10,60,191,113
India,Rajasthan,Banswara,"Rati Talai, Banswara - RSPCB",06-04-2025,23.55519,74.44001,CO,15,44,21
India,Rajasthan,Baran,"Bamboliya, Baran - RSPCB",06-04-2025,25.106006,76.469948,NH3,3,4,3
India,Rajasthan,Barmer,"Railway Colony, Barmer - RSPCB",06-04-2025,25.747299,71.393989,PM10,75,175,124
India,Rajasthan,Barmer,"Railway Colony, Barmer - RSPCB",06-04-2025,25.747299,71.393989,SO2,6,13,7
India,Punjab,Jalandhar,"Civil Line, Jalandhar - PPCB",06-04-2025,31.321907,75.578914,NO2,27,32,30
India,Punjab,Ludhiana,"Punjab Agricultural University, Ludhiana - PPCB",06-04-2025,30.9028,75.8086,PM10,105,146,111
India,Rajasthan,Ajmer,"Civil Lines,  Ajmer - RSPCB",06-04-2025,26.470859,74.646594,NO2,21,28,26
India,Rajasthan,Alwar,"Moti Doongri, Alwar - RSPCB",06-04-2025,27.554793,76.611536,SO2,5,27,14
India,Odisha,Suakati,"OMC Colony, Suakati - OSPCB",06-04-2025,21.606865,85.510538,SO2,9,58,27
India,Odisha,Suakati,"OMC Colony, Suakati - OSPCB",06-04-2025,21.606865,85.510538,OZONE,17,66,26
India,Rajasthan,Barmer,"Railway Colony, Barmer - RSPCB",06-04-2025,25.747299,71.393989,CO,10,26,13
India,Punjab,Bathinda,"Hardev Nagar, Bathinda - PPCB",06-04-2025,30.233011,74.907758,SO2,5,23,12
India,Odisha,Rourkela,"Raghunathpali, Rourkela - OSPCB",06-04-2025,22.220833,84.809444,NH3,2,3,2
India,Punjab,Amritsar,"Golden Temple, Amritsar - PPCB",06-04-2025,31.62,74.876512,NO2,NA,NA,NA
India,Punjab,Patiala,"Model Town, Patiala - PPCB",06-04-2025,30.349388,76.366642,NH3,3,4,4
India,Rajasthan,Dausa,"Khatikan Mohalla, Dausa - RSPCB",06-04-2025,26.895552,76.334753,PM10,123,274,155
India,Rajasthan,Dholpur,"Raja Ganj, Dholpur - RSPCB",06-04-2025,26.699557,77.898881,PM10,106,172,137
India,Rajasthan,Dholpur,"Raja Ganj, Dholpur - RSPCB",06-04-2025,26.699557,77.898881,NO2,9,59,30
India,Rajasthan,Dholpur,"Raja Ganj, Dholpur - RSPCB",06-04-2025,26.699557,77.898881,SO2,1,101,28
India,Rajasthan,Dungarpur,"Bhoiwada, Dungarpur - RSPCB",06-04-2025,23.837789,73.714926,NH3,6,8,7
India,Rajasthan,Dungarpur,"Bhoiwada, Dungarpur - RSPCB",06-04-2025,23.837789,73.714926,OZONE,14,103,32
India,Rajasthan,Jaisalmer,"Sadar Bazar, Jaisalmer - RSPCB",06-04-2025,26.912329,70.909168,NO2,2,50,15
India,Rajasthan,Jaisalmer,"Sadar Bazar, Jaisalmer - RSPCB",06-04-2025,26.912329,70.909168,OZONE,38,116,73
India,Rajasthan,Jalore,"Mudtra Sili, Jalore - RSPCB",06-04-2025,25.344694,72.626208,NO2,40,86,58
India,Rajasthan,Jalore,"Mudtra Sili, Jalore - RSPCB",06-04-2025,25.344694,72.626208,NH3,6,10,7
India,Rajasthan,Bhiwadi,"RIICO Ind. Area III, Bhiwadi - RSPCB",06-04-2025,28.194909,76.862296,OZONE,NA,NA,NA
India,Rajasthan,Bhiwadi,"Vasundhara Nagar_UIT, Bhiwadi - RSPCB",06-04-2025,28.207266,76.829265,PM2.5,17,263,103
India,Rajasthan,Bhiwadi,"Vasundhara Nagar_UIT, Bhiwadi - RSPCB",06-04-2025,28.207266,76.829265,NO2,15,88,45
India,Rajasthan,Bhiwadi,"Vasundhara Nagar_UIT, Bhiwadi - RSPCB",06-04-2025,28.207266,76.829265,NH3,11,15,13
India,Rajasthan,Bundi,"New Colony, Bundi - RSPCB",06-04-2025,25.435774,75.644272,NH3,12,28,18
India,Rajasthan,Bundi,"New Colony, Bundi - RSPCB",06-04-2025,25.435774,75.644272,CO,14,78,29
India,Rajasthan,Chittorgarh,"Shastri Nagar, Chittorgarh - RSPCB",06-04-2025,24.892047,74.623527,NO2,8,112,46
India,Rajasthan,Jaipur,"Mansarovar Sector-12, Jaipur - RSPCB",06-04-2025,26.843698,75.766894,OZONE,9,77,17
India,Rajasthan,Jaipur,"Sector-2 Murlipura, Jaipur - RSPCB",06-04-2025,26.960669,75.771817,PM10,46,200,108
India,Rajasthan,Churu,"Subash Chowk, Churu - RSPCB",06-04-2025,28.296139,74.961696,NH3,5,9,6
India,Rajasthan,Churu,"Subash Chowk, Churu - RSPCB",06-04-2025,28.296139,74.961696,OZONE,28,157,47
India,Rajasthan,Jhunjhunu,"Indra Nagar, Jhunjhunu - RSPCB",06-04-2025,28.108988,75.386577,NH3,8,14,12
India,Rajasthan,Jhunjhunu,"Indra Nagar, Jhunjhunu - RSPCB",06-04-2025,28.108988,75.386577,SO2,4,16,9
India,Rajasthan,Jaipur,"Adarsh Nagar, Jaipur - RSPCB",06-04-2025,26.902909,75.836858,OZONE,28,61,43
India,Rajasthan,Bikaner,"MM Ground, Bikaner - RSPCB",06-04-2025,28.018792,73.292658,PM2.5,33,230,78
India,Rajasthan,Karauli,"Satyawati Vihar, Karauli - RSPCB",06-04-2025,26.506177,77.025989,CO,18,75,38
India,Rajasthan,Kota,"Dhanmandi, Kota - RSPCB",06-04-2025,25.16409,75.858137,SO2,6,94,14
India,Rajasthan,Kota,"Nayapura, Kota - RSPCB",06-04-2025,25.196024,75.855668,CO,22,104,47
India,Rajasthan,Kota,"Shrinath Puram, Kota - RSPCB",06-04-2025,25.14389,75.821256,NO2,12,18,15
India,Rajasthan,Kota,"Shrinath Puram, Kota - RSPCB",06-04-2025,25.14389,75.821256,NH3,1,6,4
India,Rajasthan,Kota,"Shrinath Puram, Kota - RSPCB",06-04-2025,25.14389,75.821256,SO2,8,45,13
India,Rajasthan,Kota,"Shrinath Puram, Kota - RSPCB",06-04-2025,25.14389,75.821256,CO,33,85,49
India,Rajasthan,Nagaur,"Karni Colony, Nagaur - RSPCB",06-04-2025,27.213494,73.734444,PM10,119,357,180
India,Rajasthan,Sikar,"Radhakishan Pura, Sikar - RSPCB",06-04-2025,27.608912,75.153302,CO,16,70,31
India,Rajasthan,Sikar,"Radhakishan Pura, Sikar - RSPCB",06-04-2025,27.608912,75.153302,OZONE,4,96,24
India,Rajasthan,Sirohi,"Vedhaynath Colony, Sirohi - RSPCB",06-04-2025,24.885261,72.857549,PM10,49,182,90
India,Rajasthan,Sirohi,"Vedhaynath Colony, Sirohi - RSPCB",06-04-2025,24.885261,72.857549,CO,4,47,19
India,Rajasthan,Sri Ganganagar,"Old City, Sri Ganganagar - RSPCB",06-04-2025,29.931624,73.864511,PM2.5,7,422,124
India,Rajasthan,Jodhpur,"Digari Kalan, Jodhpur - RSPCB",06-04-2025,26.29581,73.082283,PM2.5,37,163,91
India,Rajasthan,Jodhpur,"Digari Kalan, Jodhpur - RSPCB",06-04-2025,26.29581,73.082283,NO2,6,87,43
India,Rajasthan,Jodhpur,"Jhalamand, Jodhpur - RSPCB",06-04-2025,26.215415,73.070156,CO,12,94,47
India,Rajasthan,Sawai Madhopur,"Sahu Nagar, Sawai Madhopur - RSPCB",06-04-2025,26.031443,76.359327,NH3,8,30,20
India,Rajasthan,Sawai Madhopur,"Sahu Nagar, Sawai Madhopur - RSPCB",06-04-2025,26.031443,76.359327,SO2,6,19,11
India,Rajasthan,Sawai Madhopur,"Sahu Nagar, Sawai Madhopur - RSPCB",06-04-2025,26.031443,76.359327,OZONE,10,186,34
India,Rajasthan,Tonk,"Shastri Nagar, Tonk - RSPCB",06-04-2025,26.159933,75.780517,NO2,12,100,35
India,Rajasthan,Udaipur,"Ashok Nagar, Udaipur - RSPCB",06-04-2025,24.5886166,73.6321397,PM2.5,47,149,74
India,Rajasthan,Jodhpur,"Samrat Ashok Udhyan, Jodhpur - RSPCB",06-04-2025,26.253384,72.976571,PM2.5,27,307,101
India,Rajasthan,Jodhpur,"Samrat Ashok Udhyan, Jodhpur - RSPCB",06-04-2025,26.253384,72.976571,OZONE,5,157,39
India,Rajasthan,Pali,"Indira Colony Vistar, Pali - RSPCB",06-04-2025,25.771061,73.340227,NH3,7,12,10
India,Rajasthan,Pali,"Indira Colony Vistar, Pali - RSPCB",06-04-2025,25.771061,73.340227,CO,46,106,77
India,Sikkim,Gangtok,"Zero Point GICI, Gangtok - SSPCB",06-04-2025,27.33853,88.614099,NH3,1,1,1
India,Sikkim,Gangtok,"Zero Point GICI, Gangtok - SSPCB",06-04-2025,27.33853,88.614099,OZONE,16,118,28
India,Rajasthan,Jodhpur,"Mandor, Jodhpur - RSPCB",06-04-2025,26.358805,73.047444,NH3,4,8,5
India,TamilNadu,Karur,"Kamadenu Nagar, Karur - TNPCB",06-04-2025,10.96782,78.080882,CO,10,34,18
India,TamilNadu,Madurai,"Uchapatti, Madurai - TNPCB",06-04-2025,9.865935,78.022669,PM2.5,8,31,17
India,TamilNadu,Madurai,"Uchapatti, Madurai - TNPCB",06-04-2025,9.865935,78.022669,SO2,17,137,32
India,TamilNadu,Nagapattinam,"Velippalayam, Nagapattinam - TNPCB",06-04-2025,10.798548,79.838212,PM10,10,36,22
India,TamilNadu,Ooty,"Bombay Castel, Ooty - TNPCB",06-04-2025,11.4068288,76.7138973,PM10,26,155,71
India,TamilNadu,Ooty,"Bombay Castel, Ooty - TNPCB",06-04-2025,11.4068288,76.7138973,NH3,8,17,14
India,TamilNadu,Palkalaiperur,"Bharathidasan University, Palkalaiperur - TNPCB",06-04-2025,10.681158,78.741746,NH3,3,3,3
India,TamilNadu,Chennai,"Manali, Chennai - CPCB",06-04-2025,13.164544,80.26285,PM2.5,7,63,23
India,TamilNadu,Chennai,"Manali, Chennai - CPCB",06-04-2025,13.164544,80.26285,PM10,33,67,48
India,TamilNadu,Chennai,"Perungudi, Chennai - TNPCB",06-04-2025,12.9533,80.2357,PM2.5,15,55,27
India,TamilNadu,Chennai,"Perungudi, Chennai - TNPCB",06-04-2025,12.9533,80.2357,NO2,1,9,6
India,TamilNadu,Chennai,"Royapuram, Chennai - TNPCB",06-04-2025,13.1036,80.2909,PM10,11,94,30
India,TamilNadu,Chengalpattu,"Crescent University, Chengalpattu - TNPCB",06-04-2025,12.8777316,80.0834807,PM10,NA,NA,NA
India,TamilNadu,Chennai,"Kodungaiyur, Chennai - TNPCB",06-04-2025,13.1278,80.2642,OZONE,6,16,8
India,TamilNadu,Chennai,"Manali Village, Chennai - TNPCB",06-04-2025,13.1662,80.2584,PM2.5,4,71,26
India,TamilNadu,Chennai,"Manali Village, Chennai - TNPCB",06-04-2025,13.1662,80.2584,NO2,1,1,1
India,TamilNadu,Chennai,"Velachery Res. Area, Chennai - CPCB",06-04-2025,13.0052189,80.2398125,OZONE,43,50,44
India,TamilNadu,Coimbatore,"PSG College of Arts and Science, Coimbatore - TNPCB",06-04-2025,11.0328,77.0349,PM2.5,25,53,36
India,TamilNadu,Coimbatore,"PSG College of Arts and Science, Coimbatore - TNPCB",06-04-2025,11.0328,77.0349,PM10,21,42,29
India,TamilNadu,Cuddalore,"Kudikadu, Cuddalore - TNPCB",06-04-2025,11.6829898,79.7532099,PM10,11,38,26
India,TamilNadu,Cuddalore,"Kudikadu, Cuddalore - TNPCB",06-04-2025,11.6829898,79.7532099,NH3,NA,NA,NA
India,TamilNadu,Cuddalore,"Kudikadu, Cuddalore - TNPCB",06-04-2025,11.6829898,79.7532099,SO2,NA,NA,NA
India,TamilNadu,Dindigul,"Mendonsa Colony, Dindigul - TNPCB",06-04-2025,10.358535,77.984321,PM10,42,171,81
India,TamilNadu,Chennai,"Royapuram, Chennai - TNPCB",06-04-2025,13.1036,80.2909,NH3,2,5,3
India,TamilNadu,Chennai,"Royapuram, Chennai - TNPCB",06-04-2025,13.1036,80.2909,SO2,4,15,9
India,TamilNadu,Chennai,"Velachery Res. Area, Chennai - CPCB",06-04-2025,13.0052189,80.2398125,PM10,32,65,46
India,TamilNadu,Hosur,"SIPCOT Phase-1, Hosur - TNPCB",06-04-2025,12.746998,77.813811,NH3,1,1,1
India,TamilNadu,Hosur,"SIPCOT Phase-1, Hosur - TNPCB",06-04-2025,12.746998,77.813811,CO,14,21,20
India,TamilNadu,Kanchipuram,"Kilambi, Kanchipuram - TNPCB",06-04-2025,12.864618,79.659968,CO,21,23,22
India,TamilNadu,Gummidipoondi,"Anthoni Pillai Nagar, Gummidipoondi - TNPCB",06-04-2025,13.4127,80.1081,NO2,7,32,17
India,TamilNadu,Hosur,"SIPCOT Phase-1, Hosur - TNPCB",06-04-2025,12.746998,77.813811,NO2,1,2,2
India,TamilNadu,Chennai,"Velachery Res. Area, Chennai - CPCB",06-04-2025,13.0052189,80.2398125,NH3,4,6,4
India,TamilNadu,Thanjavur,"Parisutham Nagar, Thanjavur - TNPCB",06-04-2025,10.7654824,79.1389968,NH3,2,2,2
India,TamilNadu,Thoothukudi,"Meelavittan, Thoothukudi - TNPCB",06-04-2025,8.816428,78.099039,PM10,19,106,54
India,TamilNadu,Tiruchirappalli,"St Joseph College, Tiruchirappalli - TNPCB",06-04-2025,10.830158,78.691849,PM2.5,9,33,24
India,TamilNadu,Tiruchirappalli,"St Joseph College, Tiruchirappalli - TNPCB",06-04-2025,10.830158,78.691849,NO2,10,11,10
India,TamilNadu,Tiruchirappalli,"St Joseph College, Tiruchirappalli - TNPCB",06-04-2025,10.830158,78.691849,CO,6,8,6
India,TamilNadu,Tirunelveli,"Municipal Corporation Office, Tirunelveli - TNPCB",06-04-2025,8.728442,77.6962,PM10,16,35,26
India,TamilNadu,Tirupur,"Kumaran College, Tirupur - TNPCB",06-04-2025,11.0973603,77.3228673,NO2,4,13,7
India,TamilNadu,Tirupur,"Kumaran College, Tirupur - TNPCB",06-04-2025,11.0973603,77.3228673,SO2,NA,NA,NA
India,TamilNadu,Tirupur,"Kumaran College, Tirupur - TNPCB",06-04-2025,11.0973603,77.3228673,CO,52,62,55
India,Telangana,Hyderabad,"Ramachandrapuram, Hyderabad - TSPCB",06-04-2025,17.528544,78.286195,NH3,5,6,6
India,Telangana,Hyderabad,"Ramachandrapuram, Hyderabad - TSPCB",06-04-2025,17.528544,78.286195,OZONE,6,50,12
India,Telangana,Hyderabad,"Sanathnagar, Hyderabad - TSPCB",06-04-2025,17.4559458,78.4332152,PM2.5,30,69,45
India,Telangana,Hyderabad,"Sanathnagar, Hyderabad - TSPCB",06-04-2025,17.4559458,78.4332152,CO,16,70,33
India,Telangana,Hyderabad,"Somajiguda, Hyderabad - TSPCB",06-04-2025,17.417094,78.457437,CO,23,60,38
India,Telangana,Hyderabad,"Zoo Park, Hyderabad - TSPCB",06-04-2025,17.349694,78.451437,PM2.5,59,178,101
India,Telangana,Hyderabad,"Zoo Park, Hyderabad - TSPCB",06-04-2025,17.349694,78.451437,NO2,76,157,106
India,Tripura,Agartala,"Bardowali, Agartala - Tripura SPCB",06-04-2025,23.8175497,91.2726974,PM2.5,10,24,16
India,Uttar Pradesh,Agra,"Shahjahan Garden, Agra - UPPCB",06-04-2025,27.169338,78.03582,NH3,1,1,1
India,Uttar Pradesh,Agra,"Shahjahan Garden, Agra - UPPCB",06-04-2025,27.169338,78.03582,SO2,50,65,59
India,Uttar Pradesh,Agra,"Shahjahan Garden, Agra - UPPCB",06-04-2025,27.169338,78.03582,CO,10,34,29
India,Uttar Pradesh,Baghpat,"Sardar Patel Inter College, Baghpat - UPPCB",06-04-2025,28.964949,77.278761,PM2.5,40,351,131
India,Uttar Pradesh,Baghpat,"Sardar Patel Inter College, Baghpat - UPPCB",06-04-2025,28.964949,77.278761,CO,31,130,94
India,Uttar Pradesh,Baghpat,"Sardar Patel Inter College, Baghpat - UPPCB",06-04-2025,28.964949,77.278761,OZONE,12,55,20
India,Uttar Pradesh,Bareilly,"Civil Lines, Bareilly - UPPCB",06-04-2025,28.359581,79.414455,PM2.5,NA,NA,NA
India,Uttar Pradesh,Bulandshahr,"Yamunapuram, Bulandshahr - UPPCB",06-04-2025,28.406963,77.849831,PM2.5,52,315,143
India,TamilNadu,Virudhunagar,"Collectorate Office, Virudhunagar - TNPCB",06-04-2025,9.559382,77.948828,NH3,4,7,7
India,TamilNadu,Virudhunagar,"Collectorate Office, Virudhunagar - TNPCB",06-04-2025,9.559382,77.948828,SO2,18,20,18
India,TamilNadu,Virudhunagar,"Collectorate Office, Virudhunagar - TNPCB",06-04-2025,9.559382,77.948828,CO,16,20,17
India,TamilNadu,Virudhunagar,"Collectorate Office, Virudhunagar - TNPCB",06-04-2025,9.559382,77.948828,OZONE,1,2,2
India,Telangana,Hyderabad,"Bollaram Industrial Area, Hyderabad - TSPCB",06-04-2025,17.540891,78.358528,PM2.5,32,72,49
India,Telangana,Hyderabad,"Bollaram Industrial Area, Hyderabad - TSPCB",06-04-2025,17.540891,78.358528,NO2,18,68,34
India,Telangana,Hyderabad,"IITH Kandi, Hyderabad - TSPCB",06-04-2025,17.585705,78.126199,OZONE,25,28,25
India,Telangana,Hyderabad,"New Malakpet, Hyderabad - TSPCB",06-04-2025,17.37206,78.50864,PM10,53,82,65
India,Telangana,Hyderabad,"New Malakpet, Hyderabad - TSPCB",06-04-2025,17.37206,78.50864,NO2,17,18,18
India,Telangana,Hyderabad,"New Malakpet, Hyderabad - TSPCB",06-04-2025,17.37206,78.50864,OZONE,7,36,12
India,Telangana,Hyderabad,"Ramachandrapuram, Hyderabad - TSPCB",06-04-2025,17.528544,78.286195,PM10,57,68,66
India,TamilNadu,Ramanathapuram,"Chalai Bazaar, Ramanathapuram - TNPCB",06-04-2025,9.36399,78.831977,PM2.5,17,39,24
India,TamilNadu,Ranipet,"VOC Nagar_SIPCOT, Ranipet - TNPCB",06-04-2025,12.952707,79.30394,SO2,15,16,16
India,TamilNadu,Salem,"Sona College of Technology, Salem - TNPCB",06-04-2025,11.679111,78.125052,PM10,25,64,43
India,TamilNadu,Salem,"Sona College of Technology, Salem - TNPCB",06-04-2025,11.679111,78.125052,NO2,12,12,12
India,Tripura,Agartala,"Bardowali, Agartala - Tripura SPCB",06-04-2025,23.8175497,91.2726974,OZONE,59,346,94
India,Uttar Pradesh,Agra,"Rohta, Agra - UPPCB",06-04-2025,27.106972,78.000111,PM10,27,132,84
India,Uttar Pradesh,Agra,"Sanjay Palace, Agra - UPPCB",06-04-2025,27.19865833,78.00598056,SO2,12,41,23
India,Telangana,Hyderabad,"ICRISAT Patancheru, Hyderabad - TSPCB",06-04-2025,17.5184,78.278777,PM2.5,45,113,82
India,Telangana,Hyderabad,"ICRISAT Patancheru, Hyderabad - TSPCB",06-04-2025,17.5184,78.278777,PM10,49,121,86
India,Telangana,Hyderabad,"IDA Pashamylaram, Hyderabad - TSPCB",06-04-2025,17.5316895,78.218939,NH3,1,4,2
India,Uttar Pradesh,Ghaziabad,"Sanjay Nagar, Ghaziabad - UPPCB",06-04-2025,28.685382,77.453839,NH3,6,12,8
India,Uttar Pradesh,Ghaziabad,"Sanjay Nagar, Ghaziabad - UPPCB",06-04-2025,28.685382,77.453839,CO,32,79,62
India,Uttar Pradesh,Ghaziabad,"Sanjay Nagar, Ghaziabad - UPPCB",06-04-2025,28.685382,77.453839,OZONE,5,106,27
India,Uttar Pradesh,Ghaziabad,"Vasundhara, Ghaziabad - UPPCB",06-04-2025,28.6603346,77.3572563,NH3,6,15,10
India,Uttar Pradesh,Ghaziabad,"Vasundhara, Ghaziabad - UPPCB",06-04-2025,28.6603346,77.3572563,OZONE,4,95,14
India,Uttar Pradesh,Gorakhpur,"Madan Mohan Malaviya University of Technology, Gorakhpur - UPPCB",06-04-2025,26.730136,83.433859,NO2,11,11,11
India,Uttar Pradesh,Bulandshahr,"Yamunapuram, Bulandshahr - UPPCB",06-04-2025,28.406963,77.849831,PM10,132,293,198
India,Uttar Pradesh,Bulandshahr,"Yamunapuram, Bulandshahr - UPPCB",06-04-2025,28.406963,77.849831,NO2,15,120,73
India,Uttar Pradesh,Bulandshahr,"Yamunapuram, Bulandshahr - UPPCB",06-04-2025,28.406963,77.849831,SO2,15,98,33
India,Uttar Pradesh,Firozabad,"Nagla Bhau, Firozabad - UPPCB",06-04-2025,27.168897,78.37696,NO2,17,17,17
India,Uttar Pradesh,Ghaziabad,"Indirapuram, Ghaziabad - UPPCB",06-04-2025,28.646233,77.358075,PM10,74,184,120
India,Uttar Pradesh,Ghaziabad,"Loni, Ghaziabad - UPPCB",06-04-2025,28.757294,77.278792,PM2.5,308,500,388
India,Uttar Pradesh,Khurja,"Kalindi Kunj, Khurja - UPPCB",06-04-2025,28.2348927,77.8683002,CO,22,64,52
India,Uttar Pradesh,Lucknow,"B R Ambedkar University, Lucknow - UPPCB",06-04-2025,26.766433,80.927299,NH3,2,4,3
India,Uttar Pradesh,Lucknow,"B R Ambedkar University, Lucknow - UPPCB",06-04-2025,26.766433,80.927299,SO2,24,39,30
India,Uttar Pradesh,Lucknow,"Gomti Nagar, Lucknow - UPPCB",06-04-2025,26.86812,81.005119,PM10,51,121,76
India,Uttar Pradesh,Lucknow,"Gomti Nagar, Lucknow - UPPCB",06-04-2025,26.86812,81.005119,NO2,9,11,10
India,Uttar Pradesh,Lucknow,"Gomti Nagar, Lucknow - UPPCB",06-04-2025,26.86812,81.005119,CO,36,44,38
India,Uttar Pradesh,Meerut,"Pallavpuram Phase 2, Meerut - UPPCB",06-04-2025,29.06351,77.709723,PM2.5,22,295,103
India,Uttar Pradesh,Meerut,"Pallavpuram Phase 2, Meerut - UPPCB",06-04-2025,29.06351,77.709723,NH3,10,19,14
India,Uttar Pradesh,Moradabad,"Buddhi Vihar, Moradabad - UPPCB",06-04-2025,28.83526,78.7446,PM2.5,2,70,36
India,Uttar Pradesh,Greater Noida,"Knowledge Park - V, Greater Noida - UPPCB",06-04-2025,28.557054,77.453663,OZONE,1,179,25
India,Uttar Pradesh,Hapur,"Anand Vihar, Hapur - UPPCB",06-04-2025,28.725645,77.749675,NO2,25,142,70
India,Uttar Pradesh,Hapur,"Anand Vihar, Hapur - UPPCB",06-04-2025,28.725645,77.749675,CO,40,107,55
India,Uttar Pradesh,Gorakhpur,"Madan Mohan Malaviya University of Technology, Gorakhpur - UPPCB",06-04-2025,26.730136,83.433859,SO2,45,50,46
India,Uttar Pradesh,Gorakhpur,"Madan Mohan Malaviya University of Technology, Gorakhpur - UPPCB",06-04-2025,26.730136,83.433859,OZONE,8,24,9
India,Uttar Pradesh,Lucknow,"Kendriya Vidyalaya, Lucknow - CPCB",06-04-2025,26.906111,80.948222,CO,20,100,46
India,Uttar Pradesh,Lucknow,"Lalbagh, Lucknow - CPCB",06-04-2025,26.8458805,80.9365541,CO,NA,NA,NA
India,Uttar Pradesh,Kanpur,"Nehru Nagar, Kanpur - UPPCB",06-04-2025,26.4703136,80.3229863,PM2.5,42,338,113
India,Uttar Pradesh,Kanpur,"Nehru Nagar, Kanpur - UPPCB",06-04-2025,26.4703136,80.3229863,PM10,37,205,82
India,Uttar Pradesh,Meerut,"Ganga Nagar, Meerut - UPPCB",06-04-2025,28.999264,77.7590354,CO,14,54,47
India,Uttar Pradesh,Muzaffarnagar,"New Mandi, Muzaffarnagar - UPPCB",06-04-2025,29.4723508,77.7194031,NO2,17,84,35
India,Uttar Pradesh,Muzaffarnagar,"New Mandi, Muzaffarnagar - UPPCB",06-04-2025,29.4723508,77.7194031,NH3,6,11,9
India,Uttar Pradesh,Noida,"Sector - 125, Noida - UPPCB",06-04-2025,28.5447608,77.3231257,PM2.5,29,251,89
India,Uttar Pradesh,Noida,"Sector - 125, Noida - UPPCB",06-04-2025,28.5447608,77.3231257,SO2,23,50,33
India,Uttar Pradesh,Noida,"Sector-1, Noida - UPPCB",06-04-2025,28.5898,77.3101,PM2.5,20,164,68
India,Uttar Pradesh,Noida,"Sector-1, Noida - UPPCB",06-04-2025,28.5898,77.3101,PM10,18,118,61
India,Uttar Pradesh,Noida,"Sector-1, Noida - UPPCB",06-04-2025,28.5898,77.3101,CO,2,104,35
India,Uttar Pradesh,Noida,"Sector-116, Noida - UPPCB",06-04-2025,28.56923,77.393848,PM2.5,37,310,132
India,Uttar Pradesh,Noida,"Sector-116, Noida - UPPCB",06-04-2025,28.56923,77.393848,PM10,90,175,135
India,Uttar Pradesh,Noida,"Sector-116, Noida - UPPCB",06-04-2025,28.56923,77.393848,NH3,7,19,11
India,Uttar Pradesh,Prayagraj,"Jhunsi, Prayagraj - UPPCB",06-04-2025,25.425602,81.917152,OZONE,5,78,21
India,Uttar Pradesh,Moradabad,"Eco Herbal Park, Moradabad - UPPCB",06-04-2025,28.840739,78.697531,OZONE,11,118,30
India,Uttar Pradesh,Moradabad,"Employment Office, Moradabad - UPPCB",06-04-2025,28.88528,78.7388,PM2.5,17,107,52
India,Uttar Pradesh,Moradabad,"Employment Office, Moradabad - UPPCB",06-04-2025,28.88528,78.7388,PM10,50,140,78
India,Uttar Pradesh,Moradabad,"Employment Office, Moradabad - UPPCB",06-04-2025,28.88528,78.7388,SO2,27,33,29
India,Uttar Pradesh,Moradabad,"Jigar Colony, Moradabad - UPPCB",06-04-2025,28.856664,78.772638,PM2.5,21,84,50
India,Uttar Pradesh,Varanasi,"Bhelupur, Varanasi - UPPCB",06-04-2025,25.301778,82.996789,PM10,62,195,118
India,Uttar Pradesh,Varanasi,"Bhelupur, Varanasi - UPPCB",06-04-2025,25.301778,82.996789,SO2,31,35,33
India,Uttar Pradesh,Varanasi,"Bhelupur, Varanasi - UPPCB",06-04-2025,25.301778,82.996789,CO,8,108,60
India,Uttar Pradesh,Varanasi,"Bhelupur, Varanasi - UPPCB",06-04-2025,25.301778,82.996789,OZONE,2,34,8
India,Uttar Pradesh,Varanasi,"IESD Banaras Hindu University, Varanasi - UPPCB",06-04-2025,25.262326,82.995408,PM10,33,114,69
India,Uttar Pradesh,Moradabad,"Buddhi Vihar, Moradabad - UPPCB",06-04-2025,28.83526,78.7446,SO2,17,26,20
India,Uttar Pradesh,Moradabad,"Eco Herbal Park, Moradabad - UPPCB",06-04-2025,28.840739,78.697531,NH3,7,13,10
India,Uttar Pradesh,Varanasi,"Ardhali Bazar, Varanasi - UPPCB",06-04-2025,25.3505986,82.9083074,SO2,11,21,16
India,Uttar Pradesh,Varanasi,"Bhelupur, Varanasi - UPPCB",06-04-2025,25.301778,82.996789,PM2.5,11,74,39
India,Uttar Pradesh,Moradabad,"Transport Nagar, Moradabad - UPPCB",06-04-2025,28.802625,78.753728,NO2,18,28,27
India,Uttar Pradesh,Moradabad,"Transport Nagar, Moradabad - UPPCB",06-04-2025,28.802625,78.753728,SO2,21,68,37
India,Uttar Pradesh,Moradabad,"Kashiram Nagar, Moradabad - UPPCB",06-04-2025,28.849399,78.742362,NO2,17,25,25
India,Uttar Pradesh,Moradabad,"Jigar Colony, Moradabad - UPPCB",06-04-2025,28.856664,78.772638,NO2,23,25,25
India,West Bengal,Durgapur,"PCBL Residential Complex, Durgapur - WBPCB",06-04-2025,23.508764,87.35444,OZONE,12,96,21
India,West Bengal,Haldia,"Priyambada Housing Estate, Haldia - WBPCB",06-04-2025,22.06047,88.109737,PM10,41,95,69
India,West Bengal,Howrah,"Belur Math, Howrah - WBPCB",06-04-2025,22.629801,88.352017,CO,2,33,4
India,West Bengal,Howrah,"Botanical Garden, Howrah - WBPCB",06-04-2025,22.554954,88.292568,PM10,63,117,83
India,West Bengal,Howrah,"Botanical Garden, Howrah - WBPCB",06-04-2025,22.554954,88.292568,NO2,6,175,29
India,West Bengal,Howrah,"Botanical Garden, Howrah - WBPCB",06-04-2025,22.554954,88.292568,SO2,4,13,6
India,West Bengal,Howrah,"Botanical Garden, Howrah - WBPCB",06-04-2025,22.554954,88.292568,CO,28,42,29
India,Uttarakhand,Rishikesh,"Shivaji Nagar, Rishikesh - UKPCB",06-04-2025,30.075911,78.2859547,PM2.5,42,178,75
India,Uttarakhand,Rishikesh,"Shivaji Nagar, Rishikesh - UKPCB",06-04-2025,30.075911,78.2859547,PM10,55,132,85
India,Uttarakhand,Rishikesh,"Shivaji Nagar, Rishikesh - UKPCB",06-04-2025,30.075911,78.2859547,NH3,9,11,10
India,West Bengal,Asansol,"Asansol Court Area, Asansol - WBPCB",06-04-2025,23.685297,86.945968,CO,9,109,52
India,West Bengal,Asansol,"Evelyn Lodge, Asansol - WBPCB",06-04-2025,23.697936,86.944395,NH3,4,6,5
India,West Bengal,Asansol,"Evelyn Lodge, Asansol - WBPCB",06-04-2025,23.697936,86.944395,SO2,5,14,8
India,West Bengal,Howrah,"Ghusuri, Howrah - WBPCB",06-04-2025,22.611968,88.347422,PM10,43,135,75
India,West Bengal,Howrah,"Padmapukur, Howrah - WBPCB",06-04-2025,22.5687319,88.2797276,PM2.5,55,153,83
India,West Bengal,Howrah,"Padmapukur, Howrah - WBPCB",06-04-2025,22.5687319,88.2797276,NH3,1,4,3
India,West Bengal,Kolkata,"Ballygunge, Kolkata - WBPCB",06-04-2025,22.5367507,88.3638022,PM2.5,46,127,75
India,West Bengal,Kolkata,"Ballygunge, Kolkata - WBPCB",06-04-2025,22.5367507,88.3638022,PM10,56,110,80
India,Uttar Pradesh,Varanasi,"IESD Banaras Hindu University, Varanasi - UPPCB",06-04-2025,25.262326,82.995408,CO,6,52,28
India,Uttar Pradesh,Varanasi,"Maldahiya, Varanasi - UPPCB",06-04-2025,25.32393,82.99687,PM2.5,18,118,57
India,Uttar Pradesh,Varanasi,"Maldahiya, Varanasi - UPPCB",06-04-2025,25.32393,82.99687,NO2,1,2,2
India,West Bengal,Durgapur,"PCBL Residential Complex, Durgapur - WBPCB",06-04-2025,23.508764,87.35444,PM10,71,198,126
India,West Bengal,Durgapur,"PCBL Residential Complex, Durgapur - WBPCB",06-04-2025,23.508764,87.35444,NH3,2,6,5
India,West Bengal,Barrackpore,"SVSPA Campus, Barrackpore - WBPCB",06-04-2025,22.7605581,88.3617589,NH3,5,9,7
India,West Bengal,Barrackpore,"SVSPA Campus, Barrackpore - WBPCB",06-04-2025,22.7605581,88.3617589,CO,58,102,60
India,West Bengal,Asansol,"Mahabir Colliery, Asansol - WBPCB",06-04-2025,23.618183,87.105718,NH3,6,13,8
India,West Bengal,Asansol,"Mahabir Colliery, Asansol - WBPCB",06-04-2025,23.618183,87.105718,SO2,11,82,26
India,West Bengal,Durgapur,"Mahishkapur Road_B-Zone, Durgapur - WBPCB",06-04-2025,23.567923,87.306843,NO2,4,33,16
India,Uttarakhand,Dehradun,"Doon University, Dehradun - UKPCB",06-04-2025,30.269444,78.044167,PM10,19,132,82
India,West Bengal,Kolkata,"Ballygunge, Kolkata - WBPCB",06-04-2025,22.5367507,88.3638022,SO2,7,38,18
India,West Bengal,Kolkata,"Ballygunge, Kolkata - WBPCB",06-04-2025,22.5367507,88.3638022,OZONE,14,81,19
India,West Bengal,Kolkata,"Bidhannagar, Kolkata - WBPCB",06-04-2025,22.58157048,88.41002457,SO2,6,16,11
India,West Bengal,Kolkata,"Jadavpur, Kolkata - WBPCB",06-04-2025,22.49929,88.36917,PM10,74,114,92
India,West Bengal,Kolkata,"Jadavpur, Kolkata - WBPCB",06-04-2025,22.49929,88.36917,NO2,16,105,29
India,West Bengal,Kolkata,"Jadavpur, Kolkata - WBPCB",06-04-2025,22.49929,88.36917,OZONE,15,115,18
India,West Bengal,Kolkata,"Rabindra Bharati University, Kolkata - WBPCB",06-04-2025,22.627847,88.380669,PM2.5,43,85,62
India,West Bengal,Kolkata,"Rabindra Bharati University, Kolkata - WBPCB",06-04-2025,22.627847,88.380669,NO2,19,55,25
India,West Bengal,Kolkata,"Rabindra Sarobar, Kolkata - WBPCB",06-04-2025,22.51106,88.35142,PM2.5,35,70,49
India,West Bengal,Kolkata,"Rabindra Sarobar, Kolkata - WBPCB",06-04-2025,22.51106,88.35142,SO2,7,39,21
India,West Bengal,Kolkata,"Victoria, Kolkata - WBPCB",06-04-2025,22.5448082,88.3403691,PM10,66,108,85
India,West Bengal,Kolkata,"Victoria, Kolkata - WBPCB",06-04-2025,22.5448082,88.3403691,OZONE,24,128,33
India,West Bengal,Siliguri,"Ward-32 Bapupara, Siliguri - WBPCB",06-04-2025,26.6879226,88.4152495,PM2.5,110,315,213
India,West Bengal,Siliguri,"Ward-32 Bapupara, Siliguri - WBPCB",06-04-2025,26.6879226,88.4152495,PM10,123,261,168
India,Andhra Pradesh,Visakhapatnam,"GVM Corporation, Visakhapatnam - APPCB",06-04-2025,17.72,83.3,PM10,56,168,104
India,Andhra Pradesh,Visakhapatnam,"GVM Corporation, Visakhapatnam - APPCB",06-04-2025,17.72,83.3,CO,8,46,13
India,Arunachal Pradesh,Naharlagun,"Naharlagun, Naharlagun - APSPCB",06-04-2025,27.103358,93.679645,SO2,NA,NA,NA
India,Arunachal Pradesh,Naharlagun,"Naharlagun, Naharlagun - APSPCB",06-04-2025,27.103358,93.679645,CO,NA,NA,NA
India,Assam,Byrnihat,"Central Academy for SFS, Byrnihat - PCBA",06-04-2025,26.071318,91.87488,NH3,NA,NA,NA
India,Assam,Byrnihat,"Central Academy for SFS, Byrnihat - PCBA",06-04-2025,26.071318,91.87488,OZONE,25,109,25
India,Andhra Pradesh,Amaravati,"Secretariat, Amaravati - APPCB",06-04-2025,16.5150833,80.5181667,NH3,1,3,2
India,Andhra Pradesh,Anantapur,"Gulzarpet, Anantapur - APPCB",06-04-2025,14.675886,77.593027,NO2,27,77,41
India,Andhra Pradesh,Chittoor,"Gangineni Cheruvu, Chittoor - APPCB",06-04-2025,13.20488,79.097889,PM2.5,37,91,61
India,Andhra Pradesh,Chittoor,"Gangineni Cheruvu, Chittoor - APPCB",06-04-2025,13.20488,79.097889,PM10,33,83,56
India,Andhra Pradesh,Chittoor,"Gangineni Cheruvu, Chittoor - APPCB",06-04-2025,13.20488,79.097889,SO2,5,6,5
India,Andhra Pradesh,Chittoor,"Gangineni Cheruvu, Chittoor - APPCB",06-04-2025,13.20488,79.097889,OZONE,31,53,38
India,Andhra Pradesh,Tirumala,"Toll Gate, Tirumala - APPCB (Formerly known as Tirumala, Tirupati - APPCB)",06-04-2025,13.67,79.35,PM2.5,33,93,55
India,Andhra Pradesh,Tirumala,"Toll Gate, Tirumala - APPCB (Formerly known as Tirumala, Tirupati - APPCB)",06-04-2025,13.67,79.35,OZONE,11,36,20
India,Andhra Pradesh,Tirupati,"Vaikuntapuram, Tirupati - APPCB",06-04-2025,13.615387,79.40923,SO2,10,11,10
India,Andhra Pradesh,Vijayawada,"HB Colony, Vijayawada - APPCB",06-04-2025,16.536107,80.594233,NO2,13,20,14
India,Andhra Pradesh,Vijayawada,"HB Colony, Vijayawada - APPCB",06-04-2025,16.536107,80.594233,CO,16,35,25
India,Andhra Pradesh,Vijayawada,"Kanuru, Vijayawada - APPCB",06-04-2025,16.486692,80.699436,PM2.5,61,71,66
India,Andhra Pradesh,Vijayawada,"Kanuru, Vijayawada - APPCB",06-04-2025,16.486692,80.699436,CO,12,31,26
India,Andhra Pradesh,Kadapa,"Yerramukkapalli, Kadapa - APPCB",06-04-2025,14.465052,78.824187,OZONE,22,33,32
India,Andhra Pradesh,Rajamahendravaram,"Anand Kala Kshetram, Rajamahendravaram - APPCB",06-04-2025,16.9872867,81.7363176,PM2.5,18,53,36
India,Assam,Nagaon,"Christianpatty, Nagaon - PCBA",06-04-2025,26.349082,92.68449,PM2.5,55,220,94
India,Assam,Nagaon,"Christianpatty, Nagaon - PCBA",06-04-2025,26.349082,92.68449,NO2,7,16,11
India,Andaman and Nicobar,Sri Vijaya Puram,"Police Line, Sri Vijaya Puram - ANPCC",06-04-2025,11.654054,92.734055,NH3,1,3,1
India,Andhra Pradesh,Vijayawada,"Rajiv Nagar, Vijayawada - APPCB",06-04-2025,16.554731,80.64911,PM2.5,50,92,69
India,Assam,Guwahati,"Railway Colony, Guwahati - PCBA",06-04-2025,26.181742,91.78063,PM2.5,70,327,184
India,Assam,Guwahati,"IITG, Guwahati - PCBA",06-04-2025,26.2028636,91.70046436,NH3,5,5,5
India,Assam,Nagaon,"Christianpatty, Nagaon - PCBA",06-04-2025,26.349082,92.68449,SO2,3,24,13
India,Assam,Nagaon,"Christianpatty, Nagaon - PCBA",06-04-2025,26.349082,92.68449,CO,17,52,46
India,Assam,Nalbari,"Bata Chowk, Nalbari - PCBA",06-04-2025,26.446912,91.439057,OZONE,12,20,15
India,Bihar,Hajipur,"Industrial Area, Hajipur - BSPCB",06-04-2025,25.697189,85.2459,NH3,5,8,7
India,Bihar,Katihar,"Mirchaibari, Katihar - BSPCB",06-04-2025,25.560083,87.553265,PM2.5,27,233,78
India,Bihar,Gaya,"Collectorate, Gaya - BSPCB",06-04-2025,24.7955,84.9994,CO,3,168,33
India,Bihar,Gaya,"SFTI Kusdihra, Gaya - BSPCB",06-04-2025,24.762518,84.982348,CO,2,28,9
India,Bihar,Bhagalpur,"Mayaganj, Bhagalpur - BSPCB",06-04-2025,25.265194,87.012947,NO2,9,11,10
India,Bihar,Bhagalpur,"Mayaganj, Bhagalpur - BSPCB",06-04-2025,25.265194,87.012947,CO,13,44,28
India,Bihar,Bihar Sharif,"D M Colony, Bihar Sharif - BSPCB",06-04-2025,25.204762,85.51496,PM10,NA,NA,NA
India,Bihar,Bihar Sharif,"D M Colony, Bihar Sharif - BSPCB",06-04-2025,25.204762,85.51496,NO2,NA,NA,NA
India,Bihar,Begusarai,"Lohiyanagar, Begusarai - BSPCB",06-04-2025,25.42742023,86.13886079,PM10,62,187,122
India,Bihar,Begusarai,"Lohiyanagar, Begusarai - BSPCB",06-04-2025,25.42742023,86.13886079,OZONE,2,57,7
India,Assam,Sivasagar,"Girls College, Sivasagar - PCBA",06-04-2025,26.987634,94.636574,NO2,25,43,33
India,Bihar,Gaya,"Collectorate, Gaya - BSPCB",06-04-2025,24.7955,84.9994,NO2,1,16,7
India,Bihar,Patna,"Samanpura, Patna - BSPCB",06-04-2025,25.596727,85.085624,OZONE,89,93,91
India,Bihar,Purnia,"Mariam Nagar, Purnia - BSPCB",06-04-2025,25.366336,87.117468,NH3,3,3,3
India,Bihar,Rajgir,"Dangi Tola, Rajgir - BSPCB",06-04-2025,25.0328,85.41948,OZONE,31,44,34
India,Bihar,Saharsa,"Police Line, Saharsa - BSPCB",06-04-2025,25.892357,86.590325,PM2.5,18,263,128
India,Bihar,Saharsa,"Police Line, Saharsa - BSPCB",06-04-2025,25.892357,86.590325,NH3,4,4,4
India,Bihar,Saharsa,"Police Line, Saharsa - BSPCB",06-04-2025,25.892357,86.590325,SO2,4,17,11
India,Bihar,Manguraha,"Forest Rest House, Manguraha - BSPCB",06-04-2025,27.308328,84.531742,SO2,6,7,7
India,Bihar,Manguraha,"Forest Rest House, Manguraha - BSPCB",06-04-2025,27.308328,84.531742,OZONE,12,32,13
India,Bihar,Motihari,"Gandak Colony, Motihari - BSPCB",06-04-2025,26.63086,84.90051,NH3,3,3,3
India,Bihar,Motihari,"Gandak Colony, Motihari - BSPCB",06-04-2025,26.63086,84.90051,CO,47,115,52
India,Bihar,Motihari,"Gandak Colony, Motihari - BSPCB",06-04-2025,26.63086,84.90051,OZONE,12,16,13
India,Bihar,Muzaffarpur,"MIT-Daudpur Kothi, Muzaffarpur - BSPCB",06-04-2025,26.1403345,85.3650192,PM10,9,162,84
India,Bihar,Patna,"Muradpur, Patna - BSPCB",06-04-2025,25.619651,85.147382,OZONE,6,40,16
India,Bihar,Patna,"Rajbansi Nagar, Patna - BSPCB",06-04-2025,25.599486,85.113666,SO2,1,2,1
India,Bihar,Patna,"Rajbansi Nagar, Patna - BSPCB",06-04-2025,25.599486,85.113666,CO,10,106,45
India,Bihar,Patna,"Samanpura, Patna - BSPCB",06-04-2025,25.596727,85.085624,NO2,40,50,45
India,Bihar,Muzaffarpur,"MIT-Daudpur Kothi, Muzaffarpur - BSPCB",06-04-2025,26.1403345,85.3650192,NH3,3,4,4
India,Bihar,Patna,"DRM Office Danapur, Patna - BSPCB",06-04-2025,25.586562,85.043586,PM2.5,92,400,186
India,Bihar,Patna,"DRM Office Danapur, Patna - BSPCB",06-04-2025,25.586562,85.043586,CO,24,118,52
India,Bihar,Samastipur,"DM Office_Kasipur, Samastipur - BSPCB",06-04-2025,25.859655,85.77944,CO,10,115,22
India,Bihar,Sasaram,"Dada Peer, Sasaram - BSPCB",06-04-2025,24.952822,84.002396,PM2.5,97,343,197
India,Bihar,Patna,"Govt. High School Shikarpur, Patna - BSPCB",06-04-2025,25.592539,85.227158,CO,18,109,61
India,Bihar,Patna,"Govt. High School Shikarpur, Patna - BSPCB",06-04-2025,25.592539,85.227158,OZONE,12,47,23
India,Bihar,Patna,"IGSC Planetarium Complex, Patna - BSPCB",06-04-2025,25.610369,85.132568,CO,17,88,87
India,Bihar,Patna,"IGSC Planetarium Complex, Patna - BSPCB",06-04-2025,25.610369,85.132568,OZONE,41,45,42
India,Bihar,Siwan,"Chitragupta Nagar, Siwan - BSPCB",06-04-2025,26.2271665,84.3570427,CO,82,128,101
India,Chandigarh,Chandigarh,"Sector 22, Chandigarh - CPCC",06-04-2025,30.735567,76.775714,PM10,50,139,96
India,Chhattisgarh,Korba,"Rampur, Korba - CECB",06-04-2025,22.368195,82.746431,NO2,21,32,25
India,Chhattisgarh,Korba,"Rampur, Korba - CECB",06-04-2025,22.368195,82.746431,OZONE,4,9,4
India,Chhattisgarh,Korba,"Urja Nagar, Korba - CECB",06-04-2025,22.348441,82.549611,NO2,83,100,90
India,Chhattisgarh,Korba,"Urja Nagar, Korba - CECB",06-04-2025,22.348441,82.549611,OZONE,35,36,36
India,Chhattisgarh,Kunjemura,"OP Jindal School, Kunjemura - CECB",06-04-2025,22.12665,83.483212,SO2,1,8,5
India,Chhattisgarh,Milupara,"Govt. Higher Secondary School, Milupara - CECB",06-04-2025,22.1910172,83.5197009,PM10,62,338,114
India,Chandigarh,Chandigarh,"Sector 22, Chandigarh - CPCC",06-04-2025,30.735567,76.775714,SO2,11,42,25
India,Chandigarh,Chandigarh,"Sector-25, Chandigarh - CPCC",06-04-2025,30.751462,76.762879,NO2,18,43,29
India,Chandigarh,Chandigarh,"Sector-25, Chandigarh - CPCC",06-04-2025,30.751462,76.762879,CO,12,24,23
India,Chhattisgarh,Bhilai,"Hathkhoj, Bhilai - CECB",06-04-2025,21.224231,81.40835,PM2.5,28,94,54
India,Chhattisgarh,Bhilai,"Hathkhoj, Bhilai - CECB",06-04-2025,21.224231,81.40835,CO,14,78,31
India,Chhattisgarh,Bhilai,"Hathkhoj, Bhilai - CECB",06-04-2025,21.224231,81.40835,OZONE,14,36,24
India,Chhattisgarh,Milupara,"Govt. Higher Secondary School, Milupara - CECB",06-04-2025,22.1910172,83.5197009,NO2,20,96,49
India,Chhattisgarh,Milupara,"Govt. Higher Secondary School, Milupara - CECB",06-04-2025,22.1910172,83.5197009,CO,19,78,35
India,Chhattisgarh,Bhilai,"Civic Center, Bhilai - Bhilai Steel Plant",06-04-2025,21.185571,81.343175,NH3,2,2,2
India,Chhattisgarh,Chhal,"Nawapara SECL Colony, Chhal - CECB",06-04-2025,22.118125,83.140608,SO2,6,6,6
India,Chhattisgarh,Bhilai,"32Bungalows, Bhilai - CECB",06-04-2025,21.194815,81.31477,PM2.5,31,56,43
India,Chhattisgarh,Bhilai,"32Bungalows, Bhilai - CECB",06-04-2025,21.194815,81.31477,NH3,3,5,4
India,Delhi,Delhi,"Anand Vihar, Delhi - DPCC",06-04-2025,28.647622,77.315809,NH3,1,12,6
India,Delhi,Delhi,"Anand Vihar, Delhi - DPCC",06-04-2025,28.647622,77.315809,OZONE,1,31,4
India,Delhi,Delhi,"Ashok Vihar, Delhi - DPCC",06-04-2025,28.695381,77.181665,PM2.5,57,402,281
India,Delhi,Delhi,"Ashok Vihar, Delhi - DPCC",06-04-2025,28.695381,77.181665,PM10,131,403,240
India,Delhi,Delhi,"Ashok Vihar, Delhi - DPCC",06-04-2025,28.695381,77.181665,OZONE,8,181,30
India,Delhi,Delhi,"Jahangirpuri, Delhi - DPCC",06-04-2025,28.73282,77.170633,OZONE,1,150,14
India,Delhi,Delhi,"Lodhi Road, Delhi - IITM",06-04-2025,28.588333,77.221667,PM2.5,55,308,178
India,Delhi,Delhi,"Major Dhyan Chand National Stadium, Delhi - DPCC",06-04-2025,28.611281,77.237738,NO2,17,150,82
India,Chhattisgarh,Raipur,"Siltara Phase-II, Raipur - CECB",06-04-2025,21.371751,81.664929,PM2.5,44,304,96
India,Chhattisgarh,Raipur,"Siltara Phase-II, Raipur - CECB",06-04-2025,21.371751,81.664929,NO2,25,63,40
India,Delhi,Delhi,"Bawana, Delhi - DPCC",06-04-2025,28.7762,77.051074,SO2,11,109,54
India,Delhi,Delhi,"Bawana, Delhi - DPCC",06-04-2025,28.7762,77.051074,CO,16,68,51
India,Delhi,Delhi,"DTU, Delhi - CPCB",06-04-2025,28.7500499,77.1112615,NO2,41,55,45
India,Delhi,Delhi,"DTU, Delhi - CPCB",06-04-2025,28.7500499,77.1112615,OZONE,26,53,26
India,Delhi,Delhi,"Dr. Karni Singh Shooting Range, Delhi - DPCC",06-04-2025,28.498571,77.26484,OZONE,4,142,20
India,Delhi,Delhi,"IGI Airport (T3), Delhi - IMD",06-04-2025,28.5627763,77.1180053,PM10,90,276,151
India,Delhi,Delhi,"Mandir Marg, Delhi - DPCC",06-04-2025,28.636429,77.201067,PM2.5,NA,NA,NA
India,Delhi,Delhi,"Alipur, Delhi - DPCC",06-04-2025,28.815329,77.15301,OZONE,1,9,1
India,Delhi,Delhi,"Patparganj, Delhi - DPCC",06-04-2025,28.623763,77.287209,NO2,26,143,79
India,Delhi,Delhi,"Patparganj, Delhi - DPCC",06-04-2025,28.623763,77.287209,SO2,9,12,10
India,Delhi,Delhi,"Patparganj, Delhi - DPCC",06-04-2025,28.623763,77.287209,CO,35,103,49
India,Delhi,Delhi,"Patparganj, Delhi - DPCC",06-04-2025,28.623763,77.287209,OZONE,1,177,6
India,Delhi,Delhi,"Punjabi Bagh, Delhi - DPCC",06-04-2025,28.674045,77.131023,NO2,35,99,63
India,Delhi,Delhi,"Punjabi Bagh, Delhi - DPCC",06-04-2025,28.674045,77.131023,NH3,6,10,8
India,Delhi,Delhi,"Rohini, Delhi - DPCC",06-04-2025,28.732528,77.11992,SO2,10,95,35
India,Delhi,Delhi,"Shadipur, Delhi - CPCB",06-04-2025,28.6514781,77.1473105,SO2,1,28,17
India,Delhi,Delhi,"Sirifort, Delhi - CPCB",06-04-2025,28.5504249,77.2159377,NH3,8,21,14
India,Delhi,Delhi,"Narela, Delhi - DPCC",06-04-2025,28.822836,77.101981,PM2.5,42,408,208
India,Delhi,Delhi,"Narela, Delhi - DPCC",06-04-2025,28.822836,77.101981,PM10,96,412,200
India,Delhi,Delhi,"Narela, Delhi - DPCC",06-04-2025,28.822836,77.101981,CO,6,48,38
India,Delhi,Delhi,"NSIT Dwarka, Delhi - CPCB",06-04-2025,28.60909,77.0325413,NH3,8,10,9
India,Delhi,Delhi,"NSIT Dwarka, Delhi - CPCB",06-04-2025,28.60909,77.0325413,SO2,2,20,11
India,Delhi,Delhi,"NSIT Dwarka, Delhi - CPCB",06-04-2025,28.60909,77.0325413,OZONE,13,52,16
India,Delhi,Delhi,"Mandir Marg, Delhi - DPCC",06-04-2025,28.636429,77.201067,SO2,12,22,17
India,Delhi,Delhi,"Mundka, Delhi - DPCC",06-04-2025,28.684678,77.076574,PM10,167,415,298
India,Delhi,Delhi,"Pusa, Delhi - IMD",06-04-2025,28.63611,77.173332,CO,NA,NA,NA
India,Delhi,Delhi,"R K Puram, Delhi - DPCC",06-04-2025,28.563262,77.186937,PM2.5,65,339,222
India,Delhi,Delhi,"Okhla Phase-2, Delhi - DPCC",06-04-2025,28.530785,77.271255,NO2,35,125,82
India,Delhi,Delhi,"Najafgarh, Delhi - DPCC",06-04-2025,28.570173,76.933762,SO2,9,34,18
India,Delhi,Delhi,"Mundka, Delhi - DPCC",06-04-2025,28.684678,77.076574,OZONE,5,91,12
India,Delhi,Delhi,"Vivek Vihar, Delhi - DPCC",06-04-2025,28.672342,77.31526,PM10,115,288,168
India,Delhi,Delhi,"Vivek Vihar, Delhi - DPCC",06-04-2025,28.672342,77.31526,OZONE,4,158,27
India,Delhi,Delhi,"Wazirpur, Delhi - DPCC",06-04-2025,28.699793,77.165453,PM2.5,60,425,232
India,Delhi,Delhi,"Wazirpur, Delhi - DPCC",06-04-2025,28.699793,77.165453,PM10,130,423,237
India,Gujarat,Ahmedabad,"Sardar Vallabhbhai Patel Stadium, Ahmedabad - IITM",06-04-2025,23.04307,72.562968,CO,17,152,25
India,Gujarat,Ankleshwar,"GIDC, Ankleshwar - GPCB",06-04-2025,21.613267,73.010555,PM10,39,132,71
India,Gujarat,Ahmedabad,"Gyaspur, Ahmedabad - IITM",06-04-2025,22.977134,72.553024,PM10,78,373,179
India,Gujarat,Ahmedabad,"Gyaspur, Ahmedabad - IITM",06-04-2025,22.977134,72.553024,NH3,1,40,10
India,Gujarat,Ahmedabad,"Rakhial, Ahmedabad - IITM",06-04-2025,23.016834,72.625775,NO2,5,11,8
India,Gujarat,Ahmedabad,"Rakhial, Ahmedabad - IITM",06-04-2025,23.016834,72.625775,OZONE,2,91,15
India,Gujarat,Ahmedabad,"SVPI Airport Hansol, Ahmedabad - IITM",06-04-2025,23.076793,72.627874,CO,12,107,19
India,Gujarat,Ahmedabad,"SVPI Airport Hansol, Ahmedabad - IITM",06-04-2025,23.076793,72.627874,SO2,NA,NA,NA
India,Gujarat,Ahmedabad,"Maninagar, Ahmedabad - GPCB",06-04-2025,23.002657,72.591912,PM10,46,414,145
India,Gujarat,Ahmedabad,"Raikhad, Ahmedabad - IITM",06-04-2025,23.020509,72.579261,PM2.5,9,279,85
India,Gujarat,Ahmedabad,"Raikhad, Ahmedabad - IITM",06-04-2025,23.020509,72.579261,SO2,13,58,24
India,Jammu and Kashmir,Srinagar,"Rajbagh, Srinagar - JKSPCB",06-04-2025,34.066206,74.81982,CO,12,18,14
India,Jharkhand,Dhanbad,"Sardar Patel Nagar, Dhanbad - JSPCB",06-04-2025,23.80569,86.44268,CO,1,136,2
India,Karnataka,Bagalkot,"Vidayagiri, Bagalkot - KSPCB",06-04-2025,16.172806,75.659694,PM10,46,46,46
India,Karnataka,Bengaluru,"Bapuji Nagar, Bengaluru - KSPCB",06-04-2025,12.951913,77.539784,NO2,5,15,8
India,Karnataka,Bengaluru,"Bapuji Nagar, Bengaluru - KSPCB",06-04-2025,12.951913,77.539784,SO2,18,33,28
India,Karnataka,Bengaluru,"City Railway Station, Bengaluru - KSPCB",06-04-2025,12.9756843,77.5660749,SO2,7,17,11
India,Karnataka,Bengaluru,"Hebbal, Bengaluru - KSPCB",06-04-2025,13.029152,77.585901,PM2.5,12,54,28
India,Karnataka,Bengaluru,"BTM Layout, Bengaluru - CPCB",06-04-2025,12.9135218,77.5950804,NH3,NA,NA,NA
India,Karnataka,Bengaluru,"BTM Layout, Bengaluru - CPCB",06-04-2025,12.9135218,77.5950804,CO,18,31,28
India,Karnataka,Bengaluru,"Bapuji Nagar, Bengaluru - KSPCB",06-04-2025,12.951913,77.539784,PM10,44,129,76
India,Gujarat,Vatva,"Phase-4 GIDC, Vatva - GPCB",06-04-2025,22.969611,72.6435,CO,60,107,82
India,Haryana,Gurugram,"NISE Gwal Pahari, Gurugram - IMD",06-04-2025,28.422681,77.148944,OZONE,43,224,59
India,Haryana,Panchgaon,"Amity University, Panchgaon - IITM",06-04-2025,28.3153,76.9143,PM10,26,55,40
India,Haryana,Panchgaon,"Amity University, Panchgaon - IITM",06-04-2025,28.3153,76.9143,NO2,49,57,51
India,Haryana,Panchgaon,"Amity University, Panchgaon - IITM",06-04-2025,28.3153,76.9143,OZONE,4,178,14
India,Karnataka,Bengaluru,"Hombegowda Nagar, Bengaluru - KSPCB",06-04-2025,12.938539,77.5901,SO2,10,26,14
India,Karnataka,Bengaluru,"Jayanagar 5th Block, Bengaluru - KSPCB",06-04-2025,12.920984,77.584908,PM2.5,16,58,33
India,Himachal Pradesh,Baddi,"HIMUDA Complex Phase-1, Baddi - HPPCB",06-04-2025,30.943887,76.801991,SO2,6,108,50
India,Karnataka,Bengaluru,"BTM Layout, Bengaluru - CPCB",06-04-2025,12.9135218,77.5950804,PM10,27,122,62
India,Jammu and Kashmir,Srinagar,"Rajbagh, Srinagar - JKSPCB",06-04-2025,34.066206,74.81982,NO2,21,21,21
India,Karnataka,Chikkaballapur,"Chikkaballapur Rural, Chikkaballapur - KSPCB",06-04-2025,13.428828,77.731418,SO2,14,23,17
India,Karnataka,Chikkamagaluru,"Kalyana Nagara, Chikkamagaluru - KSPCB",06-04-2025,13.328028,75.797056,PM10,NA,NA,NA
India,Karnataka,Davanagere,"Devaraj Urs Badavane, Davanagere - KSPCB",06-04-2025,14.4758,75.9052,PM2.5,13,75,39
India,Karnataka,Davanagere,"Devaraj Urs Badavane, Davanagere - KSPCB",06-04-2025,14.4758,75.9052,NO2,10,15,12
India,Karnataka,Davanagere,"Devaraj Urs Badavane, Davanagere - KSPCB",06-04-2025,14.4758,75.9052,SO2,5,9,7
India,Karnataka,Dharwad,"Kalabhavan, Dharwad - KSPCB",06-04-2025,15.459706,75.008381,NH3,3,4,4
India,Karnataka,Dharwad,"Kalabhavan, Dharwad - KSPCB",06-04-2025,15.459706,75.008381,SO2,1,4,2
India,Karnataka,Dharwad,"Kalabhavan, Dharwad - KSPCB",06-04-2025,15.459706,75.008381,CO,48,110,65
India,Karnataka,Dharwad,"Kalabhavan, Dharwad - KSPCB",06-04-2025,15.459706,75.008381,OZONE,6,32,18
India,Karnataka,Gadag,"Panchal Nagar, Gadag - KSPCB",06-04-2025,15.411456,75.638133,CO,44,48,44
India,Karnataka,Haveri,"Ashwini Nagar, Haveri - KSPCB",06-04-2025,14.7918,75.3896,PM2.5,37,57,43
India,Karnataka,Haveri,"Ashwini Nagar, Haveri - KSPCB",06-04-2025,14.7918,75.3896,PM10,42,65,49
India,Karnataka,Hubballi,"Lingaraj Nagar, Hubballi - KSPCB",06-04-2025,15.3714823,75.1160168,PM2.5,32,37,35
India,Karnataka,Hubballi,"Lingaraj Nagar, Hubballi - KSPCB",06-04-2025,15.3714823,75.1160168,PM10,45,50,47
India,Karnataka,Shivamogga,"Vinoba Nagara, Shivamogga - KSPCB",06-04-2025,13.94,75.555917,PM2.5,24,29,25
India,Karnataka,Tumakuru,"Thimmalapura, Tumakuru - KSPCB",06-04-2025,13.377516,77.099072,NH3,2,2,2
India,Karnataka,Yadgir,"Collector Office, Yadgir - KSPCB",06-04-2025,16.7602,77.1428,PM10,39,99,55
India,Karnataka,Kalaburagi,"Lal Bahadur Shastri Nagar, Kalaburagi - KSPCB",06-04-2025,17.321993,76.822628,NO2,8,11,9
India,Karnataka,Kalaburagi,"Lal Bahadur Shastri Nagar, Kalaburagi - KSPCB",06-04-2025,17.321993,76.822628,SO2,32,38,34
India,Karnataka,Kalaburagi,"Mahatma Basaveswar Colony, Kalaburgi - KSPCB",06-04-2025,17.336318,76.847397,PM2.5,11,53,31
India,Karnataka,Bengaluru,"Kasturi Nagar, Bengaluru - KSPCB",06-04-2025,13.003872,77.664217,OZONE,28,29,29
India,Karnataka,Bengaluru,"Peenya, Bengaluru - CPCB",06-04-2025,13.0270199,77.494094,NH3,4,5,5
India,Karnataka,Bengaluru,"Peenya, Bengaluru - CPCB",06-04-2025,13.0270199,77.494094,SO2,3,13,7
India,Karnataka,Kalaburagi,"Mahatma Basaveswar Colony, Kalaburgi - KSPCB",06-04-2025,17.336318,76.847397,CO,33,48,36
India,Karnataka,Madikeri,"Stuart Hill, Madikeri - KSPCB",06-04-2025,12.415911,75.73505,PM2.5,7,28,16
India,Karnataka,Chamarajanagar,"Urban, Chamarajanagar - KSPCB",06-04-2025,11.55358,76.55521,PM10,25,58,46
India,Karnataka,Chamarajanagar,"Urban, Chamarajanagar - KSPCB",06-04-2025,11.55358,76.55521,NO2,15,35,29
India,Karnataka,Bengaluru,"Jayanagar 5th Block, Bengaluru - KSPCB",06-04-2025,12.920984,77.584908,NH3,1,3,1
India,Karnataka,Mysuru,"Hebbal 1st Stage, Mysuru - KSPCB",06-04-2025,12.21041,76.37376,PM2.5,14,29,21
India,Kerala,Eloor,"Udyogamandal, Eloor - Kerala PCB",06-04-2025,10.073232,76.302765,NH3,1,1,1
India,Kerala,Kannur,"Thavakkara, Kannur - Kerala PCB",06-04-2025,11.875,75.3732,PM2.5,50,55,52
India,Madhya Pradesh,Gwalior,"City Center, Gwalior - MPPCB",06-04-2025,26.203442,78.193251,PM2.5,30,329,148
India,Madhya Pradesh,Gwalior,"City Center, Gwalior - MPPCB",06-04-2025,26.203442,78.193251,NH3,2,3,3
India,Madhya Pradesh,Dewas,"Bhopal Chauraha, Dewas - MPPCB",06-04-2025,22.9682591,76.064118,NO2,72,126,96
India,Madhya Pradesh,Dewas,"Bhopal Chauraha, Dewas - MPPCB",06-04-2025,22.9682591,76.064118,SO2,50,82,67
India,Madhya Pradesh,Bhopal,"T T Nagar, Bhopal - MPPCB",06-04-2025,23.233584,77.400574,SO2,8,27,18
India,Madhya Pradesh,Bhopal,"T T Nagar, Bhopal - MPPCB",06-04-2025,23.233584,77.400574,CO,18,57,43
India,Kerala,Thiruvananthapuram,"Plammoodu, Thiruvananthapuram - Kerala PCB",06-04-2025,8.5149093,76.9435879,SO2,12,24,17
India,Kerala,Thiruvananthapuram,"Kariavattom, Thiruvananthapuram - Kerala PCB",06-04-2025,8.5637,76.8865,CO,18,36,23
India,Madhya Pradesh,Gwalior,"City Center, Gwalior - MPPCB",06-04-2025,26.203442,78.193251,CO,38,130,62
India,Madhya Pradesh,Bhopal,"T T Nagar, Bhopal - MPPCB",06-04-2025,23.233584,77.400574,PM2.5,12,63,40
India,Kerala,Kollam,"Polayathode, Kollam - Kerala PCB",06-04-2025,8.8787,76.6073,PM10,59,66,62
India,Madhya Pradesh,Jabalpur,"Govindh Bhavan Colony, Jabalpur - JMC",06-04-2025,23.163174,79.973061,PM10,62,113,94
India,Madhya Pradesh,Jabalpur,"Govindh Bhavan Colony, Jabalpur - JMC",06-04-2025,23.163174,79.973061,SO2,8,111,52
India,Madhya Pradesh,Jabalpur,"Govindh Bhavan Colony, Jabalpur - JMC",06-04-2025,23.163174,79.973061,CO,4,50,43
India,Madhya Pradesh,Jabalpur,"Gupteshwar, Jabalpur - JMC",06-04-2025,23.142888,79.916147,PM10,NA,NA,NA
India,Madhya Pradesh,Jabalpur,"Marhatal, Jabalpur - MPPCB",06-04-2025,23.168606,79.932247,NO2,24,108,50
India,Madhya Pradesh,Jabalpur,"Suhagi, Jabalpur - JMC",06-04-2025,23.218135,79.95777,PM10,55,129,93
India,Madhya Pradesh,Gwalior,"Deen Dayal Nagar, Gwalior - MPPCB",06-04-2025,26.259242,78.216432,NO2,5,100,45
India,Madhya Pradesh,Gwalior,"Maharaj Bada, Gwalior - MPPCB",06-04-2025,26.200388,78.147714,SO2,9,32,20
India,Madhya Pradesh,Gwalior,"Maharaj Bada, Gwalior - MPPCB",06-04-2025,26.200388,78.147714,CO,2,122,29
India,Madhya Pradesh,Gwalior,"Maharaj Bada, Gwalior - MPPCB",06-04-2025,26.200388,78.147714,OZONE,4,172,38
India,Madhya Pradesh,Jabalpur,"Suhagi, Jabalpur - JMC",06-04-2025,23.218135,79.95777,SO2,10,34,25
India,Madhya Pradesh,Katni,"Gole Bazar, Katni - MPPCB",06-04-2025,23.50016,80.23284,PM10,82,268,154
India,Madhya Pradesh,Katni,"Gole Bazar, Katni - MPPCB",06-04-2025,23.50016,80.23284,NH3,2,4,3
India,Madhya Pradesh,Indore,"Chhoti Gwaltoli, Indore - MPPCB",06-04-2025,22.431,75.5213,NH3,1,23,12
India,Madhya Pradesh,Indore,"Chhoti Gwaltoli, Indore - MPPCB",06-04-2025,22.431,75.5213,OZONE,18,110,47
India,Madhya Pradesh,Indore,"Regional Park, Indore - IMC",06-04-2025,22.678,75.8559,PM2.5,47,180,87
India,Madhya Pradesh,Mandideep,"Sector-D Industrial Area, Mandideep - MPPCB",06-04-2025,23.10844,77.511428,SO2,7,76,24
India,Madhya Pradesh,Pithampur,"Sector-2 Industrial Area, Pithampur - MPPCB",06-04-2025,22.624758,75.675238,PM2.5,42,273,98
India,Madhya Pradesh,Singrauli,"Suryakiran Bhawan NCL, Singrauli - MPPCB",06-04-2025,24.10897,82.64558,NH3,1,11,5
India,Madhya Pradesh,Singrauli,"Suryakiran Bhawan NCL, Singrauli - MPPCB",06-04-2025,24.10897,82.64558,SO2,24,71,43
India,Maharashtra,Amravati,"Shri Shivaji Science College, Amaravati - MPCB",06-04-2025,20.939198,77.765701,PM2.5,32,89,59
India,Maharashtra,Amravati,"Shivneri Colony, Amravati - MPCB",06-04-2025,20.9402359,77.7895248,PM2.5,38,82,58
India,Madhya Pradesh,Maihar,"Sahilara, Maihar - KJS Cements",06-04-2025,24.2613009,80.7231783,NO2,11,12,11
India,Maharashtra,Badlapur,"Katrap, Badlapur - MPCB",06-04-2025,19.16485,73.23409,OZONE,1,114,4
India,Maharashtra,Belapur,"CBD Belapur, Belapur - MPCB",06-04-2025,19.0243902,73.0406721,PM2.5,42,153,83
India,Maharashtra,Belapur,"CBD Belapur, Belapur - MPCB",06-04-2025,19.0243902,73.0406721,PM10,100,191,134
India,Maharashtra,Belapur,"CBD Belapur, Belapur - MPCB",06-04-2025,19.0243902,73.0406721,NH3,6,17,11
India,Maharashtra,Belapur,"CBD Belapur, Belapur - MPCB",06-04-2025,19.0243902,73.0406721,OZONE,6,259,13
India,Maharashtra,Boisar,"Khaira, Boisar - MPCB",06-04-2025,19.786089,72.757971,NO2,18,40,30
India,Maharashtra,Boisar,"Khaira, Boisar - MPCB",06-04-2025,19.786089,72.757971,NH3,3,7,5
India,Maharashtra,Chandrapur,"Chauhan Colony, Chandrapur - MPCB",06-04-2025,19.9629,79.298714,PM10,102,367,183
India,Maharashtra,Kolhapur,"Sinchan Bhavan, Kolhapur - MPCB",06-04-2025,16.7143745,74.2426398,PM2.5,36,69,50
India,Maharashtra,Kolhapur,"Sinchan Bhavan, Kolhapur - MPCB",06-04-2025,16.7143745,74.2426398,NO2,7,40,17
India,Maharashtra,Kolhapur,"Sinchan Bhavan, Kolhapur - MPCB",06-04-2025,16.7143745,74.2426398,NH3,NA,NA,NA
India,Maharashtra,Kolhapur,"Sinchan Bhavan, Kolhapur - MPCB",06-04-2025,16.7143745,74.2426398,SO2,1,2,1
India,Maharashtra,Kolhapur,"Sinchan Bhavan, Kolhapur - MPCB",06-04-2025,16.7143745,74.2426398,CO,13,29,14
India,Maharashtra,Kolhapur,"Sinchan Bhavan, Kolhapur - MPCB",06-04-2025,16.7143745,74.2426398,OZONE,29,99,42
India,Maharashtra,Mahad,"Kamble Tarf Birwadi, Mahad - MPCB",06-04-2025,18.1023399,73.4783687,NH3,7,8,7
India,Maharashtra,Mumbai,"Borivali East, Mumbai - MPCB",06-04-2025,19.2243333,72.8658113,NO2,10,53,25
India,Maharashtra,Mumbai,"Borivali East, Mumbai - MPCB",06-04-2025,19.2243333,72.8658113,CO,4,20,5
India,Maharashtra,Mumbai,"Byculla, Mumbai - BMC",06-04-2025,18.9767,72.838,PM2.5,24,111,47
India,Maharashtra,Mumbai,"Byculla, Mumbai - BMC",06-04-2025,18.9767,72.838,PM10,34,115,60
India,Maharashtra,Mumbai,"Byculla, Mumbai - BMC",06-04-2025,18.9767,72.838,NO2,15,96,41
India,Maharashtra,Mumbai,"Byculla, Mumbai - BMC",06-04-2025,18.9767,72.838,SO2,6,11,8
India,Maharashtra,Mira-Bhayandar,"Bhayandar West, Mira-Bhayandar - MPCB",06-04-2025,19.296481,72.840923,NO2,8,62,20
India,Maharashtra,Mira-Bhayandar,"Bhayandar West, Mira-Bhayandar - MPCB",06-04-2025,19.296481,72.840923,NH3,2,6,4
India,Maharashtra,Mumbai,"Bandra Kurla Complex, Mumbai - MPCB",06-04-2025,19.065931,72.862131,NH3,5,13,10
India,Maharashtra,Mumbai,"Bandra Kurla Complex, Mumbai - MPCB",06-04-2025,19.065931,72.862131,SO2,1,9,4
India,Maharashtra,Mumbai,"Borivali East, Mumbai - IITM",06-04-2025,19.23241,72.86895,NH3,6,7,6
India,Maharashtra,Chandrapur,"Chauhan Colony, Chandrapur - MPCB",06-04-2025,19.9629,79.298714,NO2,21,91,40
India,Maharashtra,Chandrapur,"MIDC Khutala, Chandrapur - MPCB",06-04-2025,19.9775302,79.2337086,PM10,74,172,126
India,Maharashtra,Chandrapur,"MIDC Khutala, Chandrapur - MPCB",06-04-2025,19.9775302,79.2337086,NO2,31,35,33
India,Maharashtra,Chandrapur,"MIDC Khutala, Chandrapur - MPCB",06-04-2025,19.9775302,79.2337086,CO,4,16,13
India,Maharashtra,Jalgaon,"Prabhat Colony, Jalgaon - MPCB",06-04-2025,21.001264,75.565602,PM2.5,44,82,61
India,Maharashtra,Jalgaon,"Prabhat Colony, Jalgaon - MPCB",06-04-2025,21.001264,75.565602,OZONE,1,98,50
India,Maharashtra,Kalyan,"Khadakpada, Kalyan - MPCB",06-04-2025,19.25292,73.142019,NH3,1,2,1
India,Maharashtra,Aurangabad,"More Chowk Waluj, Aurangabad - MPCB",06-04-2025,19.8389439,75.244448,OZONE,5,140,33
India,Maharashtra,Aurangabad,"Rachnakar Colony, Aurangabad - MPCB",06-04-2025,19.863756,75.321188,PM2.5,57,119,83
India,Maharashtra,Mahad,"Kamble Tarf Birwadi, Mahad - MPCB",06-04-2025,18.1023399,73.4783687,OZONE,6,109,11
India,Maharashtra,Aurangabad,"Rachnakar Colony, Aurangabad - MPCB",06-04-2025,19.863756,75.321188,NH3,2,4,3
India,Maharashtra,Mumbai,"Navy Nagar-Colaba, Mumbai - IITM",06-04-2025,18.897756,72.81332,SO2,6,26,16
India,Maharashtra,Mumbai,"Powai, Mumbai - MPCB",06-04-2025,19.1375,72.915056,NH3,2,2,2
India,Maharashtra,Mumbai,"Powai, Mumbai - MPCB",06-04-2025,19.1375,72.915056,CO,16,16,16
India,Maharashtra,Mumbai,"Shivaji Nagar, Mumbai - BMC",06-04-2025,19.060498,72.923356,OZONE,1,121,6
India,Maharashtra,Mumbai,"Siddharth Nagar-Worli, Mumbai - IITM",06-04-2025,19.000083,72.813993,PM10,58,118,78
India,Maharashtra,Mumbai,"Siddharth Nagar-Worli, Mumbai - IITM",06-04-2025,19.000083,72.813993,CO,35,83,71
India,Maharashtra,Mumbai,"Sion, Mumbai - MPCB",06-04-2025,19.047,72.8746,SO2,7,17,11
India,Maharashtra,Mumbai,"Colaba, Mumbai - MPCB",06-04-2025,18.91,72.82,PM2.5,8,44,19
India,Maharashtra,Mumbai,"Kandivali East, Mumbai - MPCB",06-04-2025,19.2058,72.8682,NH3,4,7,5
India,Maharashtra,Mumbai,"Kandivali West, Mumbai - BMC",06-04-2025,19.215859,72.831718,PM10,31,85,55
India,Maharashtra,Mumbai,"Kandivali West, Mumbai - BMC",06-04-2025,19.215859,72.831718,NO2,7,81,24
India,Maharashtra,Mumbai,"Kandivali West, Mumbai - BMC",06-04-2025,19.215859,72.831718,NH3,3,9,6
India,Maharashtra,Mumbai,"Kandivali West, Mumbai - BMC",06-04-2025,19.215859,72.831718,CO,4,42,19
India,Maharashtra,Mumbai,"Worli, Mumbai - MPCB",06-04-2025,18.9936162,72.8128113,SO2,4,10,7
India,Maharashtra,Nagpur,"Ambazari, Nagpur - MPCB",06-04-2025,21.121801,79.04952,CO,14,108,28
India,Maharashtra,Nagpur,"Opp GPO Civil Lines, Nagpur - MPCB",06-04-2025,21.152875,79.0517531,PM2.5,46,171,103
India,Maharashtra,Nagpur,"Ram Nagar, Nagpur - MPCB",06-04-2025,21.143383,79.048912,PM2.5,74,306,129
India,Maharashtra,Mumbai,"Mindspace-Malad West, Mumbai - MPCB",06-04-2025,19.1878657,72.8304069,NO2,6,75,20
India,Maharashtra,Mumbai,"Mindspace-Malad West, Mumbai - MPCB",06-04-2025,19.1878657,72.8304069,NH3,1,4,2
India,Maharashtra,Mumbai,"Mindspace-Malad West, Mumbai - MPCB",06-04-2025,19.1878657,72.8304069,SO2,9,34,14
India,Maharashtra,Mumbai,"Chhatrapati Shivaji Intl. Airport (T2), Mumbai - MPCB",06-04-2025,19.10078,72.87462,CO,26,38,30
India,Maharashtra,Mumbai,"Kherwadi_Bandra East, Mumbai - MPCB",06-04-2025,19.0632143,72.8456324,OZONE,2,70,15
India,Maharashtra,Mumbai,"Khindipada-Bhandup West, Mumbai - IITM",06-04-2025,19.1653323,72.922099,CO,6,61,3
India,Maharashtra,Mumbai,"Worli, Mumbai - MPCB",06-04-2025,18.9936162,72.8128113,PM2.5,60,71,64
India,Maharashtra,Mumbai,"Mazgaon, Mumbai - IITM",06-04-2025,18.96702,72.84214,CO,3,57,40
India,Maharashtra,Nashik,"MIDC Ambad, Nashik - MPCB",06-04-2025,19.95022,73.73148,OZONE,20,86,25
India,Maharashtra,Nashik,"Pandav Nagari, Nashik - MPCB",06-04-2025,19.9591346,73.7788008,PM10,49,135,92
India,Maharashtra,Nashik,"Pandav Nagari, Nashik - MPCB",06-04-2025,19.9591346,73.7788008,NO2,4,40,17
India,Maharashtra,Nashik,"Pandav Nagari, Nashik - MPCB",06-04-2025,19.9591346,73.7788008,CO,7,36,19
India,Maharashtra,Navi Mumbai,"Kopripada-Vashi, Navi Mumbai - MPCB",06-04-2025,19.090337,73.014232,NH3,6,49,17
India,Maharashtra,Navi Mumbai,"Mahape, Navi Mumbai - MPCB",06-04-2025,19.1135051,73.008978,NO2,84,86,85
India,Maharashtra,Nagpur,"Ram Nagar, Nagpur - MPCB",06-04-2025,21.143383,79.048912,OZONE,10,69,18
India,Maharashtra,Nanded,"Sneh Nagar, Nanded - MPCB",06-04-2025,19.173852,77.296291,OZONE,17,114,31
India,Maharashtra,Nashik,"Gangapur Road, Nashik - MPCB",06-04-2025,20.0073285,73.7762427,OZONE,25,87,37
India,Maharashtra,Nashik,"Hirawadi, Nashik - MPCB",06-04-2025,20.021503,73.813844,PM2.5,36,148,80
India,Maharashtra,Nashik,"MIDC Ambad, Nashik - MPCB",06-04-2025,19.95022,73.73148,PM2.5,40,140,73
India,Maharashtra,Navi Mumbai,"Sector-2E Kalamboli, Navi Mumbai - MPCB",06-04-2025,19.02579,73.10297,NO2,22,88,53
India,Maharashtra,Navi Mumbai,"Sector-2E Kalamboli, Navi Mumbai - MPCB",06-04-2025,19.02579,73.10297,NH3,3,11,6
India,Maharashtra,Navi Mumbai,"Sector-2E Kalamboli, Navi Mumbai - MPCB",06-04-2025,19.02579,73.10297,SO2,3,27,13
India,Maharashtra,Navi Mumbai,"Tondare-Taloja, Navi Mumbai - MPCB",06-04-2025,19.063,73.1209,NH3,2,8,4
India,Maharashtra,Pune,"Bhumkar Nagar, Pune - IITM",06-04-2025,18.60577,73.749976,PM2.5,71,314,104
India,Maharashtra,Pune,"Bhumkar Nagar, Pune - IITM",06-04-2025,18.60577,73.749976,NO2,28,61,45
India,Maharashtra,Pune,"Bhumkar Nagar, Pune - IITM",06-04-2025,18.60577,73.749976,CO,62,126,95
India,Maharashtra,Pune,"Bhumkar Nagar, Pune - IITM",06-04-2025,18.60577,73.749976,OZONE,1,101,14
India,Maharashtra,Pimpri-Chinchwad,"Park Street Wakad, Pimpri Chinchwad - MPCB",06-04-2025,18.59051,73.77946,PM2.5,63,125,81
India,Maharashtra,Pimpri-Chinchwad,"Park Street Wakad, Pimpri Chinchwad - MPCB",06-04-2025,18.59051,73.77946,NH3,20,56,32
India,Maharashtra,Pimpri-Chinchwad,"Park Street Wakad, Pimpri Chinchwad - MPCB",06-04-2025,18.59051,73.77946,OZONE,1,72,7
India,Maharashtra,Pimpri-Chinchwad,"Savta Mali Nagar, Pimpri-Chinchwad - IITM",06-04-2025,18.614767,73.799516,CO,4,128,89
India,Maharashtra,Pimpri-Chinchwad,"Thergaon, Pimpri Chinchwad - MPCB",06-04-2025,18.616318,73.765797,PM10,89,167,123
India,Maharashtra,Pimpri-Chinchwad,"Gavalinagar, Pimpri Chinchwad - MPCB",06-04-2025,18.63673,73.82487,SO2,1,19,6
India,Maharashtra,Navi Mumbai,"Mahape, Navi Mumbai - MPCB",06-04-2025,19.1135051,73.008978,CO,36,57,49
India,Maharashtra,Pune,"Katraj Dairy, Pune - MPCB",06-04-2025,18.45445,73.854155,PM10,NA,NA,NA
India,Maharashtra,Virar,"Bolinj, Virar - MPCB",06-04-2025,19.445821,72.7988231,NH3,1,4,3
India,Maharashtra,Virar,"Bolinj, Virar - MPCB",06-04-2025,19.445821,72.7988231,OZONE,2,88,9
India,Manipur,Imphal,"DM College of Science, Imphal - Manipur PCB",06-04-2025,24.8207389,93.9423085,PM2.5,17,49,34
India,Manipur,Imphal,"DM College of Science, Imphal - Manipur PCB",06-04-2025,24.8207389,93.9423085,NH3,2,2,2
India,Meghalaya,Shillong,"JN Stadium, Shillong - Meghalaya PCB",06-04-2025,25.5803419,91.8942571,OZONE,1,30,1
India,Meghalaya,Shillong,"Lumpyngngad, Shillong - Meghalaya PCB",06-04-2025,25.5586,91.8985,CO,10,16,10
India,Mizoram,Aizawl,"Sikulpuikawn, Aizawl - Mizoram PCB",06-04-2025,23.7176342,92.7192841,PM2.5,12,38,25
India,Mizoram,Aizawl,"Sikulpuikawn, Aizawl - Mizoram PCB",06-04-2025,23.7176342,92.7192841,PM10,68,124,100
India,Odisha,Bileipada,"Tata Township, Bileipada - OSPCB",06-04-2025,22.06156703,85.47409613,CO,20,52,37
India,Odisha,Brajrajnagar,"GM Office, Brajrajnagar - OSPCB",06-04-2025,21.8004996,83.8396977,NO2,19,20,19
India,Odisha,Brajrajnagar,"GM Office, Brajrajnagar - OSPCB",06-04-2025,21.8004996,83.8396977,OZONE,2,58,9
India,Odisha,Byasanagar,"Ferro Chrome Colony, Byasanagar - OSPCB",06-04-2025,20.94185,86.1151,NH3,1,4,2
India,Odisha,Byasanagar,"Ferro Chrome Colony, Byasanagar - OSPCB",06-04-2025,20.94185,86.1151,CO,8,82,24
India,Odisha,Cuttack,"CDA Area, Cuttack - OSPCB",06-04-2025,20.48891,85.84768,NO2,10,38,22
India,Odisha,Cuttack,"CDA Area, Cuttack - OSPCB",06-04-2025,20.48891,85.84768,OZONE,11,239,27
India,Odisha,Keonjhar,"Jagamohanpur, Keonjhar - OSPCB",06-04-2025,21.6439,85.599355,PM2.5,21,66,41
India,Nagaland,Kohima,"PWD Juction, Kohima - NPCB",06-04-2025,25.6635413,94.0989878,PM10,72,170,120
India,Nagaland,Kohima,"PWD Juction, Kohima - NPCB",06-04-2025,25.6635413,94.0989878,NO2,2,4,3
India,Nagaland,Kohima,"PWD Juction, Kohima - NPCB",06-04-2025,25.6635413,94.0989878,NH3,1,1,1
India,Nagaland,Kohima,"PWD Juction, Kohima - NPCB",06-04-2025,25.6635413,94.0989878,SO2,59,65,60
India,Odisha,Balasore,"Kalidaspur, Balasore - OSPCB",06-04-2025,21.51161,86.89088,PM10,57,176,115
India,Odisha,Balasore,"Kalidaspur, Balasore - OSPCB",06-04-2025,21.51161,86.89088,NO2,6,33,16
India,Odisha,Balasore,"Kalidaspur, Balasore - OSPCB",06-04-2025,21.51161,86.89088,CO,36,67,39
India,Maharashtra,Pune,"Revenue Colony-Shivajinagar, Pune - IITM",06-04-2025,18.530085,73.849598,OZONE,1,73,2
India,Maharashtra,Pune,"Savitribai Phule Pune University, Pune - MPCB",06-04-2025,18.547056,73.826908,PM10,55,362,104
India,Maharashtra,Pune,"Savitribai Phule Pune University, Pune - MPCB",06-04-2025,18.547056,73.826908,NO2,7,36,21
India,Maharashtra,Solapur,"Ratandeep Housing Society, Solapur - MPCB",06-04-2025,17.65439,75.90649,PM2.5,40,158,77
India,Maharashtra,Solapur,"Solapur, Solapur - MPCB",06-04-2025,17.6599188,75.9063906,PM10,109,127,125
India,Maharashtra,Thane,"Kasarvadavali, Thane - MPCB",06-04-2025,19.26777,72.97182,NH3,5,22,9
India,Maharashtra,Thane,"Kasarvadavali, Thane - MPCB",06-04-2025,19.26777,72.97182,CO,4,72,42
India,Maharashtra,Thane,"Upvan Fort, Thane - MPCB",06-04-2025,19.222279,72.957979,PM2.5,32,138,64
India,Maharashtra,Thane,"Upvan Fort, Thane - MPCB",06-04-2025,19.222279,72.957979,NO2,10,92,36
India,Odisha,Bhubaneswar,"Lingraj Mandir, Bhubaneswar - OSPCB",06-04-2025,20.24079,85.836784,PM2.5,32,173,68
India,Odisha,Bhubaneswar,"Patia, Bhubaneswar - OSPCB",06-04-2025,20.34652,85.8163,NH3,2,4,2
India,Odisha,Rourkela,"Raghunathpali, Rourkela - OSPCB",06-04-2025,22.220833,84.809444,PM10,152,337,209
India,Odisha,Rourkela,"Raghunathpali, Rourkela - OSPCB",06-04-2025,22.220833,84.809444,NO2,6,10,8
India,Odisha,Rairangpur,"Divisional Forest Office, Rairangpur - OSPCB",06-04-2025,22.265816,86.174829,PM10,NA,NA,NA
India,Odisha,Nayagarh,"Dabuna, Nayagarh - OSPCB",06-04-2025,21.847279,85.416905,CO,26,42,40
India,Odisha,Suakati,"OMC Colony, Suakati - OSPCB",06-04-2025,21.606865,85.510538,PM10,93,114,105
India,Odisha,Talcher,"Talcher Coalfields,Talcher - OSPCB",06-04-2025,20.9360711,85.1707021,PM2.5,12,336,133
India,Odisha,Talcher,"Talcher Coalfields,Talcher - OSPCB",06-04-2025,20.9360711,85.1707021,OZONE,1,8,2
India,Odisha,Tensa,"Barsua Iron Ore Mines, Tensa - OSPCB",06-04-2025,21.869985,85.167016,CO,31,36,33
India,Puducherry,Puducherry,"Jawahar Nagar, Puducherry - PPCC",06-04-2025,11.9309,79.8027,PM10,13,44,25
India,Rajasthan,Alwar,"Moti Doongri, Alwar - RSPCB",06-04-2025,27.554793,76.611536,OZONE,11,66,16
India,Rajasthan,Banswara,"Rati Talai, Banswara - RSPCB",06-04-2025,23.55519,74.44001,SO2,1,20,9
India,Rajasthan,Baran,"Bamboliya, Baran - RSPCB",06-04-2025,25.106006,76.469948,SO2,3,17,7
India,Rajasthan,Baran,"Bamboliya, Baran - RSPCB",06-04-2025,25.106006,76.469948,OZONE,8,170,25
India,Rajasthan,Barmer,"Railway Colony, Barmer - RSPCB",06-04-2025,25.747299,71.393989,NH3,5,8,6
India,Punjab,Mandi Gobindgarh,"RIMT University, Mandi Gobindgarh - PPCB",06-04-2025,30.649961,76.331442,NH3,6,7,7
India,Punjab,Patiala,"Model Town, Patiala - PPCB",06-04-2025,30.349388,76.366642,PM2.5,37,90,62
India,Punjab,Patiala,"Model Town, Patiala - PPCB",06-04-2025,30.349388,76.366642,NO2,18,47,25
India,Punjab,Rupnagar,"Ratanpura, Rupnagar - Ambuja Cements",06-04-2025,31.0325454,76.5623046,PM2.5,39,386,110
India,Punjab,Jalandhar,"Civil Line, Jalandhar - PPCB",06-04-2025,31.321907,75.578914,PM2.5,49,238,122
India,Punjab,Jalandhar,"Civil Line, Jalandhar - PPCB",06-04-2025,31.321907,75.578914,SO2,18,20,19
India,Punjab,Jalandhar,"Civil Line, Jalandhar - PPCB",06-04-2025,31.321907,75.578914,OZONE,7,77,17
India,Punjab,Khanna,"Kalal Majra, Khanna - PPCB",06-04-2025,30.736056,76.209694,PM10,56,111,85
India,Rajasthan,Bharatpur,"Krishna Nagar, Bharatpur - RSPCB",06-04-2025,27.215415,77.50873,OZONE,58,142,63
India,Rajasthan,Bhilwara,"Pratap Nagar, Bhilwara - RSPCB",06-04-2025,25.339605,74.618883,PM2.5,29,101,59
India,Rajasthan,Bhilwara,"Pratap Nagar, Bhilwara - RSPCB",06-04-2025,25.339605,74.618883,NO2,6,99,26
India,Rajasthan,Bhilwara,"Pratap Nagar, Bhilwara - RSPCB",06-04-2025,25.339605,74.618883,SO2,25,49,32
India,Rajasthan,Ajmer,"Civil Lines,  Ajmer - RSPCB",06-04-2025,26.470859,74.646594,NH3,7,8,8
India,Rajasthan,Ajmer,"Civil Lines,  Ajmer - RSPCB",06-04-2025,26.470859,74.646594,SO2,8,14,11
India,Rajasthan,Alwar,"Moti Doongri, Alwar - RSPCB",06-04-2025,27.554793,76.611536,NO2,69,114,96
India,Rajasthan,Alwar,"Moti Doongri, Alwar - RSPCB",06-04-2025,27.554793,76.611536,NH3,13,23,19
India,Punjab,Rupnagar,"Ratanpura, Rupnagar - Ambuja Cements",06-04-2025,31.0325454,76.5623046,NO2,14,26,17
India,Rajasthan,Bhiwadi,"RIICO Ind. Area III, Bhiwadi - RSPCB",06-04-2025,28.194909,76.862296,PM2.5,NA,NA,NA
India,Punjab,Bathinda,"Hardev Nagar, Bathinda - PPCB",06-04-2025,30.233011,74.907758,PM10,NA,NA,NA
India,Rajasthan,Dausa,"Khatikan Mohalla, Dausa - RSPCB",06-04-2025,26.895552,76.334753,OZONE,4,136,19
India,Rajasthan,Dholpur,"Raja Ganj, Dholpur - RSPCB",06-04-2025,26.699557,77.898881,CO,18,50,36
India,Rajasthan,Dholpur,"Raja Ganj, Dholpur - RSPCB",06-04-2025,26.699557,77.898881,OZONE,34,108,50
India,Rajasthan,Dungarpur,"Bhoiwada, Dungarpur - RSPCB",06-04-2025,23.837789,73.714926,NO2,5,33,16
India,Rajasthan,Dungarpur,"Bhoiwada, Dungarpur - RSPCB",06-04-2025,23.837789,73.714926,CO,13,35,24
India,Rajasthan,Hanumangarh,"Housing Board, Hanumangarh - RSPCB",06-04-2025,29.61075,74.283608,PM2.5,18,323,100
India,Rajasthan,Hanumangarh,"Housing Board, Hanumangarh - RSPCB",06-04-2025,29.61075,74.283608,PM10,85,260,152
India,Rajasthan,Hanumangarh,"Housing Board, Hanumangarh - RSPCB",06-04-2025,29.61075,74.283608,NH3,12,31,18
India,Rajasthan,Hanumangarh,"Housing Board, Hanumangarh - RSPCB",06-04-2025,29.61075,74.283608,CO,43,77,65
India,Rajasthan,Jaipur,"Adarsh Nagar, Jaipur - RSPCB",06-04-2025,26.902909,75.836858,PM10,74,119,100
India,Rajasthan,Jaipur,"Adarsh Nagar, Jaipur - RSPCB",06-04-2025,26.902909,75.836858,NH3,4,26,10
India,Rajasthan,Jaipur,"Mansarovar Sector-12, Jaipur - RSPCB",06-04-2025,26.843698,75.766894,PM10,84,255,127
India,Rajasthan,Jaipur,"Mansarovar Sector-12, Jaipur - RSPCB",06-04-2025,26.843698,75.766894,SO2,5,57,15
India,Rajasthan,Jaipur,"Police Commissionerate, Jaipur - RSPCB",06-04-2025,26.9164092,75.7994901,OZONE,10,59,21
India,Rajasthan,Jaipur,"RIICO Sitapura, Jaipur - RSPCB",06-04-2025,26.786682,75.827928,CO,48,110,96
India,Rajasthan,Jaipur,"Sector-2 Murlipura, Jaipur - RSPCB",06-04-2025,26.960669,75.771817,PM2.5,59,362,127
India,Rajasthan,Jaipur,"Shastri Nagar, Jaipur - RSPCB",06-04-2025,26.9502929,75.730943,PM10,90,188,127
India,Rajasthan,Bundi,"New Colony, Bundi - RSPCB",06-04-2025,25.435774,75.644272,SO2,10,19,12
India,Rajasthan,Chittorgarh,"Shastri Nagar, Chittorgarh - RSPCB",06-04-2025,24.892047,74.623527,PM10,56,296,133
India,Rajasthan,Chittorgarh,"Shastri Nagar, Chittorgarh - RSPCB",06-04-2025,24.892047,74.623527,SO2,4,91,14
India,Rajasthan,Jaipur,"Shastri Nagar, Jaipur - RSPCB",06-04-2025,26.9502929,75.730943,SO2,16,30,21
India,Rajasthan,Jaisalmer,"Sadar Bazar, Jaisalmer - RSPCB",06-04-2025,26.912329,70.909168,PM2.5,26,63,47
India,Rajasthan,Bhiwadi,"Vasundhara Nagar_UIT, Bhiwadi - RSPCB",06-04-2025,28.207266,76.829265,OZONE,8,182,25
India,Rajasthan,Jhalawar,"Rajlaxmi Nagar, Jhalawar - RSPCB",06-04-2025,24.588397,76.172782,OZONE,7,88,18
India,Rajasthan,Jodhpur,"Collectorate, Jodhpur - RSPCB",06-04-2025,26.268249,73.0193853,NO2,4,25,13
India,Rajasthan,Jodhpur,"Mandor, Jodhpur - RSPCB",06-04-2025,26.358805,73.047444,NO2,15,86,38
India,Rajasthan,Karauli,"Satyawati Vihar, Karauli - RSPCB",06-04-2025,26.506177,77.025989,NH3,1,4,2
India,Rajasthan,Kota,"Dhanmandi, Kota - RSPCB",06-04-2025,25.16409,75.858137,PM10,76,172,114
India,Rajasthan,Kota,"Dhanmandi, Kota - RSPCB",06-04-2025,25.16409,75.858137,NO2,34,147,80
India,Rajasthan,Kota,"Nayapura, Kota - RSPCB",06-04-2025,25.196024,75.855668,NO2,13,111,53
India,Rajasthan,Kota,"Nayapura, Kota - RSPCB",06-04-2025,25.196024,75.855668,SO2,4,14,8
India,Rajasthan,Kota,"Shrinath Puram, Kota - RSPCB",06-04-2025,25.14389,75.821256,PM10,71,283,126
India,Rajasthan,Kota,"Shrinath Puram, Kota - RSPCB",06-04-2025,25.14389,75.821256,OZONE,14,132,38
India,Rajasthan,Nagaur,"Karni Colony, Nagaur - RSPCB",06-04-2025,27.213494,73.734444,PM2.5,32,305,80
India,Rajasthan,Nagaur,"Karni Colony, Nagaur - RSPCB",06-04-2025,27.213494,73.734444,NO2,7,60,26
India,Rajasthan,Pali,"Indira Colony Vistar, Pali - RSPCB",06-04-2025,25.771061,73.340227,PM10,113,339,178
India,Rajasthan,Pratapgarh,"Pragati Nagar, Pratapgarh - RSPCB",06-04-2025,24.041198,74.780702,PM2.5,48,292,87
India,Rajasthan,Pratapgarh,"Pragati Nagar, Pratapgarh - RSPCB",06-04-2025,24.041198,74.780702,OZONE,19,154,32
India,Sikkim,Gangtok,"Zero Point GICI, Gangtok - SSPCB",06-04-2025,27.33853,88.614099,PM2.5,99,180,147
India,Sikkim,Gangtok,"Zero Point GICI, Gangtok - SSPCB",06-04-2025,27.33853,88.614099,PM10,116,159,138
India,TamilNadu,Ariyalur,"Keelapalur, Ariyalur - TNPCB",06-04-2025,11.06825,79.07033,PM2.5,18,44,32
India,Rajasthan,Sri Ganganagar,"Old City, Sri Ganganagar - RSPCB",06-04-2025,29.931624,73.864511,SO2,3,82,15
India,Rajasthan,Tonk,"Shastri Nagar, Tonk - RSPCB",06-04-2025,26.159933,75.780517,PM2.5,37,140,72
India,Rajasthan,Jodhpur,"Samrat Ashok Udhyan, Jodhpur - RSPCB",06-04-2025,26.253384,72.976571,PM10,69,230,121
India,Rajasthan,Jodhpur,"Samrat Ashok Udhyan, Jodhpur - RSPCB",06-04-2025,26.253384,72.976571,NH3,9,12,11
India,Rajasthan,Sirohi,"Vedhaynath Colony, Sirohi - RSPCB",06-04-2025,24.885261,72.857549,NO2,7,70,23
India,Rajasthan,Rajsamand,"Dhoinda, Rajsamand - RSPCB",06-04-2025,25.03636,73.883502,OZONE,24,141,74
India,Rajasthan,Sikar,"Radhakishan Pura, Sikar - RSPCB",06-04-2025,27.608912,75.153302,SO2,1,16,7
India,Rajasthan,Rajsamand,"Dhoinda, Rajsamand - RSPCB",06-04-2025,25.03636,73.883502,SO2,1,22,7
India,TamilNadu,Karur,"Kamadenu Nagar, Karur - TNPCB",06-04-2025,10.96782,78.080882,NH3,1,4,2
India,TamilNadu,Madurai,"Uchapatti, Madurai - TNPCB",06-04-2025,9.865935,78.022669,NO2,19,21,20
India,TamilNadu,Nagapattinam,"Velippalayam, Nagapattinam - TNPCB",06-04-2025,10.798548,79.838212,NO2,5,5,5
India,TamilNadu,Nagapattinam,"Velippalayam, Nagapattinam - TNPCB",06-04-2025,10.798548,79.838212,SO2,4,9,6
India,TamilNadu,Namakkal,"Ponnusamy Nagar, Namakkal - TNPCB",06-04-2025,11.273992,78.163545,SO2,13,16,15
India,TamilNadu,Ooty,"Bombay Castel, Ooty - TNPCB",06-04-2025,11.4068288,76.7138973,PM2.5,27,140,61
India,TamilNadu,Ooty,"Bombay Castel, Ooty - TNPCB",06-04-2025,11.4068288,76.7138973,CO,25,27,26
India,TamilNadu,Palkalaiperur,"Bharathidasan University, Palkalaiperur - TNPCB",06-04-2025,10.681158,78.741746,SO2,9,9,9
India,TamilNadu,Chengalpattu,"Crescent University, Chengalpattu - TNPCB",06-04-2025,12.8777316,80.0834807,PM2.5,NA,NA,NA
India,TamilNadu,Chengalpattu,"Crescent University, Chengalpattu - TNPCB",06-04-2025,12.8777316,80.0834807,NO2,NA,NA,NA
India,TamilNadu,Chengalpattu,"Crescent University, Chengalpattu - TNPCB",06-04-2025,12.8777316,80.0834807,NH3,NA,NA,NA
India,TamilNadu,Chennai,"Alandur Bus Depot, Chennai - CPCB",06-04-2025,12.9099161,80.1076538,PM10,16,22,17
India,TamilNadu,Chennai,"Kodungaiyur, Chennai - TNPCB",06-04-2025,13.1278,80.2642,NO2,9,18,14
India,TamilNadu,Chennai,"Kodungaiyur, Chennai - TNPCB",06-04-2025,13.1278,80.2642,CO,6,62,44
India,TamilNadu,Chennai,"Manali Village, Chennai - TNPCB",06-04-2025,13.1662,80.2584,PM10,4,67,34
India,TamilNadu,Chennai,"Manali Village, Chennai - TNPCB",06-04-2025,13.1662,80.2584,CO,26,72,56
India,TamilNadu,Pudukottai,"SIPCOT Nathampannai, Pudukottai - TNPCB",06-04-2025,10.423417,78.784889,PM2.5,7,35,18
India,TamilNadu,Pudukottai,"SIPCOT Nathampannai, Pudukottai - TNPCB",06-04-2025,10.423417,78.784889,NH3,2,3,2
India,TamilNadu,Ranipet,"VOC Nagar_SIPCOT, Ranipet - TNPCB",06-04-2025,12.952707,79.30394,NO2,1,2,1
India,TamilNadu,Ranipet,"VOC Nagar_SIPCOT, Ranipet - TNPCB",06-04-2025,12.952707,79.30394,OZONE,1,1,1
India,TamilNadu,Thanjavur,"Parisutham Nagar, Thanjavur - TNPCB",06-04-2025,10.7654824,79.1389968,PM2.5,18,39,27
India,TamilNadu,Thanjavur,"Parisutham Nagar, Thanjavur - TNPCB",06-04-2025,10.7654824,79.1389968,NO2,4,5,4
India,TamilNadu,Coimbatore,"PSG College of Arts and Science, Coimbatore - TNPCB",06-04-2025,11.0328,77.0349,NH3,2,2,2
India,TamilNadu,Coimbatore,"SIDCO Kurichi, Coimbatore - TNPCB",06-04-2025,10.942451,76.978996,PM10,23,52,35
India,TamilNadu,Coimbatore,"SIDCO Kurichi, Coimbatore - TNPCB",06-04-2025,10.942451,76.978996,SO2,19,20,19
India,TamilNadu,Cuddalore,"Kudikadu, Cuddalore - TNPCB",06-04-2025,11.6829898,79.7532099,PM2.5,NA,NA,NA
India,TamilNadu,Cuddalore,"Kudikadu, Cuddalore - TNPCB",06-04-2025,11.6829898,79.7532099,NO2,NA,NA,NA
India,TamilNadu,Cuddalore,"Semmandalam, Cuddalore - TNPCB",06-04-2025,11.7637683,79.7499835,OZONE,1,2,1
India,TamilNadu,Dindigul,"Mendonsa Colony, Dindigul - TNPCB",06-04-2025,10.358535,77.984321,NH3,1,1,1
India,TamilNadu,Dindigul,"Mendonsa Colony, Dindigul - TNPCB",06-04-2025,10.358535,77.984321,SO2,19,23,21
India,TamilNadu,Chennai,"Manali, Chennai - CPCB",06-04-2025,13.164544,80.26285,NO2,10,20,15
India,TamilNadu,Chennai,"Manali, Chennai - CPCB",06-04-2025,13.164544,80.26285,CO,11,112,101
India,TamilNadu,Chennai,"Perungudi, Chennai - TNPCB",06-04-2025,12.9533,80.2357,PM10,35,146,62
India,TamilNadu,Chennai,"Royapuram, Chennai - TNPCB",06-04-2025,13.1036,80.2909,NO2,8,31,19
India,TamilNadu,Kanchipuram,"Kilambi, Kanchipuram - TNPCB",06-04-2025,12.864618,79.659968,PM2.5,27,74,48
India,TamilNadu,Kanchipuram,"Kilambi, Kanchipuram - TNPCB",06-04-2025,12.864618,79.659968,NH3,4,4,4
India,TamilNadu,Karur,"Kamadenu Nagar, Karur - TNPCB",06-04-2025,10.96782,78.080882,PM10,11,39,28
India,TamilNadu,Karur,"Kamadenu Nagar, Karur - TNPCB",06-04-2025,10.96782,78.080882,NO2,2,38,13
India,TamilNadu,Gummidipoondi,"Anthoni Pillai Nagar, Gummidipoondi - TNPCB",06-04-2025,13.4127,80.1081,PM2.5,13,193,60
India,TamilNadu,Gummidipoondi,"Anthoni Pillai Nagar, Gummidipoondi - TNPCB",06-04-2025,13.4127,80.1081,NH3,2,8,4
India,TamilNadu,Chennai,"Velachery Res. Area, Chennai - CPCB",06-04-2025,13.0052189,80.2398125,CO,38,62,60
India,Tripura,Agartala,"Bardowali, Agartala - Tripura SPCB",06-04-2025,23.8175497,91.2726974,NH3,3,12,4
India,Uttar Pradesh,Agra,"Manoharpur, Agra - UPPCB",06-04-2025,27.23711,78.01936,PM10,34,165,98
India,Uttar Pradesh,Agra,"Manoharpur, Agra - UPPCB",06-04-2025,27.23711,78.01936,CO,5,21,19
India,Uttar Pradesh,Agra,"Manoharpur, Agra - UPPCB",06-04-2025,27.23711,78.01936,OZONE,2,61,13
India,Uttar Pradesh,Agra,"Rohta, Agra - UPPCB",06-04-2025,27.106972,78.000111,PM2.5,28,217,107
India,Uttar Pradesh,Agra,"Rohta, Agra - UPPCB",06-04-2025,27.106972,78.000111,NH3,4,5,5
India,Uttar Pradesh,Agra,"Rohta, Agra - UPPCB",06-04-2025,27.106972,78.000111,CO,22,36,33
India,Uttar Pradesh,Agra,"Rohta, Agra - UPPCB",06-04-2025,27.106972,78.000111,OZONE,9,14,14
India,Uttar Pradesh,Agra,"Sanjay Palace, Agra - UPPCB",06-04-2025,27.19865833,78.00598056,PM10,NA,NA,NA
India,Uttar Pradesh,Agra,"Sanjay Palace, Agra - UPPCB",06-04-2025,27.19865833,78.00598056,OZONE,14,121,33
India,Uttar Pradesh,Agra,"Shahjahan Garden, Agra - UPPCB",06-04-2025,27.169338,78.03582,PM10,53,179,109
India,Uttar Pradesh,Bulandshahr,"Yamunapuram, Bulandshahr - UPPCB",06-04-2025,28.406963,77.849831,OZONE,1,161,5
India,Uttar Pradesh,Firozabad,"Nagla Bhau, Firozabad - UPPCB",06-04-2025,27.168897,78.37696,PM2.5,23,135,51
India,Uttar Pradesh,Firozabad,"Nagla Bhau, Firozabad - UPPCB",06-04-2025,27.168897,78.37696,OZONE,3,8,3
India,Uttar Pradesh,Firozabad,"Vibhab Nagar, Firozabad - UPPCB",06-04-2025,27.1594,78.3953,PM2.5,55,270,94
India,Uttar Pradesh,Ghaziabad,"Indirapuram, Ghaziabad - UPPCB",06-04-2025,28.646233,77.358075,NH3,4,11,6
India,Uttar Pradesh,Ghaziabad,"Indirapuram, Ghaziabad - UPPCB",06-04-2025,28.646233,77.358075,CO,32,40,37
India,Uttar Pradesh,Ghaziabad,"Indirapuram, Ghaziabad - UPPCB",06-04-2025,28.646233,77.358075,OZONE,4,66,10
India,Uttar Pradesh,Ghaziabad,"Loni, Ghaziabad - UPPCB",06-04-2025,28.757294,77.278792,PM10,143,446,259
India,Uttar Pradesh,Agra,"Shastripuram, Agra - UPPCB",06-04-2025,27.19862,77.92066,PM2.5,24,198,61
India,Uttar Pradesh,Agra,"Shastripuram, Agra - UPPCB",06-04-2025,27.19862,77.92066,NH3,NA,NA,NA
India,Uttar Pradesh,Baghpat,"Sardar Patel Inter College, Baghpat - UPPCB",06-04-2025,28.964949,77.278761,NO2,15,90,52
India,Uttar Pradesh,Bareilly,"Civil Lines, Bareilly - UPPCB",06-04-2025,28.359581,79.414455,PM10,NA,NA,NA
India,Uttar Pradesh,Bareilly,"Rajendra Nagar, Bareilly - UPPCB",06-04-2025,28.38910936,79.42963708,PM2.5,23,95,57
India,Uttar Pradesh,Bareilly,"Rajendra Nagar, Bareilly - UPPCB",06-04-2025,28.38910936,79.42963708,NO2,2,3,2
India,Uttar Pradesh,Bareilly,"Rajendra Nagar, Bareilly - UPPCB",06-04-2025,28.38910936,79.42963708,CO,4,33,24
India,Uttar Pradesh,Bareilly,"Rajendra Nagar, Bareilly - UPPCB",06-04-2025,28.38910936,79.42963708,OZONE,1,42,2
India,Telangana,Hyderabad,"Bollaram Industrial Area, Hyderabad - TSPCB",06-04-2025,17.540891,78.358528,CO,20,121,32
India,Telangana,Hyderabad,"ECIL Kapra, Hyderabad - TSPCB",06-04-2025,17.470431,78.566959,PM2.5,40,66,51
India,Telangana,Hyderabad,"ICRISAT Patancheru, Hyderabad - TSPCB",06-04-2025,17.5184,78.278777,SO2,10,21,14
India,Telangana,Hyderabad,"IDA Pashamylaram, Hyderabad - TSPCB",06-04-2025,17.5316895,78.218939,PM10,39,156,107
India,Telangana,Hyderabad,"Sanathnagar, Hyderabad - TSPCB",06-04-2025,17.4559458,78.4332152,SO2,1,8,4
India,Telangana,Hyderabad,"Somajiguda, Hyderabad - TSPCB",06-04-2025,17.417094,78.457437,PM2.5,47,154,92
India,Telangana,Hyderabad,"Somajiguda, Hyderabad - TSPCB",06-04-2025,17.417094,78.457437,NO2,6,8,6
India,Telangana,Hyderabad,"Zoo Park, Hyderabad - TSPCB",06-04-2025,17.349694,78.451437,CO,3,13,8
India,Telangana,Hyderabad,"Kokapet, Hyderabad - TSPCB",06-04-2025,17.393559,78.339194,NH3,NA,NA,NA
India,Telangana,Hyderabad,"Kokapet, Hyderabad - TSPCB",06-04-2025,17.393559,78.339194,CO,NA,NA,NA
India,Telangana,Hyderabad,"Nacharam_TSIIC IALA, Hyderabad - TSPCB",06-04-2025,17.429398,78.569354,PM2.5,NA,NA,NA
India,Telangana,Hyderabad,"Nacharam_TSIIC IALA, Hyderabad - TSPCB",06-04-2025,17.429398,78.569354,NO2,NA,NA,NA
India,Telangana,Hyderabad,"New Malakpet, Hyderabad - TSPCB",06-04-2025,17.37206,78.50864,PM2.5,26,77,47
India,Telangana,Hyderabad,"IDA Pashamylaram, Hyderabad - TSPCB",06-04-2025,17.5316895,78.218939,NO2,30,75,44
India,Telangana,Hyderabad,"IITH Kandi, Hyderabad - TSPCB",06-04-2025,17.585705,78.126199,PM10,NA,NA,NA
India,Telangana,Hyderabad,"Bollaram Industrial Area, Hyderabad - TSPCB",06-04-2025,17.540891,78.358528,SO2,4,14,7
India,TamilNadu,Thanjavur,"Parisutham Nagar, Thanjavur - TNPCB",06-04-2025,10.7654824,79.1389968,OZONE,5,27,12
India,Uttar Pradesh,Khurja,"Kalindi Kunj, Khurja - UPPCB",06-04-2025,28.2348927,77.8683002,OZONE,4,42,4
India,Uttar Pradesh,Lucknow,"B R Ambedkar University, Lucknow - UPPCB",06-04-2025,26.766433,80.927299,PM2.5,27,275,71
India,Uttar Pradesh,Lucknow,"B R Ambedkar University, Lucknow - UPPCB",06-04-2025,26.766433,80.927299,OZONE,2,92,23
India,Uttar Pradesh,Lucknow,"Kendriya Vidyalaya, Lucknow - CPCB",06-04-2025,26.906111,80.948222,NO2,34,49,42
India,Uttar Pradesh,Lucknow,"Kendriya Vidyalaya, Lucknow - CPCB",06-04-2025,26.906111,80.948222,OZONE,6,46,9
India,Uttar Pradesh,Lucknow,"Lalbagh, Lucknow - CPCB",06-04-2025,26.8458805,80.9365541,NH3,NA,NA,NA
India,Uttar Pradesh,Lucknow,"Talkatora District Industries Center, Lucknow - CPCB",06-04-2025,26.83399722,80.8917361,NO2,31,47,38
India,Uttar Pradesh,Lucknow,"Talkatora District Industries Center, Lucknow - CPCB",06-04-2025,26.83399722,80.8917361,SO2,1,49,11
India,Uttar Pradesh,Ghaziabad,"Loni, Ghaziabad - UPPCB",06-04-2025,28.757294,77.278792,CO,70,104,99
India,Uttar Pradesh,Ghaziabad,"Vasundhara, Ghaziabad - UPPCB",06-04-2025,28.6603346,77.3572563,PM2.5,27,263,94
India,Uttar Pradesh,Ghaziabad,"Vasundhara, Ghaziabad - UPPCB",06-04-2025,28.6603346,77.3572563,NO2,7,134,66
India,Uttar Pradesh,Ghaziabad,"Vasundhara, Ghaziabad - UPPCB",06-04-2025,28.6603346,77.3572563,SO2,6,116,22
India,Uttar Pradesh,Greater Noida,"Knowledge Park - III, Greater Noida - UPPCB",06-04-2025,28.47272,77.482,PM2.5,16,113,49
India,Uttar Pradesh,Greater Noida,"Knowledge Park - III, Greater Noida - UPPCB",06-04-2025,28.47272,77.482,NO2,12,151,85
India,Uttar Pradesh,Greater Noida,"Knowledge Park - V, Greater Noida - UPPCB",06-04-2025,28.557054,77.453663,CO,26,101,49
India,Uttar Pradesh,Kanpur,"FTI Kidwai Nagar, Kanpur - UPPCB",06-04-2025,26.428282,80.327067,NH3,2,2,2
India,Uttar Pradesh,Kanpur,"FTI Kidwai Nagar, Kanpur - UPPCB",06-04-2025,26.428282,80.327067,SO2,31,39,34
India,Uttar Pradesh,Kanpur,"FTI Kidwai Nagar, Kanpur - UPPCB",06-04-2025,26.428282,80.327067,CO,22,67,43
India,Uttar Pradesh,Kanpur,"FTI Kidwai Nagar, Kanpur - UPPCB",06-04-2025,26.428282,80.327067,OZONE,5,29,9
India,Uttar Pradesh,Kanpur,"Nehru Nagar, Kanpur - UPPCB",06-04-2025,26.4703136,80.3229863,SO2,12,130,31
India,Uttar Pradesh,Kanpur,"Nehru Nagar, Kanpur - UPPCB",06-04-2025,26.4703136,80.3229863,CO,24,56,50
India,Uttar Pradesh,Kanpur,"Nehru Nagar, Kanpur - UPPCB",06-04-2025,26.4703136,80.3229863,OZONE,6,72,8
India,Uttar Pradesh,Kanpur,"FTI Kidwai Nagar, Kanpur - UPPCB",06-04-2025,26.428282,80.327067,PM10,15,179,118
India,Uttar Pradesh,Kanpur,"Nehru Nagar, Kanpur - UPPCB",06-04-2025,26.4703136,80.3229863,NO2,41,75,59
India,Uttar Pradesh,Meerut,"Ganga Nagar, Meerut - UPPCB",06-04-2025,28.999264,77.7590354,NO2,22,57,39
India,Uttar Pradesh,Varanasi,"IESD Banaras Hindu University, Varanasi - UPPCB",06-04-2025,25.262326,82.995408,NH3,2,11,6
India,Uttar Pradesh,Varanasi,"Maldahiya, Varanasi - UPPCB",06-04-2025,25.32393,82.99687,CO,14,131,83
India,Uttar Pradesh,Vrindavan,"Omex Eternity, Vrindavan - UPPCB",06-04-2025,27.571409,77.655757,PM2.5,10,68,34
India,Uttar Pradesh,Prayagraj,"Nagar Nigam, Prayagraj - UPPCB",06-04-2025,25.44919916,81.82735986,PM10,44,216,126
India,Uttar Pradesh,Prayagraj,"Nagar Nigam, Prayagraj - UPPCB",06-04-2025,25.44919916,81.82735986,NH3,11,18,14
India,Uttar Pradesh,Prayagraj,"Nagar Nigam, Prayagraj - UPPCB",06-04-2025,25.44919916,81.82735986,SO2,34,68,52
India,Uttar Pradesh,Prayagraj,"Nagar Nigam, Prayagraj - UPPCB",06-04-2025,25.44919916,81.82735986,CO,6,48,28
India,Uttar Pradesh,Prayagraj,"Nagar Nigam, Prayagraj - UPPCB",06-04-2025,25.44919916,81.82735986,OZONE,11,17,12
India,Uttar Pradesh,Noida,"Sector-116, Noida - UPPCB",06-04-2025,28.56923,77.393848,SO2,28,59,41
India,Uttar Pradesh,Prayagraj,"Jhunsi, Prayagraj - UPPCB",06-04-2025,25.425602,81.917152,PM10,76,215,128
India,Uttar Pradesh,Prayagraj,"Jhunsi, Prayagraj - UPPCB",06-04-2025,25.425602,81.917152,NO2,6,6,6
India,Uttar Pradesh,Muzaffarnagar,"New Mandi, Muzaffarnagar - UPPCB",06-04-2025,29.4723508,77.7194031,PM2.5,27,131,73
India,Uttar Pradesh,Noida,"Sector - 125, Noida - UPPCB",06-04-2025,28.5447608,77.3231257,PM10,73,217,134
India,Uttar Pradesh,Meerut,"Jai Bhim Nagar, Meerut - UPPCB",06-04-2025,28.9535882,77.7622941,SO2,2,7,4
India,Uttar Pradesh,Meerut,"Jai Bhim Nagar, Meerut - UPPCB",06-04-2025,28.9535882,77.7622941,OZONE,18,104,37
India,Uttar Pradesh,Moradabad,"Kashiram Nagar, Moradabad - UPPCB",06-04-2025,28.849399,78.742362,PM2.5,14,86,42
India,Uttar Pradesh,Meerut,"Jai Bhim Nagar, Meerut - UPPCB",06-04-2025,28.9535882,77.7622941,PM10,70,170,109
India,Uttar Pradesh,Vrindavan,"Omex Eternity, Vrindavan - UPPCB",06-04-2025,27.571409,77.655757,SO2,29,34,31
India,Uttar Pradesh,Moradabad,"Employment Office, Moradabad - UPPCB",06-04-2025,28.88528,78.7388,NO2,12,16,16
India,West Bengal,Haldia,"Priyambada Housing Estate, Haldia - WBPCB",06-04-2025,22.06047,88.109737,PM2.5,21,54,37
India,West Bengal,Haldia,"Priyambada Housing Estate, Haldia - WBPCB",06-04-2025,22.06047,88.109737,NO2,10,34,16
India,West Bengal,Haldia,"Priyambada Housing Estate, Haldia - WBPCB",06-04-2025,22.06047,88.109737,OZONE,21,27,24
India,West Bengal,Howrah,"Belur Math, Howrah - WBPCB",06-04-2025,22.629801,88.352017,PM2.5,32,81,53
India,West Bengal,Howrah,"Belur Math, Howrah - WBPCB",06-04-2025,22.629801,88.352017,PM10,52,136,93
India,West Bengal,Howrah,"Belur Math, Howrah - WBPCB",06-04-2025,22.629801,88.352017,OZONE,18,93,23
India,West Bengal,Howrah,"Botanical Garden, Howrah - WBPCB",06-04-2025,22.554954,88.292568,PM2.5,40,85,60
India,West Bengal,Howrah,"Botanical Garden, Howrah - WBPCB",06-04-2025,22.554954,88.292568,OZONE,11,86,18
India,West Bengal,Asansol,"Trivenidevi Bhalotia College, Asansol - WBPCB",06-04-2025,23.616515,87.119133,NO2,8,98,25
India,West Bengal,Asansol,"Trivenidevi Bhalotia College, Asansol - WBPCB",06-04-2025,23.616515,87.119133,NH3,2,4,3
India,West Bengal,Asansol,"Trivenidevi Bhalotia College, Asansol - WBPCB",06-04-2025,23.616515,87.119133,SO2,12,73,22
India,West Bengal,Asansol,"Trivenidevi Bhalotia College, Asansol - WBPCB",06-04-2025,23.616515,87.119133,OZONE,15,90,30
India,West Bengal,Barrackpore,"SVSPA Campus, Barrackpore - WBPCB",06-04-2025,22.7605581,88.3617589,OZONE,15,88,19
India,West Bengal,Howrah,"Ghusuri, Howrah - WBPCB",06-04-2025,22.611968,88.347422,SO2,8,12,10
India,West Bengal,Howrah,"Ghusuri, Howrah - WBPCB",06-04-2025,22.611968,88.347422,OZONE,8,13,9
India,West Bengal,Howrah,"Padmapukur, Howrah - WBPCB",06-04-2025,22.5687319,88.2797276,PM10,66,101,79
India,West Bengal,Howrah,"Padmapukur, Howrah - WBPCB",06-04-2025,22.5687319,88.2797276,NO2,9,26,17
India,West Bengal,Howrah,"Padmapukur, Howrah - WBPCB",06-04-2025,22.5687319,88.2797276,SO2,13,87,36
India,West Bengal,Durgapur,"Mahishkapur Road_B-Zone, Durgapur - WBPCB",06-04-2025,23.567923,87.306843,CO,20,74,52
India,West Bengal,Durgapur,"Mahishkapur Road_B-Zone, Durgapur - WBPCB",06-04-2025,23.567923,87.306843,OZONE,13,86,21
India,West Bengal,Durgapur,"PCBL Residential Complex, Durgapur - WBPCB",06-04-2025,23.508764,87.35444,PM2.5,25,152,73
India,West Bengal,Durgapur,"PCBL Residential Complex, Durgapur - WBPCB",06-04-2025,23.508764,87.35444,SO2,5,101,28
India,West Bengal,Kolkata,"Bidhannagar, Kolkata - WBPCB",06-04-2025,22.58157048,88.41002457,PM2.5,34,69,48
India,West Bengal,Kolkata,"Jadavpur, Kolkata - WBPCB",06-04-2025,22.49929,88.36917,PM2.5,72,123,90
India,West Bengal,Kolkata,"Rabindra Bharati University, Kolkata - WBPCB",06-04-2025,22.627847,88.380669,PM10,47,101,70
India,Uttarakhand,Rishikesh,"Shivaji Nagar, Rishikesh - UKPCB",06-04-2025,30.075911,78.2859547,SO2,3,5,4
India,West Bengal,Asansol,"Asansol Court Area, Asansol - WBPCB",06-04-2025,23.685297,86.945968,SO2,12,46,23
India,West Bengal,Howrah,"Dasnagar, Howrah - WBPCB",06-04-2025,22.6025571,88.3105664,NH3,2,4,2
India,West Bengal,Howrah,"Ghusuri, Howrah - WBPCB",06-04-2025,22.611968,88.347422,PM2.5,49,200,94
India,Uttarakhand,Dehradun,"Doon University, Dehradun - UKPCB",06-04-2025,30.269444,78.044167,CO,12,26,19
India,Uttarakhand,Dehradun,"Doon University, Dehradun - UKPCB",06-04-2025,30.269444,78.044167,OZONE,52,149,63
India,Uttar Pradesh,Vrindavan,"Omex Eternity, Vrindavan - UPPCB",06-04-2025,27.571409,77.655757,OZONE,9,12,12
India,West Bengal,Kolkata,"Rabindra Sarobar, Kolkata - WBPCB",06-04-2025,22.51106,88.35142,NO2,34,116,57
India,West Bengal,Kolkata,"Rabindra Sarobar, Kolkata - WBPCB",06-04-2025,22.51106,88.35142,OZONE,21,165,24
India,West Bengal,Kolkata,"Victoria, Kolkata - WBPCB",06-04-2025,22.5448082,88.3403691,CO,16,80,21
